2026-03-21T01:28:15.384Z OK: min DP%-PnL%=0.47% (SOL_2026_03_11_23_27_17), 51 positions
2026-03-21T01:30:15.608Z OK: min DP%-PnL%=0.47% (SOL_2026_03_11_23_27_17), 51 positions
2026-03-21T01:32:14.697Z OK: min DP%-PnL%=0.47% (SOL_2026_03_11_23_27_17), 51 positions
2026-03-21T01:34:15.745Z OK: min DP%-PnL%=0.47% (SOL_2026_03_11_23_27_17), 51 positions
2026-03-21T01:36:15.856Z OK: min DP%-PnL%=0.47% (SOL_2026_03_11_23_27_17), 51 positions
2026-03-21T01:38:14.742Z OK: min DP%-PnL%=0.47% (SOL_2026_03_11_23_27_17), 51 positions
2026-03-21T01:40:15.170Z OK: min DP%-PnL%=0.47% (SOL_2026_03_11_23_27_17), 51 positions
2026-03-21T01:42:15.690Z OK: min DP%-PnL%=0.47% (SOL_2026_03_11_23_27_17), 51 positions
2026-03-21T01:44:14.986Z OK: min DP%-PnL%=0.47% (SOL_2026_03_11_23_27_17), 51 positions
2026-03-21T01:46:15.612Z OK: min DP%-PnL%=0.47% (SOL_2026_03_11_23_27_17), 51 positions
2026-03-21T01:48:15.934Z OK: min DP%-PnL%=0.47% (SOL_2026_03_11_23_27_17), 51 positions
2026-03-21T01:50:15.334Z OK: min DP%-PnL%=0.50% (SOL_2026_03_11_23_27_17), 51 positions
2026-03-21T01:52:15.757Z OK: min DP%-PnL%=0.50% (SOL_2026_03_11_23_27_17), 51 positions
2026-03-21T01:54:14.848Z OK: min DP%-PnL%=0.50% (SOL_2026_03_11_23_27_17), 51 positions
2026-03-21T01:56:15.785Z OK: min DP%-PnL%=0.50% (SOL_2026_03_11_23_27_17), 51 positions
2026-03-21T01:58:16.516Z OK: min DP%-PnL%=0.50% (SOL_2026_03_11_23_27_17), 51 positions
2026-03-21T02:00:15.210Z OK: min DP%-PnL%=0.50% (SOL_2026_03_11_23_27_17), 51 positions
2026-03-21T02:02:15.728Z OK: min DP%-PnL%=0.50% (SOL_2026_03_11_23_27_17), 51 positions
2026-03-21T02:04:15.234Z OK: min DP%-PnL%=0.50% (SOL_2026_03_11_23_27_17), 51 positions
2026-03-21T02:06:15.960Z OK: min DP%-PnL%=0.50% (SOL_2026_03_11_23_27_17), 51 positions
2026-03-21T02:08:15.197Z OK: min DP%-PnL%=0.50% (SOL_2026_03_11_23_27_17), 51 positions
2026-03-21T02:10:14.863Z OK: min DP%-PnL%=0.50% (SOL_2026_03_11_23_27_17), 51 positions
2026-03-21T02:12:15.801Z OK: min DP%-PnL%=0.51% (XRP_2026_03_01_13_45_50), 51 positions
2026-03-21T02:14:14.887Z OK: min DP%-PnL%=0.51% (XRP_2026_03_01_13_45_50), 51 positions
2026-03-21T02:16:15.312Z OK: min DP%-PnL%=0.51% (XRP_2026_03_01_13_45_50), 51 positions
2026-03-21T02:18:15.526Z OK: min DP%-PnL%=0.51% (XRP_2026_03_01_13_45_50), 51 positions
2026-03-21T02:20:15.337Z OK: min DP%-PnL%=0.51% (XRP_2026_03_01_13_45_50), 51 positions
2026-03-21T02:22:15.251Z OK: min DP%-PnL%=0.51% (XRP_2026_03_01_13_45_50), 51 positions
2026-03-21T02:24:15.770Z OK: min DP%-PnL%=0.51% (XRP_2026_03_01_13_45_50), 51 positions
2026-03-21T02:26:15.687Z OK: min DP%-PnL%=0.51% (XRP_2026_03_01_13_45_50), 51 positions
2026-03-21T02:28:15.200Z OK: min DP%-PnL%=0.51% (XRP_2026_03_01_13_45_50), 51 positions
2026-03-21T02:30:15.815Z OK: min DP%-PnL%=0.51% (XRP_2026_03_01_13_45_50), 51 positions
2026-03-21T02:32:15.887Z OK: min DP%-PnL%=0.51% (XRP_2026_03_01_13_45_50), 51 positions
2026-03-21T02:34:15.432Z OK: min DP%-PnL%=0.51% (XRP_2026_03_01_13_45_50), 51 positions
2026-03-21T02:36:14.424Z OK: min DP%-PnL%=0.51% (XRP_2026_03_01_13_45_50), 51 positions
2026-03-21T02:38:15.873Z OK: min DP%-PnL%=0.51% (XRP_2026_03_01_13_45_50), 51 positions
2026-03-21T02:40:14.662Z OK: min DP%-PnL%=0.51% (XRP_2026_03_01_13_45_50), 51 positions
2026-03-21T02:42:15.807Z OK: min DP%-PnL%=0.51% (XRP_2026_03_01_13_45_50), 51 positions
2026-03-21T02:44:14.584Z OK: min DP%-PnL%=0.51% (XRP_2026_03_01_13_45_50), 51 positions
2026-03-21T02:46:15.724Z OK: min DP%-PnL%=0.51% (XRP_2026_03_01_13_45_50), 51 positions
2026-03-21T02:48:15.021Z OK: min DP%-PnL%=0.51% (XRP_2026_03_01_13_45_50), 51 positions
2026-03-21T02:50:15.855Z OK: min DP%-PnL%=0.51% (XRP_2026_03_01_13_45_50), 51 positions
2026-03-21T02:52:15.660Z OK: min DP%-PnL%=0.51% (XRP_2026_03_01_13_45_50), 51 positions
2026-03-21T02:54:15.370Z OK: min DP%-PnL%=0.51% (XRP_2026_03_01_13_45_50), 51 positions
2026-03-21T02:56:15.280Z OK: min DP%-PnL%=0.51% (XRP_2026_03_01_13_45_50), 51 positions
2026-03-21T02:58:15.200Z OK: min DP%-PnL%=0.51% (XRP_2026_03_01_13_45_50), 51 positions
2026-03-21T03:00:15.844Z OK: min DP%-PnL%=0.51% (XRP_2026_03_01_13_45_50), 51 positions
2026-03-21T03:02:15.969Z OK: min DP%-PnL%=0.51% (XRP_2026_03_01_13_45_50), 51 positions
2026-03-21T03:04:15.745Z OK: min DP%-PnL%=0.51% (XRP_2026_03_01_13_45_50), 51 positions
2026-03-21T03:06:14.945Z OK: min DP%-PnL%=0.51% (XRP_2026_03_01_13_45_50), 51 positions
2026-03-21T03:08:16.289Z OK: min DP%-PnL%=0.51% (XRP_2026_03_01_13_45_50), 51 positions
2026-03-21T03:10:15.789Z OK: min DP%-PnL%=0.51% (XRP_2026_03_01_13_45_50), 51 positions
2026-03-21T03:12:15.082Z OK: min DP%-PnL%=0.51% (XRP_2026_03_01_13_45_50), 51 positions
2026-03-21T03:14:15.816Z OK: min DP%-PnL%=0.51% (XRP_2026_03_01_13_45_50), 51 positions
2026-03-21T03:16:15.627Z OK: min DP%-PnL%=0.51% (XRP_2026_03_01_13_45_50), 51 positions
2026-03-21T03:18:15.333Z OK: min DP%-PnL%=0.51% (XRP_2026_03_01_13_45_50), 51 positions
2026-03-21T03:20:15.532Z OK: min DP%-PnL%=0.51% (XRP_2026_03_01_13_45_50), 51 positions
2026-03-21T03:22:15.861Z OK: min DP%-PnL%=0.51% (XRP_2026_03_01_13_45_50), 51 positions
2026-03-21T03:24:14.774Z OK: min DP%-PnL%=0.51% (XRP_2026_03_01_13_45_50), 51 positions
2026-03-21T03:26:15.713Z OK: min DP%-PnL%=0.51% (XRP_2026_03_01_13_45_50), 51 positions
2026-03-21T03:28:16.043Z OK: min DP%-PnL%=0.51% (XRP_2026_03_01_13_45_50), 51 positions
2026-03-21T03:30:15.137Z OK: min DP%-PnL%=0.51% (XRP_2026_03_01_13_45_50), 51 positions
2026-03-21T03:32:14.845Z OK: min DP%-PnL%=0.51% (XRP_2026_03_01_13_45_50), 51 positions
2026-03-21T03:34:15.067Z OK: min DP%-PnL%=0.51% (XRP_2026_03_01_13_45_50), 51 positions
2026-03-21T03:36:15.495Z OK: min DP%-PnL%=0.51% (XRP_2026_03_01_13_45_50), 51 positions
2026-03-21T03:38:15.612Z OK: min DP%-PnL%=0.51% (XRP_2026_03_01_13_45_50), 51 positions
2026-03-21T03:40:15.827Z OK: min DP%-PnL%=0.51% (XRP_2026_03_01_13_45_50), 51 positions
2026-03-21T03:42:15.335Z OK: min DP%-PnL%=0.51% (XRP_2026_03_01_13_45_50), 51 positions
2026-03-21T03:44:15.550Z OK: min DP%-PnL%=0.51% (XRP_2026_03_01_13_45_50), 51 positions
2026-03-21T03:46:15.364Z OK: min DP%-PnL%=0.51% (XRP_2026_03_01_13_45_50), 51 positions
2026-03-21T03:48:16.204Z OK: min DP%-PnL%=0.51% (XRP_2026_03_01_13_45_50), 51 positions
2026-03-21T03:50:15.908Z OK: min DP%-PnL%=0.51% (XRP_2026_03_01_13_45_50), 51 positions
2026-03-21T03:52:15.108Z OK: min DP%-PnL%=0.51% (XRP_2026_03_01_13_45_50), 51 positions
2026-03-21T03:54:15.426Z OK: min DP%-PnL%=0.51% (XRP_2026_03_01_13_45_50), 51 positions
2026-03-21T03:56:16.267Z OK: min DP%-PnL%=0.51% (XRP_2026_03_01_13_45_50), 51 positions
2026-03-21T03:58:15.346Z OK: min DP%-PnL%=0.51% (XRP_2026_03_01_13_45_50), 51 positions
2026-03-21T04:00:15.772Z OK: min DP%-PnL%=0.51% (XRP_2026_03_01_13_45_50), 51 positions
2026-03-21T04:02:16.091Z OK: min DP%-PnL%=0.51% (XRP_2026_03_01_13_45_50), 51 positions
2026-03-21T04:04:15.190Z OK: min DP%-PnL%=0.51% (XRP_2026_03_01_13_45_50), 51 positions
2026-03-21T04:06:16.014Z OK: min DP%-PnL%=0.51% (XRP_2026_03_01_13_45_50), 51 positions
2026-03-21T04:08:14.907Z OK: min DP%-PnL%=0.51% (XRP_2026_03_01_13_45_50), 51 positions
2026-03-21T04:10:15.736Z OK: min DP%-PnL%=0.51% (XRP_2026_03_01_13_45_50), 51 positions
2026-03-21T04:12:16.274Z OK: min DP%-PnL%=0.51% (XRP_2026_03_01_13_45_50), 51 positions
2026-03-21T04:14:14.948Z OK: min DP%-PnL%=0.51% (XRP_2026_03_01_13_45_50), 51 positions
2026-03-21T04:16:15.681Z OK: min DP%-PnL%=0.51% (XRP_2026_03_01_13_45_50), 51 positions
2026-03-21T04:18:16.313Z OK: min DP%-PnL%=0.51% (XRP_2026_03_01_13_45_50), 51 positions
2026-03-21T04:20:15.707Z OK: min DP%-PnL%=0.51% (XRP_2026_03_01_13_45_50), 51 positions
2026-03-21T04:22:15.618Z OK: min DP%-PnL%=0.51% (XRP_2026_03_01_13_45_50), 51 positions
2026-03-21T04:24:15.433Z OK: min DP%-PnL%=0.51% (XRP_2026_03_01_13_45_50), 51 positions
2026-03-21T04:26:16.058Z OK: min DP%-PnL%=0.51% (XRP_2026_03_01_13_45_50), 51 positions
2026-03-21T04:28:14.331Z OK: min DP%-PnL%=0.51% (XRP_2026_03_01_13_45_50), 51 positions
2026-03-21T04:30:15.687Z OK: min DP%-PnL%=0.51% (XRP_2026_03_01_13_45_50), 51 positions
2026-03-21T04:32:15.703Z OK: min DP%-PnL%=0.51% (XRP_2026_03_01_13_45_50), 51 positions
2026-03-21T04:34:15.413Z OK: min DP%-PnL%=0.51% (XRP_2026_03_01_13_45_50), 51 positions
2026-03-21T04:36:15.633Z OK: min DP%-PnL%=0.51% (XRP_2026_03_01_13_45_50), 51 positions
2026-03-21T04:38:15.856Z OK: min DP%-PnL%=0.51% (XRP_2026_03_01_13_45_50), 51 positions
2026-03-21T04:40:15.985Z OK: min DP%-PnL%=0.51% (XRP_2026_03_01_13_45_50), 51 positions
2026-03-21T04:42:14.867Z OK: min DP%-PnL%=0.52% (SOL_2026_03_11_23_27_17), 51 positions
2026-03-21T04:44:15.497Z OK: min DP%-PnL%=0.52% (SOL_2026_03_11_23_27_17), 51 positions
2026-03-21T04:46:14.691Z OK: min DP%-PnL%=0.52% (SOL_2026_03_11_23_27_17), 51 positions
2026-03-21T04:48:15.017Z OK: min DP%-PnL%=0.52% (SOL_2026_03_11_23_27_17), 51 positions
2026-03-21T04:50:15.343Z OK: min DP%-PnL%=0.52% (SOL_2026_03_11_23_27_17), 51 positions
2026-03-21T04:52:15.044Z OK: min DP%-PnL%=0.52% (SOL_2026_03_11_23_27_17), 51 positions
2026-03-21T04:54:15.471Z OK: min DP%-PnL%=0.52% (SOL_2026_03_11_23_27_17), 51 positions
2026-03-21T04:56:15.182Z OK: min DP%-PnL%=0.52% (SOL_2026_03_11_23_27_17), 51 positions
2026-03-21T04:58:15.912Z OK: min DP%-PnL%=0.52% (SOL_2026_03_11_23_27_17), 51 positions
2026-03-21T05:00:15.933Z OK: min DP%-PnL%=0.52% (SOL_2026_03_11_23_27_17), 51 positions
2026-03-21T05:02:15.530Z OK: min DP%-PnL%=0.52% (SOL_2026_03_11_23_27_17), 51 positions
2026-03-21T05:04:15.644Z OK: min DP%-PnL%=0.52% (SOL_2026_03_11_23_27_17), 51 positions
2026-03-21T05:06:15.362Z OK: min DP%-PnL%=0.52% (SOL_2026_03_11_23_27_17), 51 positions
2026-03-21T05:08:15.158Z OK: min DP%-PnL%=0.52% (SOL_2026_03_11_23_27_17), 51 positions
2026-03-21T05:10:14.556Z OK: min DP%-PnL%=0.52% (SOL_2026_03_11_23_27_17), 51 positions
2026-03-21T05:12:15.490Z OK: min DP%-PnL%=0.52% (SOL_2026_03_11_23_27_17), 51 positions
2026-03-21T05:14:15.105Z OK: min DP%-PnL%=0.52% (SOL_2026_03_11_23_27_17), 51 positions
2026-03-21T05:16:15.927Z OK: min DP%-PnL%=0.52% (SOL_2026_03_11_23_27_17), 51 positions
2026-03-21T05:18:15.737Z OK: min DP%-PnL%=0.50% (SOL_2026_03_11_23_27_17), 51 positions
2026-03-21T05:20:15.650Z OK: min DP%-PnL%=0.50% (SOL_2026_03_11_23_27_17), 51 positions
2026-03-21T05:22:16.279Z OK: min DP%-PnL%=0.50% (SOL_2026_03_11_23_27_17), 51 positions
2026-03-21T05:24:15.476Z OK: min DP%-PnL%=0.50% (SOL_2026_03_11_23_27_17), 51 positions
2026-03-21T05:26:14.864Z OK: min DP%-PnL%=0.50% (SOL_2026_03_11_23_27_17), 51 positions
2026-03-21T05:28:15.193Z OK: min DP%-PnL%=0.50% (SOL_2026_03_11_23_27_17), 51 positions
2026-03-21T05:30:15.823Z OK: min DP%-PnL%=0.50% (SOL_2026_03_11_23_27_17), 51 positions
2026-03-21T05:32:15.026Z OK: min DP%-PnL%=0.50% (SOL_2026_03_11_23_27_17), 51 positions
2026-03-21T05:34:15.954Z OK: min DP%-PnL%=0.50% (SOL_2026_03_11_23_27_17), 51 positions
2026-03-21T05:36:15.556Z OK: min DP%-PnL%=0.50% (SOL_2026_03_11_23_27_17), 51 positions
2026-03-21T05:38:14.862Z OK: min DP%-PnL%=0.50% (SOL_2026_03_11_23_27_17), 51 positions
2026-03-21T05:40:15.191Z OK: min DP%-PnL%=0.50% (SOL_2026_03_11_23_27_17), 51 positions
2026-03-21T05:42:14.905Z OK: min DP%-PnL%=0.50% (SOL_2026_03_11_23_27_17), 51 positions
2026-03-21T05:44:14.920Z OK: min DP%-PnL%=0.50% (SOL_2026_03_11_23_27_17), 51 positions
2026-03-21T05:46:15.450Z OK: min DP%-PnL%=0.50% (SOL_2026_03_11_23_27_17), 51 positions
2026-03-21T05:48:15.570Z OK: min DP%-PnL%=0.48% (SOL_2026_03_11_23_27_17), 51 positions
2026-03-21T05:50:15.788Z OK: min DP%-PnL%=0.48% (SOL_2026_03_11_23_27_17), 51 positions
2026-03-21T05:52:15.862Z OK: min DP%-PnL%=0.48% (SOL_2026_03_11_23_27_17), 51 positions
2026-03-21T05:54:14.701Z OK: min DP%-PnL%=0.48% (SOL_2026_03_11_23_27_17), 51 positions
2026-03-21T05:56:15.457Z OK: min DP%-PnL%=0.48% (SOL_2026_03_11_23_27_17), 51 positions
2026-03-21T05:58:14.935Z OK: min DP%-PnL%=0.48% (SOL_2026_03_11_23_27_17), 51 positions
2026-03-21T06:00:15.262Z OK: min DP%-PnL%=0.48% (SOL_2026_03_11_23_27_17), 51 positions
2026-03-21T06:02:14.456Z OK: min DP%-PnL%=0.48% (SOL_2026_03_11_23_27_17), 51 positions
2026-03-21T06:04:15.393Z OK: min DP%-PnL%=0.48% (SOL_2026_03_11_23_27_17), 51 positions
2026-03-21T06:06:14.496Z OK: min DP%-PnL%=0.48% (SOL_2026_03_11_23_27_17), 51 positions
2026-03-21T06:08:15.224Z OK: min DP%-PnL%=0.48% (SOL_2026_03_11_23_27_17), 51 positions
2026-03-21T06:10:15.339Z OK: min DP%-PnL%=0.48% (SOL_2026_03_11_23_27_17), 51 positions
2026-03-21T06:12:15.453Z OK: min DP%-PnL%=0.48% (SOL_2026_03_11_23_27_17), 51 positions
2026-03-21T06:14:15.694Z OK: min DP%-PnL%=0.48% (SOL_2026_03_11_23_27_17), 51 positions
2026-03-21T06:16:16.293Z OK: min DP%-PnL%=0.48% (SOL_2026_03_11_23_27_17), 51 positions
2026-03-21T06:18:15.178Z OK: min DP%-PnL%=0.48% (SOL_2026_03_11_23_27_17), 51 positions
2026-03-21T06:20:15.707Z OK: min DP%-PnL%=0.48% (SOL_2026_03_11_23_27_17), 51 positions
2026-03-21T06:22:14.589Z OK: min DP%-PnL%=0.48% (SOL_2026_03_11_23_27_17), 51 positions
2026-03-21T06:24:16.037Z OK: min DP%-PnL%=0.48% (SOL_2026_03_11_23_27_17), 51 positions
2026-03-21T06:26:15.334Z OK: min DP%-PnL%=0.48% (SOL_2026_03_11_23_27_17), 51 positions
2026-03-21T06:28:14.631Z OK: min DP%-PnL%=0.48% (SOL_2026_03_11_23_27_17), 51 positions
2026-03-21T06:30:16.596Z OK: min DP%-PnL%=0.48% (SOL_2026_03_11_23_27_17), 51 positions
2026-03-21T06:32:15.274Z OK: min DP%-PnL%=0.48% (SOL_2026_03_11_23_27_17), 51 positions
2026-03-21T06:34:16.105Z OK: min DP%-PnL%=0.48% (SOL_2026_03_11_23_27_17), 51 positions
2026-03-21T06:36:15.816Z OK: min DP%-PnL%=0.48% (SOL_2026_03_11_23_27_17), 51 positions
2026-03-21T06:38:15.519Z OK: min DP%-PnL%=0.48% (SOL_2026_03_11_23_27_17), 51 positions
2026-03-21T06:40:15.849Z OK: min DP%-PnL%=0.48% (SOL_2026_03_11_23_27_17), 51 positions
2026-03-21T06:42:16.170Z OK: min DP%-PnL%=0.48% (SOL_2026_03_11_23_27_17), 51 positions
2026-03-21T06:44:15.563Z OK: min DP%-PnL%=0.48% (SOL_2026_03_11_23_27_17), 51 positions
2026-03-21T06:46:15.378Z OK: min DP%-PnL%=0.48% (SOL_2026_03_11_23_27_17), 51 positions
2026-03-21T06:48:14.995Z OK: min DP%-PnL%=0.48% (SOL_2026_03_11_23_27_17), 51 positions
2026-03-21T06:50:15.726Z OK: min DP%-PnL%=0.48% (SOL_2026_03_11_23_27_17), 51 positions
2026-03-21T06:52:15.127Z OK: min DP%-PnL%=0.48% (SOL_2026_03_11_23_27_17), 51 positions
2026-03-21T06:54:15.448Z OK: min DP%-PnL%=0.48% (SOL_2026_03_11_23_27_17), 51 positions
2026-03-21T06:56:15.775Z OK: min DP%-PnL%=0.48% (SOL_2026_03_11_23_27_17), 51 positions
2026-03-21T06:58:14.978Z OK: min DP%-PnL%=0.48% (SOL_2026_03_11_23_27_17), 51 positions
2026-03-21T07:00:15.805Z OK: min DP%-PnL%=0.48% (SOL_2026_03_11_23_27_17), 51 positions
2026-03-21T07:02:15.618Z OK: min DP%-PnL%=0.48% (SOL_2026_03_11_23_27_17), 51 positions
2026-03-21T07:04:16.044Z OK: min DP%-PnL%=0.48% (SOL_2026_03_11_23_27_17), 51 positions
2026-03-21T07:06:15.445Z OK: min DP%-PnL%=0.48% (SOL_2026_03_11_23_27_17), 51 positions
2026-03-21T07:08:15.985Z OK: min DP%-PnL%=0.48% (SOL_2026_03_11_23_27_17), 51 positions
2026-03-21T07:10:15.205Z OK: min DP%-PnL%=0.48% (SOL_2026_03_11_23_27_17), 51 positions
2026-03-21T07:12:14.781Z OK: min DP%-PnL%=0.45% (SOL_2026_03_11_23_27_17), 51 positions
2026-03-21T07:14:16.028Z OK: min DP%-PnL%=0.45% (SOL_2026_03_11_23_27_17), 51 positions
2026-03-21T07:16:15.020Z OK: min DP%-PnL%=0.45% (SOL_2026_03_11_23_27_17), 51 positions
2026-03-21T07:18:14.850Z OK: min DP%-PnL%=0.45% (SOL_2026_03_11_23_27_17), 51 positions
2026-03-21T07:20:15.054Z OK: min DP%-PnL%=0.45% (SOL_2026_03_11_23_27_17), 51 positions
2026-03-21T07:22:16.081Z OK: min DP%-PnL%=0.45% (SOL_2026_03_11_23_27_17), 51 positions
2026-03-21T07:24:14.972Z OK: min DP%-PnL%=0.45% (SOL_2026_03_11_23_27_17), 51 positions
2026-03-21T07:26:15.084Z OK: min DP%-PnL%=0.45% (SOL_2026_03_11_23_27_17), 51 positions
2026-03-21T07:28:15.666Z OK: min DP%-PnL%=0.45% (SOL_2026_03_11_23_27_17), 51 positions
2026-03-21T07:30:15.658Z FILTER NOT APPLIED: owners=lazarevsky,parilov2026,vm2026,DatafundV2,OreshinDM,AntonDM total=1617. Skipping.
2026-03-21T07:32:15.529Z OK: min DP%-PnL%=0.45% (SOL_2026_03_11_23_27_17), 51 positions
2026-03-21T07:34:15.964Z OK: min DP%-PnL%=0.45% (SOL_2026_03_11_23_27_17), 51 positions
2026-03-21T07:36:15.352Z OK: min DP%-PnL%=0.45% (SOL_2026_03_11_23_27_17), 51 positions
2026-03-21T07:38:15.675Z OK: min DP%-PnL%=0.45% (SOL_2026_03_11_23_27_17), 51 positions
2026-03-21T07:40:16.098Z OK: min DP%-PnL%=0.45% (SOL_2026_03_11_23_27_17), 51 positions
2026-03-21T07:42:15.192Z OK: min DP%-PnL%=0.45% (SOL_2026_03_11_23_27_17), 51 positions
2026-03-21T07:44:15.933Z OK: min DP%-PnL%=0.45% (SOL_2026_03_11_23_27_17), 51 positions
2026-03-21T07:46:16.244Z OK: min DP%-PnL%=0.45% (SOL_2026_03_11_23_27_17), 51 positions
2026-03-21T07:48:15.547Z OK: min DP%-PnL%=0.45% (SOL_2026_03_11_23_27_17), 51 positions
2026-03-21T07:50:15.978Z OK: min DP%-PnL%=0.47% (SOL_2026_03_11_23_27_17), 51 positions
2026-03-21T07:52:14.969Z OK: min DP%-PnL%=0.47% (SOL_2026_03_11_23_27_17), 51 positions
2026-03-21T07:54:16.402Z OK: min DP%-PnL%=0.47% (SOL_2026_03_11_23_27_17), 51 positions
2026-03-21T07:56:15.594Z OK: min DP%-PnL%=0.47% (SOL_2026_03_11_23_27_17), 51 positions
2026-03-21T07:58:15.084Z OK: min DP%-PnL%=0.47% (SOL_2026_03_11_23_27_17), 51 positions
2026-03-21T08:00:15.609Z OK: min DP%-PnL%=0.47% (SOL_2026_03_11_23_27_17), 51 positions
2026-03-21T08:02:16.334Z OK: min DP%-PnL%=0.47% (SOL_2026_03_11_23_27_17), 51 positions
2026-03-21T08:04:15.021Z OK: min DP%-PnL%=0.47% (SOL_2026_03_11_23_27_17), 51 positions
2026-03-21T08:06:14.721Z OK: min DP%-PnL%=0.47% (SOL_2026_03_11_23_27_17), 51 positions
2026-03-21T08:08:15.759Z OK: min DP%-PnL%=0.47% (SOL_2026_03_11_23_27_17), 51 positions
2026-03-21T08:10:15.667Z OK: min DP%-PnL%=0.47% (SOL_2026_03_11_23_27_17), 51 positions
2026-03-21T08:12:15.274Z OK: min DP%-PnL%=0.47% (SOL_2026_03_11_23_27_17), 51 positions
2026-03-21T08:14:15.286Z OK: min DP%-PnL%=0.47% (SOL_2026_03_11_23_27_17), 51 positions
2026-03-21T08:16:16.216Z OK: min DP%-PnL%=0.47% (SOL_2026_03_11_23_27_17), 51 positions
2026-03-21T08:18:14.595Z OK: min DP%-PnL%=0.47% (SOL_2026_03_11_23_27_17), 51 positions
2026-03-21T08:20:15.323Z OK: min DP%-PnL%=0.47% (SOL_2026_03_11_23_27_17), 51 positions
2026-03-21T08:22:14.511Z OK: min DP%-PnL%=0.47% (SOL_2026_03_11_23_27_17), 51 positions
2026-03-21T08:24:16.062Z OK: min DP%-PnL%=0.47% (SOL_2026_03_11_23_27_17), 51 positions
2026-03-21T08:26:31.348Z ERROR: page.goto: Timeout 30000ms exceeded.
Call log:
  - navigating to "https://inv.ondatamint.com/dashboard/", waiting until "networkidle"

2026-03-21T08:28:31.649Z ERROR: page.goto: Timeout 30000ms exceeded.
Call log:
  - navigating to "https://inv.ondatamint.com/dashboard/", waiting until "networkidle"

2026-03-21T08:30:01.962Z ERROR: page.goto: net::ERR_NAME_NOT_RESOLVED at https://inv.ondatamint.com/dashboard/
Call log:
  - navigating to "https://inv.ondatamint.com/dashboard/", waiting until "networkidle"

2026-03-21T08:32:01.585Z ERROR: page.goto: net::ERR_NAME_NOT_RESOLVED at https://inv.ondatamint.com/dashboard/
Call log:
  - navigating to "https://inv.ondatamint.com/dashboard/", waiting until "networkidle"

2026-03-21T08:34:02.191Z ERROR: page.goto: net::ERR_NAME_NOT_RESOLVED at https://inv.ondatamint.com/dashboard/
Call log:
  - navigating to "https://inv.ondatamint.com/dashboard/", waiting until "networkidle"

2026-03-21T08:36:01.798Z ERROR: page.goto: net::ERR_NAME_NOT_RESOLVED at https://inv.ondatamint.com/dashboard/
Call log:
  - navigating to "https://inv.ondatamint.com/dashboard/", waiting until "networkidle"

2026-03-21T08:38:01.420Z ERROR: page.goto: net::ERR_NAME_NOT_RESOLVED at https://inv.ondatamint.com/dashboard/
Call log:
  - navigating to "https://inv.ondatamint.com/dashboard/", waiting until "networkidle"

2026-03-21T08:40:02.035Z ERROR: page.goto: net::ERR_NAME_NOT_RESOLVED at https://inv.ondatamint.com/dashboard/
Call log:
  - navigating to "https://inv.ondatamint.com/dashboard/", waiting until "networkidle"

2026-03-21T08:42:01.637Z ERROR: page.goto: net::ERR_NAME_NOT_RESOLVED at https://inv.ondatamint.com/dashboard/
Call log:
  - navigating to "https://inv.ondatamint.com/dashboard/", waiting until "networkidle"

2026-03-21T08:44:02.244Z ERROR: page.goto: net::ERR_NAME_NOT_RESOLVED at https://inv.ondatamint.com/dashboard/
Call log:
  - navigating to "https://inv.ondatamint.com/dashboard/", waiting until "networkidle"

2026-03-21T08:46:01.843Z ERROR: page.goto: net::ERR_NAME_NOT_RESOLVED at https://inv.ondatamint.com/dashboard/
Call log:
  - navigating to "https://inv.ondatamint.com/dashboard/", waiting until "networkidle"

2026-03-21T08:48:01.443Z ERROR: page.goto: net::ERR_NAME_NOT_RESOLVED at https://inv.ondatamint.com/dashboard/
Call log:
  - navigating to "https://inv.ondatamint.com/dashboard/", waiting until "networkidle"

2026-03-21T08:50:02.054Z ERROR: page.goto: net::ERR_NAME_NOT_RESOLVED at https://inv.ondatamint.com/dashboard/
Call log:
  - navigating to "https://inv.ondatamint.com/dashboard/", waiting until "networkidle"

2026-03-21T08:52:01.668Z ERROR: page.goto: net::ERR_NAME_NOT_RESOLVED at https://inv.ondatamint.com/dashboard/
Call log:
  - navigating to "https://inv.ondatamint.com/dashboard/", waiting until "networkidle"

2026-03-21T08:54:01.283Z ERROR: page.goto: net::ERR_NAME_NOT_RESOLVED at https://inv.ondatamint.com/dashboard/
Call log:
  - navigating to "https://inv.ondatamint.com/dashboard/", waiting until "networkidle"

2026-03-21T08:56:01.894Z ERROR: page.goto: net::ERR_NAME_NOT_RESOLVED at https://inv.ondatamint.com/dashboard/
Call log:
  - navigating to "https://inv.ondatamint.com/dashboard/", waiting until "networkidle"

2026-03-21T08:58:01.504Z ERROR: page.goto: net::ERR_NAME_NOT_RESOLVED at https://inv.ondatamint.com/dashboard/
Call log:
  - navigating to "https://inv.ondatamint.com/dashboard/", waiting until "networkidle"

2026-03-21T09:00:02.127Z ERROR: page.goto: net::ERR_NAME_NOT_RESOLVED at https://inv.ondatamint.com/dashboard/
Call log:
  - navigating to "https://inv.ondatamint.com/dashboard/", waiting until "networkidle"

2026-03-21T09:02:01.729Z ERROR: page.goto: net::ERR_NAME_NOT_RESOLVED at https://inv.ondatamint.com/dashboard/
Call log:
  - navigating to "https://inv.ondatamint.com/dashboard/", waiting until "networkidle"

2026-03-21T09:04:01.345Z ERROR: page.goto: net::ERR_NAME_NOT_RESOLVED at https://inv.ondatamint.com/dashboard/
Call log:
  - navigating to "https://inv.ondatamint.com/dashboard/", waiting until "networkidle"

2026-03-21T09:06:01.959Z ERROR: page.goto: net::ERR_NAME_NOT_RESOLVED at https://inv.ondatamint.com/dashboard/
Call log:
  - navigating to "https://inv.ondatamint.com/dashboard/", waiting until "networkidle"

2026-03-21T09:08:01.559Z ERROR: page.goto: net::ERR_NAME_NOT_RESOLVED at https://inv.ondatamint.com/dashboard/
Call log:
  - navigating to "https://inv.ondatamint.com/dashboard/", waiting until "networkidle"

2026-03-21T09:10:02.168Z ERROR: page.goto: net::ERR_NAME_NOT_RESOLVED at https://inv.ondatamint.com/dashboard/
Call log:
  - navigating to "https://inv.ondatamint.com/dashboard/", waiting until "networkidle"

2026-03-21T09:12:01.770Z ERROR: page.goto: net::ERR_NAME_NOT_RESOLVED at https://inv.ondatamint.com/dashboard/
Call log:
  - navigating to "https://inv.ondatamint.com/dashboard/", waiting until "networkidle"

2026-03-21T09:14:01.377Z ERROR: page.goto: net::ERR_NAME_NOT_RESOLVED at https://inv.ondatamint.com/dashboard/
Call log:
  - navigating to "https://inv.ondatamint.com/dashboard/", waiting until "networkidle"

2026-03-21T09:16:01.990Z ERROR: page.goto: net::ERR_NAME_NOT_RESOLVED at https://inv.ondatamint.com/dashboard/
Call log:
  - navigating to "https://inv.ondatamint.com/dashboard/", waiting until "networkidle"

2026-03-21T09:18:01.606Z ERROR: page.goto: net::ERR_NAME_NOT_RESOLVED at https://inv.ondatamint.com/dashboard/
Call log:
  - navigating to "https://inv.ondatamint.com/dashboard/", waiting until "networkidle"

2026-03-21T09:20:02.212Z ERROR: page.goto: net::ERR_NAME_NOT_RESOLVED at https://inv.ondatamint.com/dashboard/
Call log:
  - navigating to "https://inv.ondatamint.com/dashboard/", waiting until "networkidle"

2026-03-21T09:22:01.821Z ERROR: page.goto: net::ERR_NAME_NOT_RESOLVED at https://inv.ondatamint.com/dashboard/
Call log:
  - navigating to "https://inv.ondatamint.com/dashboard/", waiting until "networkidle"

2026-03-21T09:24:01.429Z ERROR: page.goto: net::ERR_NAME_NOT_RESOLVED at https://inv.ondatamint.com/dashboard/
Call log:
  - navigating to "https://inv.ondatamint.com/dashboard/", waiting until "networkidle"

2026-03-21T09:26:02.033Z ERROR: page.goto: net::ERR_NAME_NOT_RESOLVED at https://inv.ondatamint.com/dashboard/
Call log:
  - navigating to "https://inv.ondatamint.com/dashboard/", waiting until "networkidle"

2026-03-21T09:28:01.637Z ERROR: page.goto: net::ERR_NAME_NOT_RESOLVED at https://inv.ondatamint.com/dashboard/
Call log:
  - navigating to "https://inv.ondatamint.com/dashboard/", waiting until "networkidle"

2026-03-21T09:30:02.257Z ERROR: page.goto: net::ERR_NAME_NOT_RESOLVED at https://inv.ondatamint.com/dashboard/
Call log:
  - navigating to "https://inv.ondatamint.com/dashboard/", waiting until "networkidle"

2026-03-21T09:32:01.880Z ERROR: page.goto: net::ERR_NAME_NOT_RESOLVED at https://inv.ondatamint.com/dashboard/
Call log:
  - navigating to "https://inv.ondatamint.com/dashboard/", waiting until "networkidle"

2026-03-21T09:34:01.490Z ERROR: page.goto: net::ERR_NAME_NOT_RESOLVED at https://inv.ondatamint.com/dashboard/
Call log:
  - navigating to "https://inv.ondatamint.com/dashboard/", waiting until "networkidle"

2026-03-21T09:36:02.100Z ERROR: page.goto: net::ERR_NAME_NOT_RESOLVED at https://inv.ondatamint.com/dashboard/
Call log:
  - navigating to "https://inv.ondatamint.com/dashboard/", waiting until "networkidle"

2026-03-21T09:38:01.708Z ERROR: page.goto: net::ERR_NAME_NOT_RESOLVED at https://inv.ondatamint.com/dashboard/
Call log:
  - navigating to "https://inv.ondatamint.com/dashboard/", waiting until "networkidle"

2026-03-21T09:40:01.336Z ERROR: page.goto: net::ERR_NAME_NOT_RESOLVED at https://inv.ondatamint.com/dashboard/
Call log:
  - navigating to "https://inv.ondatamint.com/dashboard/", waiting until "networkidle"

2026-03-21T09:42:01.943Z ERROR: page.goto: net::ERR_NAME_NOT_RESOLVED at https://inv.ondatamint.com/dashboard/
Call log:
  - navigating to "https://inv.ondatamint.com/dashboard/", waiting until "networkidle"

2026-03-21T09:44:01.556Z ERROR: page.goto: net::ERR_NAME_NOT_RESOLVED at https://inv.ondatamint.com/dashboard/
Call log:
  - navigating to "https://inv.ondatamint.com/dashboard/", waiting until "networkidle"

2026-03-21T09:46:02.153Z ERROR: page.goto: net::ERR_NAME_NOT_RESOLVED at https://inv.ondatamint.com/dashboard/
Call log:
  - navigating to "https://inv.ondatamint.com/dashboard/", waiting until "networkidle"

2026-03-21T09:48:01.763Z ERROR: page.goto: net::ERR_NAME_NOT_RESOLVED at https://inv.ondatamint.com/dashboard/
Call log:
  - navigating to "https://inv.ondatamint.com/dashboard/", waiting until "networkidle"

2026-03-21T09:50:01.384Z ERROR: page.goto: net::ERR_NAME_NOT_RESOLVED at https://inv.ondatamint.com/dashboard/
Call log:
  - navigating to "https://inv.ondatamint.com/dashboard/", waiting until "networkidle"

2026-03-21T09:52:01.988Z ERROR: page.goto: net::ERR_NAME_NOT_RESOLVED at https://inv.ondatamint.com/dashboard/
Call log:
  - navigating to "https://inv.ondatamint.com/dashboard/", waiting until "networkidle"

2026-03-21T09:54:01.591Z ERROR: page.goto: net::ERR_NAME_NOT_RESOLVED at https://inv.ondatamint.com/dashboard/
Call log:
  - navigating to "https://inv.ondatamint.com/dashboard/", waiting until "networkidle"

2026-03-21T09:56:02.199Z ERROR: page.goto: net::ERR_NAME_NOT_RESOLVED at https://inv.ondatamint.com/dashboard/
Call log:
  - navigating to "https://inv.ondatamint.com/dashboard/", waiting until "networkidle"

2026-03-21T09:58:01.810Z ERROR: page.goto: net::ERR_NAME_NOT_RESOLVED at https://inv.ondatamint.com/dashboard/
Call log:
  - navigating to "https://inv.ondatamint.com/dashboard/", waiting until "networkidle"

2026-03-21T10:00:01.429Z ERROR: page.goto: net::ERR_NAME_NOT_RESOLVED at https://inv.ondatamint.com/dashboard/
Call log:
  - navigating to "https://inv.ondatamint.com/dashboard/", waiting until "networkidle"

2026-03-21T10:02:02.035Z ERROR: page.goto: net::ERR_NAME_NOT_RESOLVED at https://inv.ondatamint.com/dashboard/
Call log:
  - navigating to "https://inv.ondatamint.com/dashboard/", waiting until "networkidle"

2026-03-21T10:04:01.636Z ERROR: page.goto: net::ERR_NAME_NOT_RESOLVED at https://inv.ondatamint.com/dashboard/
Call log:
  - navigating to "https://inv.ondatamint.com/dashboard/", waiting until "networkidle"

2026-03-21T10:06:02.237Z ERROR: page.goto: net::ERR_NAME_NOT_RESOLVED at https://inv.ondatamint.com/dashboard/
Call log:
  - navigating to "https://inv.ondatamint.com/dashboard/", waiting until "networkidle"

2026-03-21T10:08:01.846Z ERROR: page.goto: net::ERR_NAME_NOT_RESOLVED at https://inv.ondatamint.com/dashboard/
Call log:
  - navigating to "https://inv.ondatamint.com/dashboard/", waiting until "networkidle"

2026-03-21T10:10:01.468Z ERROR: page.goto: net::ERR_NAME_NOT_RESOLVED at https://inv.ondatamint.com/dashboard/
Call log:
  - navigating to "https://inv.ondatamint.com/dashboard/", waiting until "networkidle"

2026-03-21T10:12:02.089Z ERROR: page.goto: net::ERR_NAME_NOT_RESOLVED at https://inv.ondatamint.com/dashboard/
Call log:
  - navigating to "https://inv.ondatamint.com/dashboard/", waiting until "networkidle"

2026-03-21T10:14:01.703Z ERROR: page.goto: net::ERR_NAME_NOT_RESOLVED at https://inv.ondatamint.com/dashboard/
Call log:
  - navigating to "https://inv.ondatamint.com/dashboard/", waiting until "networkidle"

2026-03-21T10:16:01.304Z ERROR: page.goto: net::ERR_NAME_NOT_RESOLVED at https://inv.ondatamint.com/dashboard/
Call log:
  - navigating to "https://inv.ondatamint.com/dashboard/", waiting until "networkidle"

2026-03-21T10:18:01.918Z ERROR: page.goto: net::ERR_NAME_NOT_RESOLVED at https://inv.ondatamint.com/dashboard/
Call log:
  - navigating to "https://inv.ondatamint.com/dashboard/", waiting until "networkidle"

2026-03-21T10:20:01.539Z ERROR: page.goto: net::ERR_NAME_NOT_RESOLVED at https://inv.ondatamint.com/dashboard/
Call log:
  - navigating to "https://inv.ondatamint.com/dashboard/", waiting until "networkidle"

2026-03-21T10:22:02.152Z ERROR: page.goto: net::ERR_NAME_NOT_RESOLVED at https://inv.ondatamint.com/dashboard/
Call log:
  - navigating to "https://inv.ondatamint.com/dashboard/", waiting until "networkidle"

2026-03-21T10:24:01.754Z ERROR: page.goto: net::ERR_NAME_NOT_RESOLVED at https://inv.ondatamint.com/dashboard/
Call log:
  - navigating to "https://inv.ondatamint.com/dashboard/", waiting until "networkidle"

2026-03-21T10:26:01.353Z ERROR: page.goto: net::ERR_NAME_NOT_RESOLVED at https://inv.ondatamint.com/dashboard/
Call log:
  - navigating to "https://inv.ondatamint.com/dashboard/", waiting until "networkidle"

2026-03-21T10:28:01.963Z ERROR: page.goto: net::ERR_NAME_NOT_RESOLVED at https://inv.ondatamint.com/dashboard/
Call log:
  - navigating to "https://inv.ondatamint.com/dashboard/", waiting until "networkidle"

2026-03-21T10:30:01.587Z ERROR: page.goto: net::ERR_NAME_NOT_RESOLVED at https://inv.ondatamint.com/dashboard/
Call log:
  - navigating to "https://inv.ondatamint.com/dashboard/", waiting until "networkidle"

2026-03-21T10:32:02.203Z ERROR: page.goto: net::ERR_NAME_NOT_RESOLVED at https://inv.ondatamint.com/dashboard/
Call log:
  - navigating to "https://inv.ondatamint.com/dashboard/", waiting until "networkidle"

2026-03-21T10:34:01.819Z ERROR: page.goto: net::ERR_NAME_NOT_RESOLVED at https://inv.ondatamint.com/dashboard/
Call log:
  - navigating to "https://inv.ondatamint.com/dashboard/", waiting until "networkidle"

2026-03-21T10:36:01.425Z ERROR: page.goto: net::ERR_NAME_NOT_RESOLVED at https://inv.ondatamint.com/dashboard/
Call log:
  - navigating to "https://inv.ondatamint.com/dashboard/", waiting until "networkidle"

2026-03-21T10:38:02.038Z ERROR: page.goto: net::ERR_NAME_NOT_RESOLVED at https://inv.ondatamint.com/dashboard/
Call log:
  - navigating to "https://inv.ondatamint.com/dashboard/", waiting until "networkidle"

2026-03-21T10:40:01.657Z ERROR: page.goto: net::ERR_NAME_NOT_RESOLVED at https://inv.ondatamint.com/dashboard/
Call log:
  - navigating to "https://inv.ondatamint.com/dashboard/", waiting until "networkidle"

2026-03-21T10:42:02.262Z ERROR: page.goto: net::ERR_NAME_NOT_RESOLVED at https://inv.ondatamint.com/dashboard/
Call log:
  - navigating to "https://inv.ondatamint.com/dashboard/", waiting until "networkidle"

2026-03-21T10:44:01.870Z ERROR: page.goto: net::ERR_NAME_NOT_RESOLVED at https://inv.ondatamint.com/dashboard/
Call log:
  - navigating to "https://inv.ondatamint.com/dashboard/", waiting until "networkidle"

2026-03-21T10:46:01.482Z ERROR: page.goto: net::ERR_NAME_NOT_RESOLVED at https://inv.ondatamint.com/dashboard/
Call log:
  - navigating to "https://inv.ondatamint.com/dashboard/", waiting until "networkidle"

2026-03-21T10:48:02.087Z ERROR: page.goto: net::ERR_NAME_NOT_RESOLVED at https://inv.ondatamint.com/dashboard/
Call log:
  - navigating to "https://inv.ondatamint.com/dashboard/", waiting until "networkidle"

2026-03-21T10:50:01.716Z ERROR: page.goto: net::ERR_NAME_NOT_RESOLVED at https://inv.ondatamint.com/dashboard/
Call log:
  - navigating to "https://inv.ondatamint.com/dashboard/", waiting until "networkidle"

2026-03-21T10:52:01.328Z ERROR: page.goto: net::ERR_NAME_NOT_RESOLVED at https://inv.ondatamint.com/dashboard/
Call log:
  - navigating to "https://inv.ondatamint.com/dashboard/", waiting until "networkidle"

2026-03-21T10:54:01.937Z ERROR: page.goto: net::ERR_NAME_NOT_RESOLVED at https://inv.ondatamint.com/dashboard/
Call log:
  - navigating to "https://inv.ondatamint.com/dashboard/", waiting until "networkidle"

2026-03-21T10:56:01.556Z ERROR: page.goto: net::ERR_NAME_NOT_RESOLVED at https://inv.ondatamint.com/dashboard/
Call log:
  - navigating to "https://inv.ondatamint.com/dashboard/", waiting until "networkidle"

2026-03-21T10:58:02.167Z ERROR: page.goto: net::ERR_NAME_NOT_RESOLVED at https://inv.ondatamint.com/dashboard/
Call log:
  - navigating to "https://inv.ondatamint.com/dashboard/", waiting until "networkidle"

2026-03-21T11:00:01.770Z ERROR: page.goto: net::ERR_NAME_NOT_RESOLVED at https://inv.ondatamint.com/dashboard/
Call log:
  - navigating to "https://inv.ondatamint.com/dashboard/", waiting until "networkidle"

2026-03-21T11:02:01.382Z ERROR: page.goto: net::ERR_NAME_NOT_RESOLVED at https://inv.ondatamint.com/dashboard/
Call log:
  - navigating to "https://inv.ondatamint.com/dashboard/", waiting until "networkidle"

2026-03-21T11:04:01.990Z ERROR: page.goto: net::ERR_NAME_NOT_RESOLVED at https://inv.ondatamint.com/dashboard/
Call log:
  - navigating to "https://inv.ondatamint.com/dashboard/", waiting until "networkidle"

2026-03-21T11:06:01.592Z ERROR: page.goto: net::ERR_NAME_NOT_RESOLVED at https://inv.ondatamint.com/dashboard/
Call log:
  - navigating to "https://inv.ondatamint.com/dashboard/", waiting until "networkidle"

2026-03-21T11:08:02.196Z ERROR: page.goto: net::ERR_NAME_NOT_RESOLVED at https://inv.ondatamint.com/dashboard/
Call log:
  - navigating to "https://inv.ondatamint.com/dashboard/", waiting until "networkidle"

2026-03-21T11:10:01.834Z ERROR: page.goto: net::ERR_NAME_NOT_RESOLVED at https://inv.ondatamint.com/dashboard/
Call log:
  - navigating to "https://inv.ondatamint.com/dashboard/", waiting until "networkidle"

2026-03-21T11:12:01.457Z ERROR: page.goto: net::ERR_NAME_NOT_RESOLVED at https://inv.ondatamint.com/dashboard/
Call log:
  - navigating to "https://inv.ondatamint.com/dashboard/", waiting until "networkidle"

2026-03-21T11:14:02.051Z ERROR: page.goto: net::ERR_NAME_NOT_RESOLVED at https://inv.ondatamint.com/dashboard/
Call log:
  - navigating to "https://inv.ondatamint.com/dashboard/", waiting until "networkidle"

2026-03-21T11:16:01.658Z ERROR: page.goto: net::ERR_NAME_NOT_RESOLVED at https://inv.ondatamint.com/dashboard/
Call log:
  - navigating to "https://inv.ondatamint.com/dashboard/", waiting until "networkidle"

2026-03-21T11:18:02.265Z ERROR: page.goto: net::ERR_NAME_NOT_RESOLVED at https://inv.ondatamint.com/dashboard/
Call log:
  - navigating to "https://inv.ondatamint.com/dashboard/", waiting until "networkidle"

2026-03-21T11:20:01.888Z ERROR: page.goto: net::ERR_NAME_NOT_RESOLVED at https://inv.ondatamint.com/dashboard/
Call log:
  - navigating to "https://inv.ondatamint.com/dashboard/", waiting until "networkidle"

2026-03-21T11:22:01.496Z ERROR: page.goto: net::ERR_NAME_NOT_RESOLVED at https://inv.ondatamint.com/dashboard/
Call log:
  - navigating to "https://inv.ondatamint.com/dashboard/", waiting until "networkidle"

2026-03-21T11:24:02.101Z ERROR: page.goto: net::ERR_NAME_NOT_RESOLVED at https://inv.ondatamint.com/dashboard/
Call log:
  - navigating to "https://inv.ondatamint.com/dashboard/", waiting until "networkidle"

2026-03-21T11:26:01.715Z ERROR: page.goto: net::ERR_NAME_NOT_RESOLVED at https://inv.ondatamint.com/dashboard/
Call log:
  - navigating to "https://inv.ondatamint.com/dashboard/", waiting until "networkidle"

2026-03-21T11:28:01.329Z ERROR: page.goto: net::ERR_NAME_NOT_RESOLVED at https://inv.ondatamint.com/dashboard/
Call log:
  - navigating to "https://inv.ondatamint.com/dashboard/", waiting until "networkidle"

2026-03-21T11:30:01.939Z ERROR: page.goto: net::ERR_NAME_NOT_RESOLVED at https://inv.ondatamint.com/dashboard/
Call log:
  - navigating to "https://inv.ondatamint.com/dashboard/", waiting until "networkidle"

2026-03-21T11:32:01.553Z ERROR: page.goto: net::ERR_NAME_NOT_RESOLVED at https://inv.ondatamint.com/dashboard/
Call log:
  - navigating to "https://inv.ondatamint.com/dashboard/", waiting until "networkidle"

2026-03-21T11:34:02.156Z ERROR: page.goto: net::ERR_NAME_NOT_RESOLVED at https://inv.ondatamint.com/dashboard/
Call log:
  - navigating to "https://inv.ondatamint.com/dashboard/", waiting until "networkidle"

2026-03-21T11:36:01.757Z ERROR: page.goto: net::ERR_NAME_NOT_RESOLVED at https://inv.ondatamint.com/dashboard/
Call log:
  - navigating to "https://inv.ondatamint.com/dashboard/", waiting until "networkidle"

2026-03-21T11:38:01.371Z ERROR: page.goto: net::ERR_NAME_NOT_RESOLVED at https://inv.ondatamint.com/dashboard/
Call log:
  - navigating to "https://inv.ondatamint.com/dashboard/", waiting until "networkidle"

2026-03-21T11:40:01.999Z ERROR: page.goto: net::ERR_NAME_NOT_RESOLVED at https://inv.ondatamint.com/dashboard/
Call log:
  - navigating to "https://inv.ondatamint.com/dashboard/", waiting until "networkidle"

2026-03-21T11:42:01.619Z ERROR: page.goto: net::ERR_NAME_NOT_RESOLVED at https://inv.ondatamint.com/dashboard/
Call log:
  - navigating to "https://inv.ondatamint.com/dashboard/", waiting until "networkidle"

2026-03-21T11:44:02.231Z ERROR: page.goto: net::ERR_NAME_NOT_RESOLVED at https://inv.ondatamint.com/dashboard/
Call log:
  - navigating to "https://inv.ondatamint.com/dashboard/", waiting until "networkidle"

2026-03-21T11:46:01.833Z ERROR: page.goto: net::ERR_NAME_NOT_RESOLVED at https://inv.ondatamint.com/dashboard/
Call log:
  - navigating to "https://inv.ondatamint.com/dashboard/", waiting until "networkidle"

2026-03-21T11:48:01.444Z ERROR: page.goto: net::ERR_NAME_NOT_RESOLVED at https://inv.ondatamint.com/dashboard/
Call log:
  - navigating to "https://inv.ondatamint.com/dashboard/", waiting until "networkidle"

2026-03-21T11:50:02.085Z ERROR: page.goto: net::ERR_NAME_NOT_RESOLVED at https://inv.ondatamint.com/dashboard/
Call log:
  - navigating to "https://inv.ondatamint.com/dashboard/", waiting until "networkidle"

2026-03-21T11:52:01.707Z ERROR: page.goto: net::ERR_NAME_NOT_RESOLVED at https://inv.ondatamint.com/dashboard/
Call log:
  - navigating to "https://inv.ondatamint.com/dashboard/", waiting until "networkidle"

2026-03-21T11:54:01.313Z ERROR: page.goto: net::ERR_NAME_NOT_RESOLVED at https://inv.ondatamint.com/dashboard/
Call log:
  - navigating to "https://inv.ondatamint.com/dashboard/", waiting until "networkidle"

2026-03-21T11:56:01.921Z ERROR: page.goto: net::ERR_NAME_NOT_RESOLVED at https://inv.ondatamint.com/dashboard/
Call log:
  - navigating to "https://inv.ondatamint.com/dashboard/", waiting until "networkidle"

2026-03-21T11:58:01.537Z ERROR: page.goto: net::ERR_NAME_NOT_RESOLVED at https://inv.ondatamint.com/dashboard/
Call log:
  - navigating to "https://inv.ondatamint.com/dashboard/", waiting until "networkidle"

2026-03-21T12:00:02.158Z ERROR: page.goto: net::ERR_NAME_NOT_RESOLVED at https://inv.ondatamint.com/dashboard/
Call log:
  - navigating to "https://inv.ondatamint.com/dashboard/", waiting until "networkidle"

2026-03-21T12:02:01.774Z ERROR: page.goto: net::ERR_NAME_NOT_RESOLVED at https://inv.ondatamint.com/dashboard/
Call log:
  - navigating to "https://inv.ondatamint.com/dashboard/", waiting until "networkidle"

2026-03-21T12:04:01.379Z ERROR: page.goto: net::ERR_NAME_NOT_RESOLVED at https://inv.ondatamint.com/dashboard/
Call log:
  - navigating to "https://inv.ondatamint.com/dashboard/", waiting until "networkidle"

2026-03-21T12:06:15.898Z OK: min DP%-PnL%=0.43% (SOL_2026_03_11_23_27_17), 51 positions
2026-03-21T12:08:16.057Z OK: min DP%-PnL%=0.43% (SOL_2026_03_11_23_27_17), 51 positions
2026-03-21T12:10:31.827Z ERROR: page.goto: Timeout 30000ms exceeded.
Call log:
  - navigating to "https://inv.ondatamint.com/dashboard/", waiting until "networkidle"

2026-03-21T12:12:15.673Z OK: min DP%-PnL%=0.43% (SOL_2026_03_11_23_27_17), 51 positions
2026-03-21T12:14:31.893Z ERROR: page.goto: Timeout 30000ms exceeded.
Call log:
  - navigating to "https://inv.ondatamint.com/dashboard/", waiting until "networkidle"

2026-03-21T12:16:15.910Z OK: min DP%-PnL%=0.43% (SOL_2026_03_11_23_27_17), 51 positions
2026-03-21T12:18:16.139Z OK: min DP%-PnL%=0.43% (SOL_2026_03_11_23_27_17), 51 positions
2026-03-21T12:20:15.654Z OK: min DP%-PnL%=0.43% (SOL_2026_03_11_23_27_17), 51 positions
2026-03-21T12:22:01.308Z OK: min DP%-PnL%=0.43% (SOL_2026_03_11_23_27_17), 51 positions
2026-03-21T12:22:15.439Z OK: min DP%-PnL%=0.43% (SOL_2026_03_11_23_27_17), 51 positions
2026-03-21T12:24:15.248Z OK: min DP%-PnL%=0.43% (SOL_2026_03_11_23_27_17), 51 positions
2026-03-21T12:26:16.094Z OK: min DP%-PnL%=0.43% (SOL_2026_03_11_23_27_17), 51 positions
2026-03-21T12:28:15.282Z OK: min DP%-PnL%=0.43% (SOL_2026_03_11_23_27_17), 51 positions
2026-03-21T12:30:15.379Z OK: min DP%-PnL%=0.43% (SOL_2026_03_11_23_27_17), 51 positions
2026-03-21T12:32:15.627Z OK: min DP%-PnL%=0.43% (SOL_2026_03_11_23_27_17), 51 positions
2026-03-21T12:34:14.925Z OK: min DP%-PnL%=0.43% (SOL_2026_03_11_23_27_17), 51 positions
2026-03-21T12:36:15.154Z OK: min DP%-PnL%=0.43% (SOL_2026_03_11_23_27_17), 51 positions
2026-03-21T12:38:15.369Z OK: min DP%-PnL%=0.43% (SOL_2026_03_11_23_27_17), 51 positions
2026-03-21T12:40:15.384Z OK: min DP%-PnL%=0.43% (SOL_2026_03_11_23_27_17), 51 positions
2026-03-21T12:42:16.423Z OK: min DP%-PnL%=0.43% (SOL_2026_03_11_23_27_17), 51 positions
2026-03-21T12:44:01.723Z ERROR: page.goto: net::ERR_NAME_NOT_RESOLVED at https://inv.ondatamint.com/dashboard/
Call log:
  - navigating to "https://inv.ondatamint.com/dashboard/", waiting until "networkidle"

2026-03-21T12:46:15.328Z OK: min DP%-PnL%=0.43% (SOL_2026_03_11_23_27_17), 51 positions
2026-03-21T12:48:15.284Z OK: min DP%-PnL%=0.43% (SOL_2026_03_11_23_27_17), 51 positions
2026-03-21T12:50:16.083Z OK: min DP%-PnL%=0.43% (SOL_2026_03_11_23_27_17), 51 positions
2026-03-21T12:52:15.273Z OK: min DP%-PnL%=0.43% (SOL_2026_03_11_23_27_17), 51 positions
2026-03-21T12:54:15.803Z OK: min DP%-PnL%=0.43% (SOL_2026_03_11_23_27_17), 51 positions
2026-03-21T12:56:15.309Z OK: min DP%-PnL%=0.43% (SOL_2026_03_11_23_27_17), 51 positions
2026-03-21T12:58:15.120Z OK: min DP%-PnL%=0.43% (SOL_2026_03_11_23_27_17), 51 positions
2026-03-21T13:00:15.850Z OK: min DP%-PnL%=0.43% (SOL_2026_03_11_23_27_17), 51 positions
2026-03-21T13:02:15.787Z OK: min DP%-PnL%=0.43% (SOL_2026_03_11_23_27_17), 51 positions
2026-03-21T13:04:02.092Z ERROR: page.goto: net::ERR_NAME_NOT_RESOLVED at https://inv.ondatamint.com/dashboard/
Call log:
  - navigating to "https://inv.ondatamint.com/dashboard/", waiting until "networkidle"

2026-03-21T13:06:15.443Z FILTER NOT APPLIED: owners=lazarevsky,parilov2026,vm2026,DatafundV2,OreshinDM,AntonDM total=1620. Skipping.
2026-03-21T13:08:14.878Z OK: min DP%-PnL%=0.43% (SOL_2026_03_11_23_27_17), 51 positions
2026-03-21T13:10:16.253Z OK: min DP%-PnL%=0.43% (SOL_2026_03_11_23_27_17), 51 positions
2026-03-21T13:12:15.856Z OK: min DP%-PnL%=0.43% (SOL_2026_03_11_23_27_17), 51 positions
2026-03-21T13:14:15.566Z OK: min DP%-PnL%=0.43% (SOL_2026_03_11_23_27_17), 51 positions
2026-03-21T13:16:16.090Z OK: min DP%-PnL%=0.43% (SOL_2026_03_11_23_27_17), 51 positions
2026-03-21T13:18:16.222Z OK: min DP%-PnL%=0.43% (SOL_2026_03_11_23_27_17), 51 positions
2026-03-21T13:20:16.586Z OK: min DP%-PnL%=0.43% (SOL_2026_03_11_23_27_17), 51 positions
2026-03-21T13:22:15.733Z OK: min DP%-PnL%=0.43% (SOL_2026_03_11_23_27_17), 51 positions
2026-03-21T13:24:15.340Z OK: min DP%-PnL%=0.43% (SOL_2026_03_11_23_27_17), 51 positions
2026-03-21T13:26:15.662Z OK: min DP%-PnL%=0.43% (SOL_2026_03_11_23_27_17), 51 positions
2026-03-21T13:28:16.602Z OK: min DP%-PnL%=0.43% (SOL_2026_03_11_23_27_17), 51 positions
2026-03-21T13:30:15.493Z OK: min DP%-PnL%=0.43% (SOL_2026_03_11_23_27_17), 51 positions
2026-03-21T13:32:15.609Z OK: min DP%-PnL%=0.48% (SOL_2026_03_11_23_27_17), 51 positions
2026-03-21T13:34:15.828Z OK: min DP%-PnL%=0.48% (SOL_2026_03_11_23_27_17), 51 positions
2026-03-21T13:36:15.642Z OK: min DP%-PnL%=0.43% (SOL_2026_03_11_23_27_17), 51 positions
2026-03-21T13:38:15.557Z OK: min DP%-PnL%=0.43% (SOL_2026_03_11_23_27_17), 51 positions
2026-03-21T13:40:15.367Z OK: min DP%-PnL%=0.43% (SOL_2026_03_11_23_27_17), 51 positions
2026-03-21T13:42:16.506Z OK: min DP%-PnL%=0.43% (SOL_2026_03_11_23_27_17), 51 positions
2026-03-21T13:44:15.094Z OK: min DP%-PnL%=0.43% (SOL_2026_03_11_23_27_17), 51 positions
2026-03-21T13:46:15.622Z OK: min DP%-PnL%=0.43% (SOL_2026_03_11_23_27_17), 51 positions
2026-03-21T13:48:16.353Z OK: min DP%-PnL%=0.43% (SOL_2026_03_11_23_27_17), 51 positions
2026-03-21T13:50:16.678Z OK: min DP%-PnL%=0.43% (SOL_2026_03_11_23_27_17), 51 positions
2026-03-21T13:52:14.428Z OK: min DP%-PnL%=0.43% (SOL_2026_03_11_23_27_17), 51 positions
2026-03-21T13:54:14.933Z OK: min DP%-PnL%=0.43% (SOL_2026_03_11_23_27_17), 51 positions
2026-03-21T13:56:16.172Z OK: min DP%-PnL%=0.43% (SOL_2026_03_11_23_27_17), 51 positions
2026-03-21T13:58:15.143Z OK: min DP%-PnL%=0.43% (SOL_2026_03_11_23_27_17), 51 positions
2026-03-21T14:00:15.761Z OK: min DP%-PnL%=0.43% (SOL_2026_03_11_23_27_17), 51 positions
2026-03-21T14:02:15.465Z OK: min DP%-PnL%=0.43% (SOL_2026_03_11_23_27_17), 51 positions
2026-03-21T14:04:14.549Z OK: min DP%-PnL%=0.43% (SOL_2026_03_11_23_27_17), 51 positions
2026-03-21T14:06:24.911Z OK: min DP%-PnL%=0.43% (SOL_2026_03_11_23_27_17), 51 positions
2026-03-21T14:08:15.703Z OK: min DP%-PnL%=0.43% (SOL_2026_03_11_23_27_17), 51 positions
2026-03-21T14:10:16.563Z OK: min DP%-PnL%=0.43% (SOL_2026_03_11_23_27_17), 51 positions
2026-03-21T14:12:15.954Z OK: min DP%-PnL%=0.48% (SOL_2026_03_11_23_27_17), 51 positions
2026-03-21T14:14:15.348Z OK: min DP%-PnL%=0.48% (SOL_2026_03_11_23_27_17), 51 positions
2026-03-21T14:16:14.858Z OK: min DP%-PnL%=0.48% (SOL_2026_03_11_23_27_17), 51 positions
2026-03-21T14:18:15.897Z OK: min DP%-PnL%=0.43% (SOL_2026_03_11_23_27_17), 51 positions
2026-03-21T14:20:16.123Z OK: min DP%-PnL%=0.43% (SOL_2026_03_11_23_27_17), 51 positions
2026-03-21T14:22:15.536Z OK: min DP%-PnL%=0.43% (SOL_2026_03_11_23_27_17), 51 positions
2026-03-21T14:24:15.505Z OK: min DP%-PnL%=0.43% (SOL_2026_03_11_23_27_17), 51 positions
2026-03-21T14:26:15.962Z OK: min DP%-PnL%=0.43% (SOL_2026_03_11_23_27_17), 51 positions
2026-03-21T14:28:15.559Z OK: min DP%-PnL%=0.43% (SOL_2026_03_11_23_27_17), 51 positions
2026-03-21T14:30:15.474Z OK: min DP%-PnL%=0.43% (SOL_2026_03_11_23_27_17), 51 positions
2026-03-21T14:32:15.189Z OK: min DP%-PnL%=0.43% (SOL_2026_03_11_23_27_17), 51 positions
2026-03-21T14:34:16.120Z OK: min DP%-PnL%=0.43% (SOL_2026_03_11_23_27_17), 51 positions
2026-03-21T14:36:14.797Z OK: min DP%-PnL%=0.48% (SOL_2026_03_11_23_27_17), 51 positions
2026-03-21T14:38:15.226Z OK: min DP%-PnL%=0.48% (SOL_2026_03_11_23_27_17), 51 positions
2026-03-21T14:40:15.850Z OK: min DP%-PnL%=0.48% (SOL_2026_03_11_23_27_17), 51 positions
2026-03-21T14:42:15.155Z OK: min DP%-PnL%=0.48% (SOL_2026_03_11_23_27_17), 51 positions
2026-03-21T14:44:16.597Z OK: min DP%-PnL%=0.48% (SOL_2026_03_11_23_27_17), 51 positions
2026-03-21T14:46:15.489Z OK: min DP%-PnL%=0.43% (SOL_2026_03_11_23_27_17), 51 positions
2026-03-21T14:48:15.506Z OK: min DP%-PnL%=0.43% (SOL_2026_03_11_23_27_17), 51 positions
2026-03-21T14:50:16.892Z OK: min DP%-PnL%=0.43% (SOL_2026_03_11_23_27_17), 51 positions
2026-03-21T14:52:16.158Z OK: min DP%-PnL%=0.43% (SOL_2026_03_11_23_27_17), 51 positions
2026-03-21T14:54:16.170Z OK: min DP%-PnL%=0.43% (SOL_2026_03_11_23_27_17), 51 positions
2026-03-21T14:56:15.569Z OK: min DP%-PnL%=0.43% (SOL_2026_03_11_23_27_17), 51 positions
2026-03-21T14:58:16.503Z OK: min DP%-PnL%=0.43% (SOL_2026_03_11_23_27_17), 51 positions
2026-03-21T15:00:15.131Z OK: min DP%-PnL%=0.43% (SOL_2026_03_11_23_27_17), 51 positions
2026-03-21T15:02:15.819Z OK: min DP%-PnL%=0.42% (SOL_2026_03_11_23_27_17), 51 positions
2026-03-21T15:04:15.830Z OK: min DP%-PnL%=0.43% (SOL_2026_03_11_23_27_17), 51 positions
2026-03-21T15:06:14.717Z OK: min DP%-PnL%=0.43% (SOL_2026_03_11_23_27_17), 51 positions
2026-03-21T15:08:16.066Z OK: min DP%-PnL%=0.43% (SOL_2026_03_11_23_27_17), 51 positions
2026-03-21T15:10:16.124Z OK: min DP%-PnL%=0.42% (SOL_2026_03_11_23_27_17), 51 positions
2026-03-21T15:12:15.374Z OK: min DP%-PnL%=0.38% (SOL_2026_03_11_23_27_17), 51 positions
2026-03-21T15:14:15.596Z OK: min DP%-PnL%=0.38% (SOL_2026_03_11_23_27_17), 51 positions
2026-03-21T15:16:16.159Z OK: min DP%-PnL%=0.45% (SOL_2026_03_11_23_27_17), 51 positions
2026-03-21T15:18:15.012Z OK: min DP%-PnL%=0.39% (SOL_2026_03_11_23_27_17), 51 positions
2026-03-21T15:20:15.644Z OK: min DP%-PnL%=0.39% (SOL_2026_03_11_23_27_17), 51 positions
2026-03-21T15:22:16.279Z OK: min DP%-PnL%=0.39% (SOL_2026_03_11_23_27_17), 51 positions
2026-03-21T15:24:15.691Z OK: min DP%-PnL%=0.45% (SOL_2026_03_11_23_27_17), 51 positions
2026-03-21T15:26:15.292Z OK: min DP%-PnL%=0.45% (SOL_2026_03_11_23_27_17), 51 positions
2026-03-21T15:28:15.093Z OK: min DP%-PnL%=0.45% (SOL_2026_03_11_23_27_17), 51 positions
2026-03-21T15:30:15.619Z OK: min DP%-PnL%=0.45% (SOL_2026_03_11_23_27_17), 51 positions
2026-03-21T15:32:15.479Z OK: min DP%-PnL%=0.45% (SOL_2026_03_11_23_27_17), 51 positions
2026-03-21T15:34:16.153Z OK: min DP%-PnL%=0.45% (SOL_2026_03_11_23_27_17), 51 positions
2026-03-21T15:36:16.071Z OK: min DP%-PnL%=0.45% (SOL_2026_03_11_23_27_17), 51 positions
2026-03-21T15:38:15.986Z OK: min DP%-PnL%=0.45% (SOL_2026_03_11_23_27_17), 51 positions
2026-03-21T15:40:15.189Z OK: min DP%-PnL%=0.45% (SOL_2026_03_11_23_27_17), 51 positions
2026-03-21T15:42:15.814Z OK: min DP%-PnL%=0.45% (SOL_2026_03_11_23_27_17), 51 positions
2026-03-21T15:44:15.826Z OK: min DP%-PnL%=0.45% (SOL_2026_03_11_23_27_17), 51 positions
2026-03-21T15:46:15.532Z OK: min DP%-PnL%=0.45% (SOL_2026_03_11_23_27_17), 51 positions
2026-03-21T15:48:16.059Z OK: min DP%-PnL%=0.45% (SOL_2026_03_11_23_27_17), 51 positions
2026-03-21T15:50:15.669Z OK: min DP%-PnL%=0.45% (SOL_2026_03_11_23_27_17), 51 positions
2026-03-21T15:52:16.399Z OK: min DP%-PnL%=0.45% (SOL_2026_03_11_23_27_17), 51 positions
2026-03-21T15:54:15.980Z OK: min DP%-PnL%=0.45% (SOL_2026_03_11_23_27_17), 51 positions
2026-03-21T15:56:16.537Z OK: min DP%-PnL%=0.45% (SOL_2026_03_11_23_27_17), 51 positions
2026-03-21T15:58:14.608Z OK: min DP%-PnL%=0.45% (SOL_2026_03_11_23_27_17), 51 positions
2026-03-21T16:00:14.829Z OK: min DP%-PnL%=0.45% (SOL_2026_03_11_23_27_17), 51 positions
2026-03-21T16:02:15.357Z OK: min DP%-PnL%=0.45% (SOL_2026_03_11_23_27_17), 51 positions
2026-03-21T16:04:15.031Z OK: min DP%-PnL%=0.45% (SOL_2026_03_11_23_27_17), 51 positions
2026-03-21T16:06:16.414Z OK: min DP%-PnL%=0.45% (SOL_2026_03_11_23_27_17), 51 positions
2026-03-21T16:08:16.944Z OK: min DP%-PnL%=0.45% (SOL_2026_03_11_23_27_17), 51 positions
2026-03-21T16:10:15.523Z OK: min DP%-PnL%=0.45% (SOL_2026_03_11_23_27_17), 51 positions
2026-03-21T16:12:15.237Z OK: min DP%-PnL%=0.45% (SOL_2026_03_11_23_27_17), 51 positions
2026-03-21T16:14:15.554Z OK: min DP%-PnL%=0.45% (SOL_2026_03_11_23_27_17), 51 positions
2026-03-21T16:16:15.311Z OK: min DP%-PnL%=0.45% (SOL_2026_03_11_23_27_17), 51 positions
2026-03-21T16:18:16.306Z OK: min DP%-PnL%=0.45% (SOL_2026_03_11_23_27_17), 51 positions
2026-03-21T16:20:16.321Z OK: min DP%-PnL%=0.45% (SOL_2026_03_11_23_27_17), 51 positions
2026-03-21T16:22:15.929Z OK: min DP%-PnL%=0.45% (SOL_2026_03_11_23_27_17), 51 positions
2026-03-21T16:24:15.609Z OK: min DP%-PnL%=0.45% (SOL_2026_03_11_23_27_17), 51 positions
2026-03-21T16:26:15.744Z OK: min DP%-PnL%=0.45% (SOL_2026_03_11_23_27_17), 51 positions
2026-03-21T16:28:15.563Z OK: min DP%-PnL%=0.45% (SOL_2026_03_11_23_27_17), 51 positions
2026-03-21T16:30:15.684Z OK: min DP%-PnL%=0.42% (SOL_2026_03_11_23_27_17), 51 positions
2026-03-21T16:32:14.781Z OK: min DP%-PnL%=0.45% (SOL_2026_03_11_23_27_17), 51 positions
2026-03-21T16:34:15.593Z OK: min DP%-PnL%=0.45% (SOL_2026_03_11_23_27_17), 51 positions
2026-03-21T16:36:16.557Z OK: min DP%-PnL%=0.45% (SOL_2026_03_11_23_27_17), 51 positions
2026-03-21T16:38:15.443Z OK: min DP%-PnL%=0.45% (SOL_2026_03_11_23_27_17), 51 positions
2026-03-21T16:40:15.460Z OK: min DP%-PnL%=0.45% (SOL_2026_03_11_23_27_17), 51 positions
2026-03-21T16:42:15.168Z OK: min DP%-PnL%=0.45% (SOL_2026_03_11_23_27_17), 51 positions
2026-03-21T16:44:16.108Z OK: min DP%-PnL%=0.45% (SOL_2026_03_11_23_27_17), 51 positions
2026-03-21T16:46:15.316Z OK: min DP%-PnL%=0.45% (SOL_2026_03_11_23_27_17), 51 positions
2026-03-21T16:48:14.400Z OK: min DP%-PnL%=0.45% (SOL_2026_03_11_23_27_17), 51 positions
2026-03-21T16:50:15.747Z OK: min DP%-PnL%=0.45% (SOL_2026_03_11_23_27_17), 51 positions
2026-03-21T16:52:16.018Z OK: min DP%-PnL%=0.45% (SOL_2026_03_11_23_27_17), 51 positions
2026-03-21T16:54:16.297Z OK: min DP%-PnL%=0.45% (SOL_2026_03_11_23_27_17), 51 positions
2026-03-21T16:56:16.928Z OK: min DP%-PnL%=0.45% (SOL_2026_03_11_23_27_17), 51 positions
2026-03-21T16:58:16.328Z OK: min DP%-PnL%=0.42% (SOL_2026_03_11_23_27_17), 51 positions
2026-03-21T17:00:15.725Z OK: min DP%-PnL%=0.42% (SOL_2026_03_11_23_27_17), 51 positions
2026-03-21T17:02:15.938Z OK: min DP%-PnL%=0.42% (SOL_2026_03_11_23_27_17), 51 positions
2026-03-21T17:04:15.876Z OK: min DP%-PnL%=0.42% (SOL_2026_03_11_23_27_17), 51 positions
2026-03-21T17:06:15.787Z OK: min DP%-PnL%=0.42% (SOL_2026_03_11_23_27_17), 51 positions
2026-03-21T17:08:15.243Z OK: min DP%-PnL%=0.42% (SOL_2026_03_11_23_27_17), 51 positions
2026-03-21T17:10:15.833Z OK: min DP%-PnL%=0.42% (SOL_2026_03_11_23_27_17), 51 positions
2026-03-21T17:12:15.547Z OK: min DP%-PnL%=0.42% (SOL_2026_03_11_23_27_17), 51 positions
2026-03-21T17:14:16.072Z OK: min DP%-PnL%=0.42% (SOL_2026_03_11_23_27_17), 51 positions
2026-03-21T17:16:15.066Z OK: min DP%-PnL%=0.42% (SOL_2026_03_11_23_27_17), 51 positions
2026-03-21T17:18:15.287Z OK: min DP%-PnL%=0.42% (SOL_2026_03_11_23_27_17), 51 positions
2026-03-21T17:20:15.717Z OK: min DP%-PnL%=0.42% (SOL_2026_03_11_23_27_17), 51 positions
2026-03-21T17:22:15.014Z OK: min DP%-PnL%=0.42% (SOL_2026_03_11_23_27_17), 51 positions
2026-03-21T17:24:15.850Z OK: min DP%-PnL%=0.42% (SOL_2026_03_11_23_27_17), 51 positions
2026-03-21T17:26:15.466Z OK: min DP%-PnL%=0.42% (SOL_2026_03_11_23_27_17), 51 positions
2026-03-21T17:28:16.093Z OK: min DP%-PnL%=0.42% (SOL_2026_03_11_23_27_17), 51 positions
2026-03-21T17:30:15.599Z OK: min DP%-PnL%=0.42% (SOL_2026_03_11_23_27_17), 51 positions
2026-03-21T17:32:15.815Z OK: min DP%-PnL%=0.40% (SOL_2026_03_11_23_27_17), 51 positions
2026-03-21T17:34:16.379Z OK: min DP%-PnL%=0.40% (SOL_2026_03_11_23_27_17), 51 positions
2026-03-21T17:36:16.443Z OK: min DP%-PnL%=0.40% (SOL_2026_03_11_23_27_17), 51 positions
2026-03-21T17:38:16.156Z OK: min DP%-PnL%=0.40% (SOL_2026_03_11_23_27_17), 51 positions
2026-03-21T17:40:15.043Z OK: min DP%-PnL%=0.40% (SOL_2026_03_11_23_27_17), 51 positions
2026-03-21T17:42:16.692Z OK: min DP%-PnL%=0.40% (SOL_2026_03_11_23_27_17), 51 positions
2026-03-21T17:44:15.886Z OK: min DP%-PnL%=0.40% (SOL_2026_03_11_23_27_17), 51 positions
2026-03-21T17:46:15.675Z OK: min DP%-PnL%=0.40% (SOL_2026_03_11_23_27_17), 51 positions
2026-03-21T17:48:15.701Z OK: min DP%-PnL%=0.40% (SOL_2026_03_11_23_27_17), 51 positions
2026-03-21T17:50:15.200Z OK: min DP%-PnL%=0.40% (SOL_2026_03_11_23_27_17), 51 positions
2026-03-21T17:52:15.971Z OK: min DP%-PnL%=0.40% (SOL_2026_03_11_23_27_17), 51 positions
2026-03-21T17:54:16.459Z OK: min DP%-PnL%=0.40% (SOL_2026_03_11_23_27_17), 51 positions
2026-03-21T17:56:16.269Z OK: min DP%-PnL%=0.40% (SOL_2026_03_11_23_27_17), 51 positions
2026-03-21T17:58:15.670Z OK: min DP%-PnL%=0.40% (SOL_2026_03_11_23_27_17), 51 positions
2026-03-21T18:00:15.679Z OK: min DP%-PnL%=0.40% (SOL_2026_03_11_23_27_17), 51 positions
2026-03-21T18:02:15.800Z OK: min DP%-PnL%=0.40% (SOL_2026_03_11_23_27_17), 51 positions
2026-03-21T18:04:15.308Z OK: min DP%-PnL%=0.40% (SOL_2026_03_11_23_27_17), 51 positions
2026-03-21T18:06:16.348Z OK: min DP%-PnL%=0.40% (SOL_2026_03_11_23_27_17), 51 positions
2026-03-21T18:08:15.848Z OK: min DP%-PnL%=0.40% (SOL_2026_03_11_23_27_17), 51 positions
2026-03-21T18:10:16.373Z OK: min DP%-PnL%=0.40% (SOL_2026_03_11_23_27_17), 51 positions
2026-03-21T18:12:15.253Z OK: min DP%-PnL%=0.40% (SOL_2026_03_11_23_27_17), 51 positions
2026-03-21T18:14:15.475Z OK: min DP%-PnL%=0.40% (SOL_2026_03_11_23_27_17), 51 positions
2026-03-21T18:16:15.591Z OK: min DP%-PnL%=0.40% (SOL_2026_03_11_23_27_17), 51 positions
2026-03-21T18:18:15.804Z OK: min DP%-PnL%=0.40% (SOL_2026_03_11_23_27_17), 51 positions
2026-03-21T18:20:15.512Z OK: min DP%-PnL%=0.40% (SOL_2026_03_11_23_27_17), 51 positions
2026-03-21T18:22:16.068Z OK: min DP%-PnL%=0.40% (SOL_2026_03_11_23_27_17), 51 positions
2026-03-21T18:24:15.302Z OK: min DP%-PnL%=0.40% (SOL_2026_03_11_23_27_17), 51 positions
2026-03-21T18:26:15.963Z OK: min DP%-PnL%=0.40% (SOL_2026_03_11_23_27_17), 51 positions
2026-03-21T18:28:15.378Z OK: min DP%-PnL%=0.40% (SOL_2026_03_11_23_27_17), 51 positions
2026-03-21T18:30:15.786Z OK: min DP%-PnL%=0.40% (SOL_2026_03_11_23_27_17), 51 positions
2026-03-21T18:32:16.111Z OK: min DP%-PnL%=0.40% (SOL_2026_03_11_23_27_17), 51 positions
2026-03-21T18:34:16.637Z OK: min DP%-PnL%=0.40% (SOL_2026_03_11_23_27_17), 51 positions
2026-03-21T18:36:15.934Z OK: min DP%-PnL%=0.40% (SOL_2026_03_11_23_27_17), 51 positions
2026-03-21T18:38:15.948Z OK: min DP%-PnL%=0.40% (SOL_2026_03_11_23_27_17), 51 positions
2026-03-21T18:40:16.169Z OK: min DP%-PnL%=0.40% (SOL_2026_03_11_23_27_17), 51 positions
2026-03-21T18:42:15.966Z OK: min DP%-PnL%=0.45% (SOL_2026_03_11_23_27_17), 51 positions
2026-03-21T18:44:15.788Z OK: min DP%-PnL%=0.45% (SOL_2026_03_11_23_27_17), 51 positions
2026-03-21T18:46:16.314Z OK: min DP%-PnL%=0.45% (SOL_2026_03_11_23_27_17), 51 positions
2026-03-21T18:48:16.939Z OK: min DP%-PnL%=0.45% (SOL_2026_03_11_23_27_17), 51 positions
2026-03-21T18:50:15.722Z OK: min DP%-PnL%=0.45% (SOL_2026_03_11_23_27_17), 51 positions
2026-03-21T18:52:15.851Z OK: min DP%-PnL%=0.42% (SOL_2026_03_11_23_27_17), 51 positions
2026-03-21T18:54:14.719Z OK: min DP%-PnL%=0.42% (SOL_2026_03_11_23_27_17), 51 positions
2026-03-21T18:56:16.473Z OK: min DP%-PnL%=0.42% (SOL_2026_03_11_23_27_17), 51 positions
2026-03-21T18:58:16.179Z OK: min DP%-PnL%=0.42% (SOL_2026_03_11_23_27_17), 51 positions
2026-03-21T19:00:16.404Z OK: min DP%-PnL%=0.42% (SOL_2026_03_11_23_27_17), 51 positions
2026-03-21T19:02:15.290Z OK: min DP%-PnL%=0.45% (SOL_2026_03_11_23_27_17), 51 positions
2026-03-21T19:04:16.628Z OK: min DP%-PnL%=0.45% (SOL_2026_03_11_23_27_17), 51 positions
2026-03-21T19:06:16.542Z OK: min DP%-PnL%=0.45% (SOL_2026_03_11_23_27_17), 51 positions
2026-03-21T19:08:15.733Z OK: min DP%-PnL%=0.45% (SOL_2026_03_11_23_27_17), 51 positions
2026-03-21T19:10:15.849Z OK: min DP%-PnL%=0.45% (SOL_2026_03_11_23_27_17), 51 positions
2026-03-21T19:12:15.884Z OK: min DP%-PnL%=0.45% (SOL_2026_03_11_23_27_17), 51 positions
2026-03-21T19:14:15.884Z OK: min DP%-PnL%=0.45% (SOL_2026_03_11_23_27_17), 51 positions
2026-03-21T19:16:15.178Z OK: min DP%-PnL%=0.42% (SOL_2026_03_11_23_27_17), 51 positions
2026-03-21T19:18:16.023Z OK: min DP%-PnL%=0.45% (SOL_2026_03_11_23_27_17), 51 positions
2026-03-21T19:20:15.945Z OK: min DP%-PnL%=0.45% (SOL_2026_03_11_23_27_17), 51 positions
2026-03-21T19:22:17.342Z OK: min DP%-PnL%=0.42% (SOL_2026_03_11_23_27_17), 51 positions
2026-03-21T19:24:15.887Z OK: min DP%-PnL%=0.45% (SOL_2026_03_11_23_27_17), 51 positions
2026-03-21T19:26:16.113Z OK: min DP%-PnL%=0.45% (SOL_2026_03_11_23_27_17), 51 positions
2026-03-21T19:28:15.312Z OK: min DP%-PnL%=0.45% (SOL_2026_03_11_23_27_17), 51 positions
2026-03-21T19:30:16.868Z OK: min DP%-PnL%=0.42% (SOL_2026_03_11_23_27_17), 51 positions
2026-03-21T19:32:15.461Z OK: min DP%-PnL%=0.42% (SOL_2026_03_11_23_27_17), 51 positions
2026-03-21T19:34:16.699Z OK: min DP%-PnL%=0.42% (SOL_2026_03_11_23_27_17), 51 positions
2026-03-21T19:36:16.304Z OK: min DP%-PnL%=0.42% (SOL_2026_03_11_23_27_17), 51 positions
2026-03-21T19:38:16.117Z OK: min DP%-PnL%=0.42% (SOL_2026_03_11_23_27_17), 51 positions
2026-03-21T19:40:15.929Z OK: min DP%-PnL%=0.42% (SOL_2026_03_11_23_27_17), 51 positions
2026-03-21T19:42:15.211Z OK: min DP%-PnL%=0.42% (SOL_2026_03_11_23_27_17), 51 positions
2026-03-21T19:44:19.191Z OK: min DP%-PnL%=0.42% (SOL_2026_03_11_23_27_17), 51 positions
2026-03-21T19:46:19.010Z OK: min DP%-PnL%=0.42% (SOL_2026_03_11_23_27_17), 51 positions
2026-03-21T19:48:18.955Z OK: min DP%-PnL%=0.45% (SOL_2026_03_11_23_27_17), 51 positions
2026-03-21T19:50:18.011Z OK: min DP%-PnL%=0.45% (SOL_2026_03_11_23_27_17), 51 positions
2026-03-21T19:52:17.936Z OK: min DP%-PnL%=0.45% (SOL_2026_03_11_23_27_17), 51 positions
2026-03-21T19:54:17.155Z OK: min DP%-PnL%=0.45% (SOL_2026_03_11_23_27_17), 51 positions
2026-03-21T19:56:17.077Z OK: min DP%-PnL%=0.45% (SOL_2026_03_11_23_27_17), 51 positions
2026-03-21T19:58:17.303Z OK: min DP%-PnL%=0.45% (SOL_2026_03_11_23_27_17), 51 positions
2026-03-21T20:00:16.407Z OK: min DP%-PnL%=0.45% (SOL_2026_03_11_23_27_17), 51 positions
2026-03-21T20:02:16.388Z OK: min DP%-PnL%=0.45% (SOL_2026_03_11_23_27_17), 51 positions
2026-03-21T20:04:17.627Z OK: min DP%-PnL%=0.45% (SOL_2026_03_11_23_27_17), 51 positions
2026-03-21T20:06:17.549Z OK: min DP%-PnL%=0.45% (SOL_2026_03_11_23_27_17), 51 positions
2026-03-21T20:08:15.814Z OK: min DP%-PnL%=0.45% (SOL_2026_03_11_23_27_17), 51 positions
2026-03-21T20:10:15.723Z OK: min DP%-PnL%=0.45% (SOL_2026_03_11_23_27_17), 51 positions
2026-03-21T20:12:15.535Z OK: min DP%-PnL%=0.45% (SOL_2026_03_11_23_27_17), 51 positions
2026-03-21T20:14:16.567Z OK: min DP%-PnL%=0.45% (SOL_2026_03_11_23_27_17), 51 positions
2026-03-21T20:16:15.765Z OK: min DP%-PnL%=0.45% (SOL_2026_03_11_23_27_17), 51 positions
2026-03-21T20:18:16.599Z OK: min DP%-PnL%=0.45% (SOL_2026_03_11_23_27_17), 51 positions
2026-03-21T20:20:16.614Z OK: min DP%-PnL%=0.45% (SOL_2026_03_11_23_27_17), 51 positions
2026-03-21T20:22:16.322Z OK: min DP%-PnL%=0.45% (SOL_2026_03_11_23_27_17), 51 positions
2026-03-21T20:24:15.577Z OK: min DP%-PnL%=0.45% (SOL_2026_03_11_23_27_17), 51 positions
2026-03-21T20:26:16.014Z OK: min DP%-PnL%=0.45% (SOL_2026_03_11_23_27_17), 51 positions
2026-03-21T20:28:16.387Z OK: min DP%-PnL%=0.45% (SOL_2026_03_11_23_27_17), 51 positions
2026-03-21T20:30:15.686Z OK: min DP%-PnL%=0.46% (SOL_2026_03_11_23_27_17), 51 positions
2026-03-21T20:32:14.885Z OK: min DP%-PnL%=0.46% (SOL_2026_03_11_23_27_17), 51 positions
2026-03-21T20:34:14.507Z OK: min DP%-PnL%=0.46% (SOL_2026_03_11_23_27_17), 51 positions
2026-03-21T20:36:15.834Z OK: min DP%-PnL%=0.46% (SOL_2026_03_11_23_27_17), 51 positions
2026-03-21T20:38:14.840Z OK: min DP%-PnL%=0.46% (SOL_2026_03_11_23_27_17), 51 positions
2026-03-21T20:40:16.289Z OK: min DP%-PnL%=0.46% (SOL_2026_03_11_23_27_17), 51 positions
2026-03-21T20:42:15.691Z OK: min DP%-PnL%=0.46% (SOL_2026_03_11_23_27_17), 51 positions
2026-03-21T20:44:16.327Z OK: min DP%-PnL%=0.46% (SOL_2026_03_11_23_27_17), 51 positions
2026-03-21T20:46:16.237Z OK: min DP%-PnL%=0.46% (SOL_2026_03_11_23_27_17), 51 positions
2026-03-21T20:48:16.872Z OK: min DP%-PnL%=0.46% (SOL_2026_03_11_23_27_17), 51 positions
2026-03-21T20:50:16.170Z OK: min DP%-PnL%=0.46% (SOL_2026_03_11_23_27_17), 51 positions
2026-03-21T20:52:15.673Z OK: min DP%-PnL%=0.46% (SOL_2026_03_11_23_27_17), 51 positions
2026-03-21T20:54:16.201Z OK: min DP%-PnL%=0.46% (SOL_2026_03_11_23_27_17), 51 positions
2026-03-21T20:56:17.140Z OK: min DP%-PnL%=0.46% (SOL_2026_03_11_23_27_17), 51 positions
2026-03-21T20:58:16.339Z OK: min DP%-PnL%=0.46% (SOL_2026_03_11_23_27_17), 51 positions
2026-03-21T21:00:15.539Z OK: min DP%-PnL%=0.46% (SOL_2026_03_11_23_27_17), 51 positions
2026-03-21T21:02:16.247Z OK: min DP%-PnL%=0.45% (SOL_2026_03_11_23_27_17), 51 positions
2026-03-21T21:04:15.739Z OK: min DP%-PnL%=0.45% (SOL_2026_03_11_23_27_17), 51 positions
2026-03-21T21:06:16.211Z OK: min DP%-PnL%=0.45% (SOL_2026_03_11_23_27_17), 51 positions
2026-03-21T21:08:15.556Z OK: min DP%-PnL%=0.46% (SOL_2026_03_11_23_27_17), 51 positions
2026-03-21T21:10:15.669Z OK: min DP%-PnL%=0.46% (SOL_2026_03_11_23_27_17), 51 positions
2026-03-21T21:12:16.086Z OK: min DP%-PnL%=0.46% (SOL_2026_03_11_23_27_17), 51 positions
2026-03-21T21:14:15.459Z OK: min DP%-PnL%=0.45% (SOL_2026_03_11_23_27_17), 51 positions
2026-03-21T21:16:16.110Z OK: min DP%-PnL%=0.45% (SOL_2026_03_11_23_27_17), 51 positions
2026-03-21T21:18:16.536Z OK: min DP%-PnL%=0.45% (SOL_2026_03_11_23_27_17), 51 positions
2026-03-21T21:20:15.215Z OK: min DP%-PnL%=0.45% (SOL_2026_03_11_23_27_17), 51 positions
2026-03-21T21:22:15.836Z OK: min DP%-PnL%=0.45% (SOL_2026_03_11_23_27_17), 51 positions
2026-03-21T21:24:15.550Z OK: min DP%-PnL%=0.45% (SOL_2026_03_11_23_27_17), 51 positions
2026-03-21T21:26:16.102Z OK: min DP%-PnL%=0.45% (SOL_2026_03_11_23_27_17), 51 positions
2026-03-21T21:28:16.188Z OK: min DP%-PnL%=0.45% (SOL_2026_03_11_23_27_17), 51 positions
2026-03-21T21:30:15.797Z OK: min DP%-PnL%=0.48% (SOL_2026_03_11_23_27_17), 51 positions
2026-03-21T21:32:15.599Z OK: min DP%-PnL%=0.48% (SOL_2026_03_11_23_27_17), 51 positions
2026-03-21T21:34:14.905Z OK: min DP%-PnL%=0.48% (SOL_2026_03_11_23_27_17), 51 positions
2026-03-21T21:36:16.150Z OK: min DP%-PnL%=0.48% (SOL_2026_03_11_23_27_17), 51 positions
2026-03-21T21:38:15.762Z OK: min DP%-PnL%=0.48% (SOL_2026_03_11_23_27_17), 51 positions
2026-03-21T21:40:15.157Z OK: min DP%-PnL%=0.48% (SOL_2026_03_11_23_27_17), 51 positions
2026-03-21T21:42:15.277Z OK: min DP%-PnL%=0.48% (SOL_2026_03_11_23_27_17), 51 positions
2026-03-21T21:44:15.512Z OK: min DP%-PnL%=0.48% (SOL_2026_03_11_23_27_17), 51 positions
2026-03-21T21:46:16.878Z OK: min DP%-PnL%=0.48% (SOL_2026_03_11_23_27_17), 51 positions
2026-03-21T21:48:15.225Z OK: min DP%-PnL%=0.48% (SOL_2026_03_11_23_27_17), 51 positions
2026-03-21T21:50:15.028Z OK: min DP%-PnL%=0.48% (SOL_2026_03_11_23_27_17), 51 positions
2026-03-21T21:52:16.176Z OK: min DP%-PnL%=0.48% (SOL_2026_03_11_23_27_17), 51 positions
2026-03-21T21:54:14.858Z OK: min DP%-PnL%=0.48% (SOL_2026_03_11_23_27_17), 51 positions
2026-03-21T21:56:15.141Z OK: min DP%-PnL%=0.48% (SOL_2026_03_11_23_27_17), 51 positions
2026-03-21T21:58:14.988Z OK: min DP%-PnL%=0.48% (SOL_2026_03_11_23_27_17), 51 positions
2026-03-21T22:00:16.339Z OK: min DP%-PnL%=0.48% (SOL_2026_03_11_23_27_17), 51 positions
2026-03-21T22:02:15.333Z OK: min DP%-PnL%=0.48% (SOL_2026_03_11_23_27_17), 51 positions
2026-03-21T22:04:16.269Z OK: min DP%-PnL%=0.48% (SOL_2026_03_11_23_27_17), 51 positions
2026-03-21T22:06:15.258Z OK: min DP%-PnL%=0.48% (SOL_2026_03_11_23_27_17), 51 positions
2026-03-21T22:08:16.105Z OK: min DP%-PnL%=0.48% (SOL_2026_03_11_23_27_17), 51 positions
2026-03-21T22:10:20.019Z OK: min DP%-PnL%=0.48% (SOL_2026_03_11_23_27_17), 51 positions
2026-03-21T22:12:16.767Z OK: min DP%-PnL%=0.48% (SOL_2026_03_11_23_27_17), 51 positions
2026-03-21T22:14:15.455Z OK: min DP%-PnL%=0.48% (SOL_2026_03_11_23_27_17), 51 positions
2026-03-21T22:16:16.612Z OK: min DP%-PnL%=0.48% (SOL_2026_03_11_23_27_17), 51 positions
2026-03-21T22:18:16.017Z OK: min DP%-PnL%=0.48% (SOL_2026_03_11_23_27_17), 51 positions
2026-03-21T22:20:16.135Z OK: min DP%-PnL%=0.48% (SOL_2026_03_11_23_27_17), 51 positions
2026-03-21T22:22:15.743Z OK: min DP%-PnL%=0.48% (SOL_2026_03_11_23_27_17), 51 positions
2026-03-21T22:24:15.359Z OK: min DP%-PnL%=0.48% (SOL_2026_03_11_23_27_17), 51 positions
2026-03-21T22:26:15.987Z OK: min DP%-PnL%=0.48% (SOL_2026_03_11_23_27_17), 51 positions
2026-03-21T22:28:18.577Z OK: min DP%-PnL%=0.48% (SOL_2026_03_11_23_27_17), 51 positions
2026-03-21T22:30:15.816Z OK: min DP%-PnL%=0.48% (SOL_2026_03_11_23_27_17), 51 positions
2026-03-21T22:32:15.974Z OK: min DP%-PnL%=0.48% (SOL_2026_03_11_23_27_17), 51 positions
2026-03-21T22:34:15.957Z OK: min DP%-PnL%=0.48% (SOL_2026_03_11_23_27_17), 51 positions
2026-03-21T22:36:15.570Z OK: min DP%-PnL%=0.48% (SOL_2026_03_11_23_27_17), 51 positions
2026-03-21T22:38:14.416Z OK: min DP%-PnL%=0.48% (SOL_2026_03_11_23_27_17), 51 positions
2026-03-21T22:40:16.107Z OK: min DP%-PnL%=0.48% (SOL_2026_03_11_23_27_17), 51 positions
2026-03-21T22:42:15.710Z OK: min DP%-PnL%=0.48% (SOL_2026_03_11_23_27_17), 51 positions
2026-03-21T22:44:16.650Z OK: min DP%-PnL%=0.48% (SOL_2026_03_11_23_27_17), 51 positions
2026-03-21T22:46:15.677Z OK: min DP%-PnL%=0.48% (SOL_2026_03_11_23_27_17), 51 positions
2026-03-21T22:48:16.668Z OK: min DP%-PnL%=0.48% (SOL_2026_03_11_23_27_17), 51 positions
2026-03-21T22:50:15.554Z OK: min DP%-PnL%=0.48% (SOL_2026_03_11_23_27_17), 51 positions
2026-03-21T22:52:15.664Z OK: min DP%-PnL%=0.48% (SOL_2026_03_11_23_27_17), 51 positions
2026-03-21T22:54:14.956Z OK: min DP%-PnL%=0.48% (SOL_2026_03_11_23_27_17), 51 positions
2026-03-21T22:56:15.793Z OK: min DP%-PnL%=0.48% (SOL_2026_03_11_23_27_17), 51 positions
2026-03-21T22:58:16.422Z OK: min DP%-PnL%=0.48% (SOL_2026_03_11_23_27_17), 51 positions
2026-03-21T23:00:16.154Z OK: min DP%-PnL%=0.48% (SOL_2026_03_11_23_27_17), 51 positions
2026-03-21T23:02:15.407Z OK: min DP%-PnL%=0.48% (SOL_2026_03_11_23_27_17), 51 positions
2026-03-21T23:04:14.933Z OK: min DP%-PnL%=0.48% (SOL_2026_03_11_23_27_17), 51 positions
2026-03-21T23:06:15.353Z OK: min DP%-PnL%=0.48% (SOL_2026_03_11_23_27_17), 51 positions
2026-03-21T23:08:16.392Z OK: min DP%-PnL%=0.48% (SOL_2026_03_11_23_27_17), 51 positions
2026-03-21T23:10:16.103Z OK: min DP%-PnL%=0.48% (SOL_2026_03_11_23_27_17), 51 positions
2026-03-21T23:12:15.401Z OK: min DP%-PnL%=0.48% (SOL_2026_03_11_23_27_17), 51 positions
2026-03-21T23:14:14.290Z OK: min DP%-PnL%=0.48% (SOL_2026_03_11_23_27_17), 51 positions
2026-03-21T23:16:16.251Z OK: min DP%-PnL%=0.48% (SOL_2026_03_11_23_27_17), 51 positions
2026-03-21T23:18:15.754Z OK: min DP%-PnL%=0.48% (SOL_2026_03_11_23_27_17), 51 positions
2026-03-21T23:20:16.282Z OK: min DP%-PnL%=0.48% (SOL_2026_03_11_23_27_17), 51 positions
2026-03-21T23:22:16.809Z OK: min DP%-PnL%=0.48% (SOL_2026_03_11_23_27_17), 51 positions
2026-03-21T23:24:15.184Z OK: min DP%-PnL%=0.48% (SOL_2026_03_11_23_27_17), 51 positions
2026-03-21T23:26:15.409Z OK: min DP%-PnL%=0.48% (SOL_2026_03_11_23_27_17), 51 positions
2026-03-21T23:28:15.835Z OK: min DP%-PnL%=0.48% (SOL_2026_03_11_23_27_17), 51 positions
2026-03-21T23:30:15.357Z OK: min DP%-PnL%=0.48% (SOL_2026_03_11_23_27_17), 51 positions
2026-03-21T23:32:15.609Z OK: min DP%-PnL%=0.48% (SOL_2026_03_11_23_27_17), 51 positions
2026-03-21T23:34:14.755Z OK: min DP%-PnL%=0.48% (SOL_2026_03_11_23_27_17), 51 positions
2026-03-21T23:36:15.789Z OK: min DP%-PnL%=0.48% (SOL_2026_03_11_23_27_17), 51 positions
2026-03-21T23:38:15.094Z OK: min DP%-PnL%=0.48% (SOL_2026_03_11_23_27_17), 51 positions
2026-03-21T23:40:16.234Z OK: min DP%-PnL%=0.48% (SOL_2026_03_11_23_27_17), 51 positions
2026-03-21T23:42:16.665Z OK: min DP%-PnL%=0.48% (SOL_2026_03_11_23_27_17), 51 positions
2026-03-21T23:44:15.282Z OK: min DP%-PnL%=0.48% (SOL_2026_03_11_23_27_17), 51 positions
2026-03-21T23:46:15.358Z OK: min DP%-PnL%=0.48% (SOL_2026_03_11_23_27_17), 51 positions
2026-03-21T23:48:14.662Z OK: min DP%-PnL%=0.42% (SOL_2026_03_11_23_27_17), 51 positions
2026-03-21T23:50:15.897Z OK: min DP%-PnL%=0.41% (XRP_2026_03_10_11_27_48), 51 positions
2026-03-21T23:52:14.689Z OK: min DP%-PnL%=0.32% (SOL_2026_03_11_23_27_17), 51 positions
2026-03-21T23:54:17.147Z OK: min DP%-PnL%=0.41% (XRP_2026_03_10_11_27_48), 51 positions
2026-03-21T23:56:16.138Z OK: min DP%-PnL%=0.41% (XRP_2026_03_10_11_27_48), 51 positions
2026-03-21T23:58:16.151Z OK: min DP%-PnL%=0.22% (SOL_2026_03_11_23_27_17), 51 positions
2026-03-22T00:00:18.108Z OK: min DP%-PnL%=0.22% (SOL_2026_03_11_23_27_17), 51 positions
2026-03-22T00:02:15.904Z OK: min DP%-PnL%=0.12% (SOL_2026_03_11_23_27_17), 51 positions
2026-03-22T00:04:16.293Z OK: min DP%-PnL%=0.12% (SOL_2026_03_11_23_27_17), 51 positions
2026-03-22T00:06:16.103Z OK: min DP%-PnL%=0.12% (SOL_2026_03_11_23_27_17), 51 positions
2026-03-22T00:08:15.807Z ALERT: BTC_2026_03_11_19_42_00 DP%-PnL%=-0.18%
2026-03-22T00:10:16.335Z ALERT: BTC_2026_03_11_19_42_00 DP%-PnL%=-0.61%
2026-03-22T00:12:15.427Z OK: min DP%-PnL%=0.11% (BTC_2026_03_11_19_42_00), 51 positions
2026-03-22T00:14:15.341Z ALERT: BTC_2026_03_11_19_42_00 DP%-PnL%=-0.47%
2026-03-22T00:16:16.276Z OK: min DP%-PnL%=0.35% (ETH_2026_03_09_11_40_17), 51 positions
2026-03-22T00:18:16.290Z OK: min DP%-PnL%=0.26% (BTC_2026_03_11_19_42_00), 51 positions
2026-03-22T00:20:15.895Z OK: min DP%-PnL%=0.41% (XRP_2026_03_10_11_27_48), 51 positions
2026-03-22T00:22:16.418Z OK: min DP%-PnL%=0.41% (XRP_2026_03_10_11_27_48), 51 positions
2026-03-22T00:24:15.721Z OK: min DP%-PnL%=0.41% (XRP_2026_03_10_11_27_48), 51 positions
2026-03-22T00:26:14.911Z OK: min DP%-PnL%=0.11% (BTC_2026_03_11_19_42_00), 51 positions
2026-03-22T00:28:15.431Z OK: min DP%-PnL%=0.38% (SOL_2026_03_11_23_27_17), 51 positions
2026-03-22T00:30:16.063Z OK: min DP%-PnL%=0.20% (BTC_2026_03_11_19_42_00), 51 positions
2026-03-22T00:32:15.056Z OK: min DP%-PnL%=0.41% (XRP_2026_03_10_11_27_48), 51 positions
2026-03-22T00:34:16.399Z OK: min DP%-PnL%=0.41% (XRP_2026_03_10_11_27_48), 51 positions
2026-03-22T00:36:15.493Z OK: min DP%-PnL%=0.40% (SOL_2026_03_11_23_27_17), 51 positions
2026-03-22T00:38:15.818Z ALERT: BTC_2026_03_11_19_42_00 DP%-PnL%=-0.75%
2026-03-22T00:40:15.420Z OK: min DP%-PnL%=0.14% (BTC_2026_03_11_19_42_00), 51 positions
2026-03-22T00:42:15.539Z OK: min DP%-PnL%=0.40% (SOL_2026_03_11_23_27_17), 51 positions
2026-03-22T00:44:16.370Z OK: min DP%-PnL%=0.36% (SOL_2026_03_11_23_27_17), 51 positions
2026-03-22T00:46:15.147Z OK: min DP%-PnL%=0.36% (SOL_2026_03_11_23_27_17), 51 positions
2026-03-22T00:48:16.493Z OK: min DP%-PnL%=0.36% (SOL_2026_03_11_23_27_17), 51 positions
2026-03-22T00:50:15.286Z OK: min DP%-PnL%=0.40% (SOL_2026_03_11_23_27_17), 51 positions
2026-03-22T00:52:15.400Z OK: min DP%-PnL%=0.34% (BTC_2026_03_11_19_42_00), 51 positions
2026-03-22T00:54:16.232Z OK: min DP%-PnL%=0.11% (BTC_2026_03_11_19_42_00), 51 positions
2026-03-22T00:56:16.451Z OK: min DP%-PnL%=0.11% (BTC_2026_03_11_19_42_00), 51 positions
2026-03-22T00:58:15.551Z OK: min DP%-PnL%=0.37% (SOL_2026_03_11_23_27_17), 51 positions
2026-03-22T01:00:15.976Z OK: min DP%-PnL%=0.37% (SOL_2026_03_11_23_27_17), 51 positions
2026-03-22T01:02:15.693Z OK: min DP%-PnL%=0.26% (BTC_2026_03_11_19_42_00), 51 positions
2026-03-22T01:04:15.807Z OK: min DP%-PnL%=0.36% (SOL_2026_03_11_23_27_17), 51 positions
2026-03-22T01:06:15.631Z OK: min DP%-PnL%=0.36% (SOL_2026_03_11_23_27_17), 51 positions
2026-03-22T01:08:15.122Z OK: min DP%-PnL%=0.36% (SOL_2026_03_11_23_27_17), 51 positions
2026-03-22T01:10:15.344Z OK: min DP%-PnL%=0.36% (SOL_2026_03_11_23_27_17), 51 positions
2026-03-22T01:12:15.360Z OK: min DP%-PnL%=0.36% (SOL_2026_03_11_23_27_17), 51 positions
2026-03-22T01:14:16.092Z OK: min DP%-PnL%=0.36% (SOL_2026_03_11_23_27_17), 51 positions
2026-03-22T01:16:16.107Z ALERT: BTC_2026_03_11_19_42_00 DP%-PnL%=-0.32%
2026-03-22T01:18:14.974Z ALERT: BTC_2026_03_11_19_42_00 DP%-PnL%=-0.32%
2026-03-22T01:20:16.344Z ALERT: BTC_2026_03_11_19_42_00 DP%-PnL%=-0.32%
2026-03-22T01:22:15.922Z OK: min DP%-PnL%=0.26% (BTC_2026_03_11_19_42_00), 51 positions
2026-03-22T01:24:15.042Z OK: min DP%-PnL%=0.26% (BTC_2026_03_11_19_42_00), 51 positions
2026-03-22T01:26:15.982Z ALERT: BTC_2026_03_11_19_42_00 DP%-PnL%=-0.03%
2026-03-22T01:28:15.996Z ALERT: BTC_2026_03_11_19_42_00 DP%-PnL%=-0.03%
2026-03-22T01:30:15.805Z OK: min DP%-PnL%=0.26% (BTC_2026_03_11_19_42_00), 51 positions
2026-03-22T01:32:16.845Z ALERT: BTC_2026_03_11_19_42_00 DP%-PnL%=-0.38%
2026-03-22T01:34:14.503Z OK: min DP%-PnL%=0.36% (SOL_2026_03_11_23_27_17), 51 positions
2026-03-22T01:36:16.683Z OK: min DP%-PnL%=0.36% (SOL_2026_03_11_23_27_17), 51 positions
2026-03-22T01:38:14.941Z OK: min DP%-PnL%=0.36% (SOL_2026_03_11_23_27_17), 51 positions
2026-03-22T01:40:15.685Z OK: min DP%-PnL%=0.36% (SOL_2026_03_11_23_27_17), 51 positions
2026-03-22T01:42:16.507Z OK: min DP%-PnL%=0.36% (SOL_2026_03_11_23_27_17), 51 positions
2026-03-22T01:44:15.189Z OK: min DP%-PnL%=0.36% (SOL_2026_03_11_23_27_17), 51 positions
2026-03-22T01:46:16.132Z OK: min DP%-PnL%=0.36% (SOL_2026_03_11_23_27_17), 51 positions
2026-03-22T01:48:15.903Z OK: min DP%-PnL%=0.36% (SOL_2026_03_11_23_27_17), 51 positions
2026-03-22T01:50:16.363Z OK: min DP%-PnL%=0.36% (SOL_2026_03_11_23_27_17), 51 positions
2026-03-22T01:52:16.176Z OK: min DP%-PnL%=0.36% (SOL_2026_03_11_23_27_17), 51 positions
2026-03-22T01:54:15.265Z OK: min DP%-PnL%=0.36% (SOL_2026_03_11_23_27_17), 51 positions
2026-03-22T01:56:16.099Z OK: min DP%-PnL%=0.36% (SOL_2026_03_11_23_27_17), 51 positions
2026-03-22T01:58:16.835Z OK: min DP%-PnL%=0.36% (SOL_2026_03_11_23_27_17), 51 positions
2026-03-22T02:00:16.234Z OK: min DP%-PnL%=0.36% (SOL_2026_03_11_23_27_17), 51 positions
2026-03-22T02:02:15.226Z OK: min DP%-PnL%=0.40% (SOL_2026_03_11_23_27_17), 51 positions
2026-03-22T02:04:15.442Z OK: min DP%-PnL%=0.40% (SOL_2026_03_11_23_27_17), 51 positions
2026-03-22T02:06:16.175Z OK: min DP%-PnL%=0.40% (SOL_2026_03_11_23_27_17), 51 positions
2026-03-22T02:08:15.483Z OK: min DP%-PnL%=0.40% (SOL_2026_03_11_23_27_17), 51 positions
2026-03-22T02:10:16.212Z OK: min DP%-PnL%=0.36% (SOL_2026_03_11_23_27_17), 51 positions
2026-03-22T02:12:15.729Z OK: min DP%-PnL%=0.36% (SOL_2026_03_11_23_27_17), 51 positions
2026-03-22T02:14:16.557Z OK: min DP%-PnL%=0.36% (SOL_2026_03_11_23_27_17), 51 positions
2026-03-22T02:16:15.350Z OK: min DP%-PnL%=0.36% (SOL_2026_03_11_23_27_17), 51 positions
2026-03-22T02:18:16.289Z OK: min DP%-PnL%=0.36% (SOL_2026_03_11_23_27_17), 51 positions
2026-03-22T02:20:15.998Z OK: min DP%-PnL%=0.36% (SOL_2026_03_11_23_27_17), 51 positions
2026-03-22T02:22:15.717Z OK: min DP%-PnL%=0.36% (SOL_2026_03_11_23_27_17), 51 positions
2026-03-22T02:24:15.624Z OK: min DP%-PnL%=0.40% (SOL_2026_03_11_23_27_17), 51 positions
2026-03-22T02:26:16.455Z OK: min DP%-PnL%=0.40% (SOL_2026_03_11_23_27_17), 51 positions
2026-03-22T02:28:14.658Z OK: min DP%-PnL%=0.40% (SOL_2026_03_11_23_27_17), 51 positions
2026-03-22T02:30:16.092Z OK: min DP%-PnL%=0.26% (XRP_2026_03_10_11_27_48), 51 positions
2026-03-22T02:32:16.011Z OK: min DP%-PnL%=0.26% (XRP_2026_03_10_11_27_48), 51 positions
2026-03-22T02:34:16.011Z OK: min DP%-PnL%=0.26% (XRP_2026_03_10_11_27_48), 51 positions
2026-03-22T02:36:15.733Z OK: min DP%-PnL%=0.26% (XRP_2026_03_10_11_27_48), 51 positions
2026-03-22T02:38:15.329Z OK: min DP%-PnL%=0.26% (XRP_2026_03_10_11_27_48), 51 positions
2026-03-22T02:40:15.854Z OK: min DP%-PnL%=0.26% (XRP_2026_03_10_11_27_48), 51 positions
2026-03-22T02:42:15.667Z OK: min DP%-PnL%=0.26% (XRP_2026_03_10_11_27_48), 51 positions
2026-03-22T02:44:16.596Z OK: min DP%-PnL%=0.26% (XRP_2026_03_10_11_27_48), 51 positions
2026-03-22T02:46:15.995Z OK: min DP%-PnL%=0.26% (XRP_2026_03_10_11_27_48), 51 positions
2026-03-22T02:48:16.016Z OK: min DP%-PnL%=0.26% (XRP_2026_03_10_11_27_48), 51 positions
2026-03-22T02:50:15.922Z OK: min DP%-PnL%=0.40% (SOL_2026_03_11_23_27_17), 51 positions
2026-03-22T02:52:15.628Z OK: min DP%-PnL%=0.40% (SOL_2026_03_11_23_27_17), 51 positions
2026-03-22T02:54:15.850Z OK: min DP%-PnL%=0.40% (SOL_2026_03_11_23_27_17), 51 positions
2026-03-22T02:56:16.172Z OK: min DP%-PnL%=0.40% (SOL_2026_03_11_23_27_17), 51 positions
2026-03-22T02:58:15.263Z OK: min DP%-PnL%=0.40% (SOL_2026_03_11_23_27_17), 51 positions
2026-03-22T03:00:16.201Z OK: min DP%-PnL%=0.40% (SOL_2026_03_11_23_27_17), 51 positions
2026-03-22T03:02:15.089Z OK: min DP%-PnL%=0.36% (SOL_2026_03_11_23_27_17), 51 positions
2026-03-22T03:04:16.230Z OK: min DP%-PnL%=0.38% (SOL_2026_03_11_23_27_17), 51 positions
2026-03-22T03:06:15.747Z OK: min DP%-PnL%=0.38% (SOL_2026_03_11_23_27_17), 51 positions
2026-03-22T03:08:15.759Z OK: min DP%-PnL%=0.38% (SOL_2026_03_11_23_27_17), 51 positions
2026-03-22T03:10:16.992Z OK: min DP%-PnL%=0.38% (SOL_2026_03_11_23_27_17), 51 positions
2026-03-22T03:12:15.370Z OK: min DP%-PnL%=0.41% (XRP_2026_03_10_11_27_48), 51 positions
2026-03-22T03:14:14.976Z OK: min DP%-PnL%=0.41% (XRP_2026_03_10_11_27_48), 51 positions
2026-03-22T03:16:16.235Z OK: min DP%-PnL%=0.41% (XRP_2026_03_10_11_27_48), 51 positions
2026-03-22T03:18:16.115Z OK: min DP%-PnL%=0.41% (XRP_2026_03_10_11_27_48), 51 positions
2026-03-22T03:20:16.018Z OK: min DP%-PnL%=0.41% (XRP_2026_03_10_11_27_48), 51 positions
2026-03-22T03:22:15.682Z OK: min DP%-PnL%=0.41% (XRP_2026_03_10_11_27_48), 51 positions
2026-03-22T03:24:14.805Z OK: min DP%-PnL%=0.41% (XRP_2026_03_10_11_27_48), 51 positions
2026-03-22T03:26:16.452Z OK: min DP%-PnL%=0.41% (XRP_2026_03_10_11_27_48), 51 positions
2026-03-22T03:28:15.821Z OK: min DP%-PnL%=0.41% (XRP_2026_03_10_11_27_48), 51 positions
2026-03-22T03:30:16.270Z OK: min DP%-PnL%=0.26% (XRP_2026_03_10_11_27_48), 51 positions
2026-03-22T03:32:16.398Z OK: min DP%-PnL%=0.26% (XRP_2026_03_10_11_27_48), 51 positions
2026-03-22T03:34:16.297Z OK: min DP%-PnL%=0.26% (XRP_2026_03_10_11_27_48), 51 positions
2026-03-22T03:36:16.108Z OK: min DP%-PnL%=0.26% (XRP_2026_03_10_11_27_48), 51 positions
2026-03-22T03:38:15.607Z OK: min DP%-PnL%=0.26% (XRP_2026_03_10_11_27_48), 51 positions
2026-03-22T03:40:15.618Z OK: min DP%-PnL%=0.26% (XRP_2026_03_10_11_27_48), 51 positions
2026-03-22T03:42:15.538Z OK: min DP%-PnL%=0.26% (XRP_2026_03_10_11_27_48), 51 positions
2026-03-22T03:44:16.159Z OK: min DP%-PnL%=0.26% (XRP_2026_03_10_11_27_48), 51 positions
2026-03-22T03:46:16.062Z OK: min DP%-PnL%=0.26% (XRP_2026_03_10_11_27_48), 51 positions
2026-03-22T03:48:15.785Z OK: min DP%-PnL%=0.26% (XRP_2026_03_10_11_27_48), 51 positions
2026-03-22T03:50:16.407Z OK: min DP%-PnL%=0.26% (XRP_2026_03_10_11_27_48), 51 positions
2026-03-22T03:52:16.318Z OK: min DP%-PnL%=0.26% (XRP_2026_03_10_11_27_48), 51 positions
2026-03-22T03:54:15.514Z OK: min DP%-PnL%=0.26% (XRP_2026_03_10_11_27_48), 51 positions
2026-03-22T03:56:16.345Z OK: min DP%-PnL%=0.26% (XRP_2026_03_10_11_27_48), 51 positions
2026-03-22T03:58:14.618Z OK: min DP%-PnL%=0.26% (XRP_2026_03_10_11_27_48), 51 positions
2026-03-22T04:00:16.271Z OK: min DP%-PnL%=0.26% (XRP_2026_03_10_11_27_48), 51 positions
2026-03-22T04:02:15.917Z ALERT: BTC_2026_03_11_19_42_00 DP%-PnL%=-0.29%
2026-03-22T04:04:15.074Z OK: min DP%-PnL%=0.15% (BTC_2026_03_11_19_42_00), 51 positions
2026-03-22T04:06:16.417Z ALERT: BTC_2026_03_11_19_42_00 DP%-PnL%=-0.02%
2026-03-22T04:08:16.224Z ALERT: BTC_2026_03_11_19_42_00 DP%-PnL%=-0.02%
2026-03-22T04:10:15.525Z ALERT: BTC_2026_03_11_19_42_00 DP%-PnL%=0.01%
2026-03-22T04:12:16.666Z ALERT: BTC_2026_03_11_19_42_00 DP%-PnL%=-0.02%
2026-03-22T04:14:15.548Z ALERT: BTC_2026_03_11_19_42_00 DP%-PnL%=-0.02%
2026-03-22T04:16:16.383Z OK: min DP%-PnL%=0.19% (BTC_2026_03_11_19_42_00), 51 positions
2026-03-22T04:18:16.297Z ALERT: BTC_2026_03_11_19_42_00 DP%-PnL%=-0.02%
2026-03-22T04:20:16.309Z ALERT: BTC_2026_03_11_19_42_00 DP%-PnL%=-0.02%
2026-03-22T04:22:15.606Z ALERT: BTC_2026_03_11_19_42_00 DP%-PnL%=-0.51%
2026-03-22T04:24:15.323Z ALERT: BTC_2026_03_11_19_42_00 DP%-PnL%=-0.17%
2026-03-22T04:26:15.861Z ALERT: BTC_2026_03_11_19_42_00 DP%-PnL%=-0.17%
2026-03-22T04:28:15.884Z OK: min DP%-PnL%=0.12% (BTC_2026_03_11_19_42_00), 51 positions
2026-03-22T04:30:16.413Z ALERT: BTC_2026_03_11_19_42_00 DP%-PnL%=-0.17%
2026-03-22T04:32:16.124Z ALERT: BTC_2026_03_11_19_42_00 DP%-PnL%=-0.17%
2026-03-22T04:34:16.246Z OK: min DP%-PnL%=0.41% (BTC_2026_03_11_19_42_00), 51 positions
2026-03-22T04:36:16.877Z OK: min DP%-PnL%=0.41% (BTC_2026_03_11_19_42_00), 51 positions
2026-03-22T04:38:15.258Z OK: min DP%-PnL%=0.41% (BTC_2026_03_11_19_42_00), 51 positions
2026-03-22T04:40:15.067Z OK: min DP%-PnL%=0.41% (BTC_2026_03_11_19_42_00), 51 positions
2026-03-22T04:42:15.496Z OK: min DP%-PnL%=0.41% (BTC_2026_03_11_19_42_00), 51 positions
2026-03-22T04:44:15.617Z OK: min DP%-PnL%=0.18% (BTC_2026_03_11_19_42_00), 51 positions
2026-03-22T04:46:16.144Z ALERT: BTC_2026_03_11_19_42_00 DP%-PnL%=0.10%
2026-03-22T04:48:16.163Z OK: min DP%-PnL%=0.32% (BTC_2026_03_11_19_42_00), 51 positions
2026-03-22T04:50:15.256Z ALERT: BTC_2026_03_11_19_42_00 DP%-PnL%=-0.19%
2026-03-22T04:52:15.374Z ALERT: BTC_2026_03_11_19_42_00 DP%-PnL%=-0.30%
2026-03-22T04:54:15.285Z OK: min DP%-PnL%=0.41% (BTC_2026_03_11_19_42_00), 51 positions
2026-03-22T04:56:16.322Z OK: min DP%-PnL%=0.30% (BTC_2026_03_11_19_42_00), 51 positions
2026-03-22T04:58:15.518Z OK: min DP%-PnL%=0.33% (BTC_2026_03_11_19_42_00), 51 positions
2026-03-22T05:00:15.028Z OK: min DP%-PnL%=0.33% (BTC_2026_03_11_19_42_00), 51 positions
2026-03-22T05:02:15.556Z ALERT: BTC_2026_03_11_19_42_00 DP%-PnL%=-0.17%
2026-03-22T05:04:15.215Z OK: min DP%-PnL%=0.41% (BTC_2026_03_11_19_42_00), 51 positions
2026-03-22T05:06:15.386Z OK: min DP%-PnL%=0.41% (BTC_2026_03_11_19_42_00), 51 positions
2026-03-22T05:08:16.420Z ALERT: BTC_2026_03_11_19_42_00 DP%-PnL%=-0.17%
2026-03-22T05:10:15.621Z ALERT: BTC_2026_03_11_19_42_00 DP%-PnL%=-0.17%
2026-03-22T05:12:15.125Z ALERT: BTC_2026_03_11_19_42_00 DP%-PnL%=-0.17%
2026-03-22T05:14:14.835Z OK: min DP%-PnL%=0.12% (BTC_2026_03_11_19_42_00), 51 positions
2026-03-22T05:16:15.565Z ALERT: BTC_2026_03_11_19_42_00 DP%-PnL%=-0.17%
2026-03-22T05:18:15.377Z ALERT: BTC_2026_03_11_19_42_00 DP%-PnL%=-0.17%
2026-03-22T05:20:15.394Z ALERT: BTC_2026_03_11_19_42_00 DP%-PnL%=-0.17%
2026-03-22T05:22:15.616Z ALERT: BTC_2026_03_11_19_42_00 DP%-PnL%=-0.17%
2026-03-22T05:24:16.453Z ALERT: BTC_2026_03_11_19_42_00 DP%-PnL%=-0.17%
2026-03-22T05:26:18.309Z ALERT: BTC_2026_03_11_19_42_00 DP%-PnL%=-0.17%
2026-03-22T05:28:15.864Z ALERT: BTC_2026_03_11_19_42_00 DP%-PnL%=-0.17%
2026-03-22T05:30:16.298Z OK: min DP%-PnL%=0.41% (XRP_2026_03_10_11_27_48), 50 positions
2026-03-22T05:32:15.893Z OK: min DP%-PnL%=0.41% (XRP_2026_03_10_11_27_48), 50 positions
2026-03-22T05:34:14.879Z OK: min DP%-PnL%=0.41% (XRP_2026_03_10_11_27_48), 50 positions
2026-03-22T05:36:15.498Z OK: min DP%-PnL%=0.41% (XRP_2026_03_10_11_27_48), 50 positions
2026-03-22T05:38:16.026Z OK: min DP%-PnL%=0.41% (XRP_2026_03_10_11_27_48), 50 positions
2026-03-22T05:40:15.420Z OK: min DP%-PnL%=0.41% (XRP_2026_03_10_11_27_48), 50 positions
2026-03-22T05:42:16.662Z OK: min DP%-PnL%=0.41% (XRP_2026_03_10_11_27_48), 50 positions
2026-03-22T05:44:17.088Z OK: min DP%-PnL%=0.41% (XRP_2026_03_10_11_27_48), 50 positions
2026-03-22T05:46:15.666Z OK: min DP%-PnL%=0.41% (XRP_2026_03_10_11_27_48), 50 positions
2026-03-22T05:48:16.292Z OK: min DP%-PnL%=0.41% (XRP_2026_03_10_11_27_48), 50 positions
2026-03-22T05:50:15.187Z OK: min DP%-PnL%=0.41% (XRP_2026_03_10_11_27_48), 50 positions
2026-03-22T05:52:16.118Z OK: min DP%-PnL%=0.41% (XRP_2026_03_10_11_27_48), 50 positions
2026-03-22T05:54:15.503Z OK: min DP%-PnL%=0.41% (XRP_2026_03_10_11_27_48), 50 positions
2026-03-22T05:56:15.736Z OK: min DP%-PnL%=0.41% (XRP_2026_03_10_11_27_48), 50 positions
2026-03-22T05:58:16.573Z OK: min DP%-PnL%=0.41% (XRP_2026_03_10_11_27_48), 50 positions
2026-03-22T06:00:15.357Z OK: min DP%-PnL%=0.41% (XRP_2026_03_10_11_27_48), 50 positions
2026-03-22T06:02:14.859Z OK: min DP%-PnL%=0.41% (XRP_2026_03_10_11_27_48), 50 positions
2026-03-22T06:04:15.997Z OK: min DP%-PnL%=0.41% (XRP_2026_03_10_11_27_48), 50 positions
2026-03-22T06:06:15.705Z OK: min DP%-PnL%=0.41% (XRP_2026_03_10_11_27_48), 50 positions
2026-03-22T06:08:15.726Z OK: min DP%-PnL%=0.41% (XRP_2026_03_10_11_27_48), 50 positions
2026-03-22T06:10:16.662Z OK: min DP%-PnL%=0.41% (XRP_2026_03_10_11_27_48), 50 positions
2026-03-22T06:12:16.275Z OK: min DP%-PnL%=0.38% (SOL_2026_03_11_23_27_17), 50 positions
2026-03-22T06:14:16.076Z OK: min DP%-PnL%=0.38% (SOL_2026_03_11_23_27_17), 50 positions
2026-03-22T06:16:15.276Z OK: min DP%-PnL%=0.40% (SOL_2026_03_11_23_27_17), 50 positions
2026-03-22T06:18:16.620Z OK: min DP%-PnL%=0.40% (SOL_2026_03_11_23_27_17), 50 positions
2026-03-22T06:20:15.716Z OK: min DP%-PnL%=0.40% (SOL_2026_03_11_23_27_17), 50 positions
2026-03-22T06:22:16.237Z OK: min DP%-PnL%=0.40% (SOL_2026_03_11_23_27_17), 50 positions
2026-03-22T06:24:15.437Z OK: min DP%-PnL%=0.40% (SOL_2026_03_11_23_27_17), 50 positions
2026-03-22T06:26:16.167Z OK: min DP%-PnL%=0.40% (SOL_2026_03_11_23_27_17), 50 positions
2026-03-22T06:28:15.570Z OK: min DP%-PnL%=0.40% (SOL_2026_03_11_23_27_17), 50 positions
2026-03-22T06:30:16.099Z OK: min DP%-PnL%=0.40% (SOL_2026_03_11_23_27_17), 50 positions
2026-03-22T06:32:16.317Z OK: min DP%-PnL%=0.40% (SOL_2026_03_11_23_27_17), 50 positions
2026-03-22T06:34:15.620Z OK: min DP%-PnL%=0.40% (SOL_2026_03_11_23_27_17), 50 positions
2026-03-22T06:36:15.630Z OK: min DP%-PnL%=0.39% (SOL_2026_03_11_23_27_17), 50 positions
2026-03-22T06:38:16.056Z OK: min DP%-PnL%=0.39% (SOL_2026_03_11_23_27_17), 50 positions
2026-03-22T06:40:16.581Z OK: min DP%-PnL%=0.39% (SOL_2026_03_11_23_27_17), 50 positions
2026-03-22T06:42:16.193Z OK: min DP%-PnL%=0.39% (SOL_2026_03_11_23_27_17), 50 positions
2026-03-22T06:44:31.328Z ERROR: page.goto: Timeout 30000ms exceeded.
Call log:
  - navigating to "https://inv.ondatamint.com/dashboard/", waiting until "networkidle"

2026-03-22T06:46:16.630Z OK: min DP%-PnL%=0.39% (SOL_2026_03_11_23_27_17), 50 positions
2026-03-22T06:48:15.624Z OK: min DP%-PnL%=0.39% (SOL_2026_03_11_23_27_17), 50 positions
2026-03-22T06:50:15.743Z OK: min DP%-PnL%=0.39% (SOL_2026_03_11_23_27_17), 50 positions
2026-03-22T06:52:16.473Z OK: min DP%-PnL%=0.39% (SOL_2026_03_11_23_27_17), 50 positions
2026-03-22T06:54:02.111Z ERROR: page.goto: net::ERR_NAME_NOT_RESOLVED at https://inv.ondatamint.com/dashboard/
Call log:
  - navigating to "https://inv.ondatamint.com/dashboard/", waiting until "networkidle"

2026-03-22T06:56:15.373Z OK: min DP%-PnL%=0.40% (SOL_2026_03_11_23_27_17), 50 positions
2026-03-22T06:58:01.676Z ERROR: page.goto: net::ERR_NAME_NOT_RESOLVED at https://inv.ondatamint.com/dashboard/
Call log:
  - navigating to "https://inv.ondatamint.com/dashboard/", waiting until "networkidle"

2026-03-22T07:00:01.311Z ERROR: page.goto: net::ERR_NAME_NOT_RESOLVED at https://inv.ondatamint.com/dashboard/
Call log:
  - navigating to "https://inv.ondatamint.com/dashboard/", waiting until "networkidle"

2026-03-22T07:02:15.866Z OK: min DP%-PnL%=0.40% (SOL_2026_03_11_23_27_17), 50 positions
2026-03-22T07:04:15.539Z OK: min DP%-PnL%=0.40% (SOL_2026_03_11_23_27_17), 50 positions
2026-03-22T07:06:16.273Z OK: min DP%-PnL%=0.40% (SOL_2026_03_11_23_27_17), 50 positions
2026-03-22T07:08:16.190Z OK: min DP%-PnL%=0.40% (SOL_2026_03_11_23_27_17), 50 positions
2026-03-22T07:10:15.521Z OK: min DP%-PnL%=0.40% (SOL_2026_03_11_23_27_17), 50 positions
2026-03-22T07:12:16.112Z OK: min DP%-PnL%=0.40% (SOL_2026_03_11_23_27_17), 50 positions
2026-03-22T07:14:15.719Z OK: min DP%-PnL%=0.40% (SOL_2026_03_11_23_27_17), 50 positions
2026-03-22T07:16:16.900Z OK: min DP%-PnL%=0.40% (SOL_2026_03_11_23_27_17), 50 positions
2026-03-22T07:18:16.380Z OK: min DP%-PnL%=0.40% (SOL_2026_03_11_23_27_17), 50 positions
2026-03-22T07:20:16.413Z OK: min DP%-PnL%=0.40% (SOL_2026_03_11_23_27_17), 50 positions
2026-03-22T07:22:15.081Z OK: min DP%-PnL%=0.40% (SOL_2026_03_11_23_27_17), 50 positions
2026-03-22T07:24:15.616Z OK: min DP%-PnL%=0.40% (SOL_2026_03_11_23_27_17), 50 positions
2026-03-22T07:26:15.941Z OK: min DP%-PnL%=0.40% (SOL_2026_03_11_23_27_17), 50 positions
2026-03-22T07:28:15.347Z OK: min DP%-PnL%=0.40% (SOL_2026_03_11_23_27_17), 50 positions
2026-03-22T07:30:16.548Z OK: min DP%-PnL%=0.40% (SOL_2026_03_11_23_27_17), 50 positions
2026-03-22T07:32:14.763Z OK: min DP%-PnL%=0.40% (SOL_2026_03_11_23_27_17), 50 positions
2026-03-22T07:34:15.395Z OK: min DP%-PnL%=0.40% (SOL_2026_03_11_23_27_17), 50 positions
2026-03-22T07:36:16.126Z OK: min DP%-PnL%=0.40% (SOL_2026_03_11_23_27_17), 50 positions
2026-03-22T07:38:16.452Z OK: min DP%-PnL%=0.40% (SOL_2026_03_11_23_27_17), 50 positions
2026-03-22T07:40:16.162Z OK: min DP%-PnL%=0.40% (SOL_2026_03_11_23_27_17), 50 positions
2026-03-22T07:42:15.943Z OK: min DP%-PnL%=0.40% (SOL_2026_03_11_23_27_17), 50 positions
2026-03-22T07:44:15.783Z OK: min DP%-PnL%=0.40% (SOL_2026_03_11_23_27_17), 50 positions
2026-03-22T07:46:15.596Z OK: min DP%-PnL%=0.40% (SOL_2026_03_11_23_27_17), 50 positions
2026-03-22T07:48:16.221Z OK: min DP%-PnL%=0.40% (SOL_2026_03_11_23_27_17), 50 positions
2026-03-22T07:50:16.425Z OK: min DP%-PnL%=0.40% (SOL_2026_03_11_23_27_17), 50 positions
2026-03-22T07:52:15.815Z OK: min DP%-PnL%=0.40% (SOL_2026_03_11_23_27_17), 50 positions
2026-03-22T07:54:15.925Z OK: min DP%-PnL%=0.40% (SOL_2026_03_11_23_27_17), 50 positions
2026-03-22T07:56:15.627Z OK: min DP%-PnL%=0.40% (SOL_2026_03_11_23_27_17), 50 positions
2026-03-22T07:58:15.021Z OK: min DP%-PnL%=0.40% (SOL_2026_03_11_23_27_17), 50 positions
2026-03-22T08:00:29.814Z ERROR: page.evaluate: TypeError: Cannot convert undefined or null to object
    at Object.keys (<anonymous>)
    at setProps (eval at evaluate (:290:30), <anonymous>:4:25)
    at eval (eval at evaluate (:290:30), <anonymous>:12:5)
    at UtilityScript.evaluate (<anonymous>:292:16)
    at UtilityScript.<anonymous> (<anonymous>:1:44)
2026-03-22T08:02:15.859Z OK: min DP%-PnL%=0.32% (SOL_2026_03_11_23_27_17), 50 positions
2026-03-22T08:04:14.914Z OK: min DP%-PnL%=0.32% (SOL_2026_03_11_23_27_17), 50 positions
2026-03-22T08:06:15.683Z OK: min DP%-PnL%=0.32% (SOL_2026_03_11_23_27_17), 50 positions
2026-03-22T08:08:15.286Z OK: min DP%-PnL%=0.32% (SOL_2026_03_11_23_27_17), 50 positions
2026-03-22T08:10:16.528Z OK: min DP%-PnL%=0.32% (SOL_2026_03_11_23_27_17), 50 positions
2026-03-22T08:12:29.320Z ERROR: page.evaluate: TypeError: Cannot convert undefined or null to object
    at Object.keys (<anonymous>)
    at setProps (eval at evaluate (:290:30), <anonymous>:4:25)
    at eval (eval at evaluate (:290:30), <anonymous>:12:5)
    at UtilityScript.evaluate (<anonymous>:292:16)
    at UtilityScript.<anonymous> (<anonymous>:1:44)
2026-03-22T08:14:15.940Z OK: min DP%-PnL%=0.32% (SOL_2026_03_11_23_27_17), 50 positions
2026-03-22T08:16:16.264Z OK: min DP%-PnL%=0.32% (SOL_2026_03_11_23_27_17), 50 positions
2026-03-22T08:18:16.068Z OK: min DP%-PnL%=0.32% (SOL_2026_03_11_23_27_17), 50 positions
2026-03-22T08:20:01.403Z ERROR: page.goto: net::ERR_NAME_NOT_RESOLVED at https://inv.ondatamint.com/dashboard/
Call log:
  - navigating to "https://inv.ondatamint.com/dashboard/", waiting until "networkidle"

2026-03-22T08:22:16.205Z OK: min DP%-PnL%=0.32% (SOL_2026_03_11_23_27_17), 50 positions
2026-03-22T08:24:15.814Z OK: min DP%-PnL%=0.32% (SOL_2026_03_11_23_27_17), 50 positions
2026-03-22T08:26:16.547Z OK: min DP%-PnL%=0.32% (SOL_2026_03_11_23_27_17), 50 positions
2026-03-22T08:28:16.274Z OK: min DP%-PnL%=0.32% (SOL_2026_03_11_23_27_17), 50 positions
2026-03-22T08:30:15.714Z OK: min DP%-PnL%=0.32% (SOL_2026_03_11_23_27_17), 50 positions
2026-03-22T08:32:15.174Z OK: min DP%-PnL%=0.32% (SOL_2026_03_11_23_27_17), 50 positions
2026-03-22T08:34:15.499Z OK: min DP%-PnL%=0.32% (SOL_2026_03_11_23_27_17), 50 positions
2026-03-22T08:36:07.047Z ERROR: page.goto: net::ERR_NAME_NOT_RESOLVED at https://inv.ondatamint.com/dashboard/
Call log:
  - navigating to "https://inv.ondatamint.com/dashboard/", waiting until "networkidle"

2026-03-22T08:38:15.735Z OK: min DP%-PnL%=0.32% (SOL_2026_03_11_23_27_17), 50 positions
2026-03-22T08:40:15.884Z OK: min DP%-PnL%=0.32% (SOL_2026_03_11_23_27_17), 50 positions
2026-03-22T08:42:15.803Z OK: min DP%-PnL%=0.32% (SOL_2026_03_11_23_27_17), 50 positions
2026-03-22T08:44:16.823Z OK: min DP%-PnL%=0.32% (SOL_2026_03_11_23_27_17), 50 positions
2026-03-22T08:46:16.108Z OK: min DP%-PnL%=0.26% (SOL_2026_03_11_23_27_17), 50 positions
2026-03-22T08:48:15.922Z OK: min DP%-PnL%=0.26% (SOL_2026_03_11_23_27_17), 50 positions
2026-03-22T08:50:16.107Z OK: min DP%-PnL%=0.26% (SOL_2026_03_11_23_27_17), 50 positions
2026-03-22T08:52:16.265Z OK: min DP%-PnL%=0.26% (SOL_2026_03_11_23_27_17), 50 positions
2026-03-22T08:54:15.558Z OK: min DP%-PnL%=0.24% (SOL_2026_03_11_23_27_17), 50 positions
2026-03-22T08:56:15.777Z OK: min DP%-PnL%=0.24% (SOL_2026_03_11_23_27_17), 50 positions
2026-03-22T08:58:16.089Z OK: min DP%-PnL%=0.24% (SOL_2026_03_11_23_27_17), 50 positions
2026-03-22T09:00:16.509Z OK: min DP%-PnL%=0.26% (SOL_2026_03_11_23_27_17), 50 positions
2026-03-22T09:02:15.299Z OK: min DP%-PnL%=0.26% (SOL_2026_03_11_23_27_17), 50 positions
2026-03-22T09:04:15.305Z OK: min DP%-PnL%=0.26% (SOL_2026_03_11_23_27_17), 50 positions
2026-03-22T09:06:15.410Z OK: min DP%-PnL%=0.26% (SOL_2026_03_11_23_27_17), 50 positions
2026-03-22T09:08:15.224Z OK: min DP%-PnL%=0.26% (SOL_2026_03_11_23_27_17), 50 positions
2026-03-22T09:10:14.928Z OK: min DP%-PnL%=0.26% (SOL_2026_03_11_23_27_17), 50 positions
2026-03-22T09:12:15.878Z OK: min DP%-PnL%=0.26% (SOL_2026_03_11_23_27_17), 50 positions
2026-03-22T09:14:16.295Z OK: min DP%-PnL%=0.26% (SOL_2026_03_11_23_27_17), 50 positions
2026-03-22T09:16:16.093Z OK: min DP%-PnL%=0.25% (SOL_2026_03_11_23_27_17), 50 positions
2026-03-22T09:18:15.493Z OK: min DP%-PnL%=0.25% (SOL_2026_03_11_23_27_17), 50 positions
2026-03-22T09:20:16.535Z OK: min DP%-PnL%=0.25% (SOL_2026_03_11_23_27_17), 50 positions
2026-03-22T09:22:16.543Z OK: min DP%-PnL%=0.25% (SOL_2026_03_11_23_27_17), 50 positions
2026-03-22T09:24:15.531Z OK: min DP%-PnL%=0.25% (SOL_2026_03_11_23_27_17), 50 positions
2026-03-22T09:26:15.446Z OK: min DP%-PnL%=0.25% (SOL_2026_03_11_23_27_17), 50 positions
2026-03-22T09:28:16.076Z OK: min DP%-PnL%=0.25% (SOL_2026_03_11_23_27_17), 50 positions
2026-03-22T09:30:16.497Z OK: min DP%-PnL%=0.25% (SOL_2026_03_11_23_27_17), 50 positions
2026-03-22T09:32:15.500Z OK: min DP%-PnL%=0.25% (SOL_2026_03_11_23_27_17), 50 positions
2026-03-22T09:34:16.537Z OK: min DP%-PnL%=0.25% (SOL_2026_03_11_23_27_17), 50 positions
2026-03-22T09:36:16.251Z OK: min DP%-PnL%=0.25% (SOL_2026_03_11_23_27_17), 50 positions
2026-03-22T09:38:16.059Z OK: min DP%-PnL%=0.25% (SOL_2026_03_11_23_27_17), 50 positions
2026-03-22T09:40:15.570Z OK: min DP%-PnL%=0.25% (SOL_2026_03_11_23_27_17), 50 positions
2026-03-22T09:42:16.309Z OK: min DP%-PnL%=0.25% (SOL_2026_03_11_23_27_17), 50 positions
2026-03-22T09:44:16.009Z OK: min DP%-PnL%=0.25% (SOL_2026_03_11_23_27_17), 50 positions
2026-03-22T09:46:16.016Z OK: min DP%-PnL%=0.25% (SOL_2026_03_11_23_27_17), 50 positions
2026-03-22T09:48:15.733Z OK: min DP%-PnL%=0.25% (SOL_2026_03_11_23_27_17), 50 positions
2026-03-22T09:50:16.158Z OK: min DP%-PnL%=0.25% (SOL_2026_03_11_23_27_17), 50 positions
2026-03-22T09:52:16.380Z OK: min DP%-PnL%=0.25% (SOL_2026_03_11_23_27_17), 50 positions
2026-03-22T09:54:16.189Z OK: min DP%-PnL%=0.25% (SOL_2026_03_11_23_27_17), 50 positions
2026-03-22T09:56:15.491Z OK: min DP%-PnL%=0.25% (SOL_2026_03_11_23_27_17), 50 positions
2026-03-22T09:58:15.912Z OK: min DP%-PnL%=0.25% (SOL_2026_03_11_23_27_17), 50 positions
2026-03-22T10:00:15.756Z OK: min DP%-PnL%=0.25% (SOL_2026_03_11_23_27_17), 50 positions
2026-03-22T10:02:15.744Z OK: min DP%-PnL%=0.25% (SOL_2026_03_11_23_27_17), 50 positions
2026-03-22T10:04:15.756Z OK: min DP%-PnL%=0.25% (SOL_2026_03_11_23_27_17), 50 positions
2026-03-22T10:06:15.055Z OK: min DP%-PnL%=0.25% (SOL_2026_03_11_23_27_17), 50 positions
2026-03-22T10:08:16.195Z OK: min DP%-PnL%=0.25% (SOL_2026_03_11_23_27_17), 50 positions
2026-03-22T10:10:15.806Z OK: min DP%-PnL%=0.25% (SOL_2026_03_11_23_27_17), 50 positions
2026-03-22T10:12:15.910Z OK: min DP%-PnL%=0.25% (SOL_2026_03_11_23_27_17), 50 positions
2026-03-22T10:14:16.358Z OK: min DP%-PnL%=0.25% (SOL_2026_03_11_23_27_17), 50 positions
2026-03-22T10:16:15.746Z OK: min DP%-PnL%=0.25% (SOL_2026_03_11_23_27_17), 50 positions
2026-03-22T10:18:16.170Z OK: min DP%-PnL%=0.25% (SOL_2026_03_11_23_27_17), 50 positions
2026-03-22T10:20:15.778Z OK: min DP%-PnL%=0.25% (SOL_2026_03_11_23_27_17), 50 positions
2026-03-22T10:22:15.968Z OK: min DP%-PnL%=0.25% (SOL_2026_03_11_23_27_17), 50 positions
2026-03-22T10:24:16.219Z OK: min DP%-PnL%=0.25% (SOL_2026_03_11_23_27_17), 50 positions
2026-03-22T10:26:16.132Z OK: min DP%-PnL%=0.25% (SOL_2026_03_11_23_27_17), 50 positions
2026-03-22T10:28:15.428Z OK: min DP%-PnL%=0.25% (SOL_2026_03_11_23_27_17), 50 positions
2026-03-22T10:30:15.647Z OK: min DP%-PnL%=0.25% (SOL_2026_03_11_23_27_17), 50 positions
2026-03-22T10:32:16.176Z OK: min DP%-PnL%=0.25% (SOL_2026_03_11_23_27_17), 50 positions
2026-03-22T10:34:15.989Z OK: min DP%-PnL%=0.25% (SOL_2026_03_11_23_27_17), 50 positions
2026-03-22T10:36:15.492Z OK: min DP%-PnL%=0.25% (SOL_2026_03_11_23_27_17), 50 positions
2026-03-22T10:38:15.615Z OK: min DP%-PnL%=0.25% (SOL_2026_03_11_23_27_17), 50 positions
2026-03-22T10:40:15.525Z OK: min DP%-PnL%=0.25% (SOL_2026_03_11_23_27_17), 50 positions
2026-03-22T10:42:15.749Z OK: min DP%-PnL%=0.25% (SOL_2026_03_11_23_27_17), 50 positions
2026-03-22T10:44:16.178Z OK: min DP%-PnL%=0.25% (SOL_2026_03_11_23_27_17), 50 positions
2026-03-22T10:46:15.169Z OK: min DP%-PnL%=0.25% (SOL_2026_03_11_23_27_17), 50 positions
2026-03-22T10:48:15.773Z OK: min DP%-PnL%=0.25% (SOL_2026_03_11_23_27_17), 50 positions
2026-03-22T10:50:16.129Z OK: min DP%-PnL%=0.25% (SOL_2026_03_11_23_27_17), 50 positions
2026-03-22T10:52:14.916Z OK: min DP%-PnL%=0.25% (SOL_2026_03_11_23_27_17), 50 positions
2026-03-22T10:54:16.060Z OK: min DP%-PnL%=0.25% (SOL_2026_03_11_23_27_17), 50 positions
2026-03-22T10:56:16.280Z OK: min DP%-PnL%=0.25% (SOL_2026_03_11_23_27_17), 50 positions
2026-03-22T10:58:15.465Z OK: min DP%-PnL%=0.25% (SOL_2026_03_11_23_27_17), 50 positions
2026-03-22T11:00:15.497Z OK: min DP%-PnL%=0.25% (SOL_2026_03_11_23_27_17), 50 positions
2026-03-22T11:02:16.436Z OK: min DP%-PnL%=0.25% (SOL_2026_03_11_23_27_17), 50 positions
2026-03-22T11:04:16.141Z OK: min DP%-PnL%=0.25% (SOL_2026_03_11_23_27_17), 50 positions
2026-03-22T11:06:16.487Z OK: min DP%-PnL%=0.25% (SOL_2026_03_11_23_27_17), 50 positions
2026-03-22T11:08:16.895Z OK: min DP%-PnL%=0.25% (SOL_2026_03_11_23_27_17), 50 positions
2026-03-22T11:10:16.698Z OK: min DP%-PnL%=0.25% (SOL_2026_03_11_23_27_17), 50 positions
2026-03-22T11:12:15.592Z OK: min DP%-PnL%=0.25% (SOL_2026_03_11_23_27_17), 50 positions
2026-03-22T11:14:16.422Z OK: min DP%-PnL%=0.25% (SOL_2026_03_11_23_27_17), 50 positions
2026-03-22T11:16:15.811Z OK: min DP%-PnL%=0.25% (SOL_2026_03_11_23_27_17), 50 positions
2026-03-22T11:18:15.614Z OK: min DP%-PnL%=0.25% (SOL_2026_03_11_23_27_17), 50 positions
2026-03-22T11:20:15.421Z OK: min DP%-PnL%=0.25% (SOL_2026_03_11_23_27_17), 50 positions
2026-03-22T11:22:15.943Z OK: min DP%-PnL%=0.25% (SOL_2026_03_11_23_27_17), 50 positions
2026-03-22T11:24:15.436Z OK: min DP%-PnL%=0.25% (SOL_2026_03_11_23_27_17), 50 positions
2026-03-22T11:26:16.782Z OK: min DP%-PnL%=0.25% (SOL_2026_03_11_23_27_17), 50 positions
2026-03-22T11:28:16.392Z OK: min DP%-PnL%=0.25% (SOL_2026_03_11_23_27_17), 50 positions
2026-03-22T11:30:15.385Z OK: min DP%-PnL%=0.25% (SOL_2026_03_11_23_27_17), 50 positions
2026-03-22T11:32:16.822Z OK: min DP%-PnL%=0.25% (SOL_2026_03_11_23_27_17), 50 positions
2026-03-22T11:34:16.014Z OK: min DP%-PnL%=0.25% (SOL_2026_03_11_23_27_17), 50 positions
2026-03-22T11:36:15.421Z OK: min DP%-PnL%=0.25% (SOL_2026_03_11_23_27_17), 50 positions
2026-03-22T11:38:15.938Z OK: min DP%-PnL%=0.25% (SOL_2026_03_11_23_27_17), 50 positions
2026-03-22T11:40:15.854Z OK: min DP%-PnL%=0.25% (SOL_2026_03_11_23_27_17), 50 positions
2026-03-22T11:42:16.388Z OK: min DP%-PnL%=0.25% (SOL_2026_03_11_23_27_17), 50 positions
2026-03-22T11:44:15.816Z OK: min DP%-PnL%=0.25% (SOL_2026_03_11_23_27_17), 50 positions
2026-03-22T11:46:15.997Z OK: min DP%-PnL%=0.25% (SOL_2026_03_11_23_27_17), 50 positions
2026-03-22T11:48:16.329Z OK: min DP%-PnL%=0.25% (SOL_2026_03_11_23_27_17), 50 positions
2026-03-22T11:50:15.217Z OK: min DP%-PnL%=0.25% (SOL_2026_03_11_23_27_17), 50 positions
2026-03-22T11:52:15.844Z OK: min DP%-PnL%=0.25% (SOL_2026_03_11_23_27_17), 50 positions
2026-03-22T11:54:15.491Z OK: min DP%-PnL%=0.25% (SOL_2026_03_11_23_27_17), 50 positions
2026-03-22T11:56:16.500Z OK: min DP%-PnL%=0.25% (SOL_2026_03_11_23_27_17), 50 positions
2026-03-22T11:58:16.511Z OK: min DP%-PnL%=0.25% (SOL_2026_03_11_23_27_17), 50 positions
2026-03-22T12:00:15.093Z OK: min DP%-PnL%=0.23% (SOL_2026_03_11_23_27_17), 50 positions
2026-03-22T12:02:16.036Z OK: min DP%-PnL%=0.23% (SOL_2026_03_11_23_27_17), 50 positions
2026-03-22T12:04:15.843Z OK: min DP%-PnL%=0.23% (SOL_2026_03_11_23_27_17), 50 positions
2026-03-22T12:06:15.244Z OK: min DP%-PnL%=0.25% (SOL_2026_03_11_23_27_17), 50 positions
2026-03-22T12:08:15.876Z OK: min DP%-PnL%=0.23% (SOL_2026_03_11_23_27_17), 50 positions
2026-03-22T12:10:16.093Z OK: min DP%-PnL%=0.25% (SOL_2026_03_11_23_27_17), 50 positions
2026-03-22T12:12:15.802Z OK: min DP%-PnL%=0.25% (SOL_2026_03_11_23_27_17), 50 positions
2026-03-22T12:14:16.124Z OK: min DP%-PnL%=0.25% (SOL_2026_03_11_23_27_17), 50 positions
2026-03-22T12:16:14.911Z OK: min DP%-PnL%=0.25% (SOL_2026_03_11_23_27_17), 50 positions
2026-03-22T12:18:16.564Z OK: min DP%-PnL%=0.25% (SOL_2026_03_11_23_27_17), 50 positions
2026-03-22T12:20:15.352Z OK: min DP%-PnL%=0.25% (SOL_2026_03_11_23_27_17), 50 positions
2026-03-22T12:22:15.478Z OK: min DP%-PnL%=0.25% (SOL_2026_03_11_23_27_17), 50 positions
2026-03-22T12:24:15.696Z OK: min DP%-PnL%=0.25% (SOL_2026_03_11_23_27_17), 50 positions
2026-03-22T12:26:14.694Z OK: min DP%-PnL%=0.25% (SOL_2026_03_11_23_27_17), 50 positions
2026-03-22T12:28:16.862Z OK: min DP%-PnL%=0.25% (SOL_2026_03_11_23_27_17), 50 positions
2026-03-22T12:30:16.163Z OK: min DP%-PnL%=0.25% (SOL_2026_03_11_23_27_17), 50 positions
2026-03-22T12:32:16.077Z OK: min DP%-PnL%=0.25% (SOL_2026_03_11_23_27_17), 50 positions
2026-03-22T12:34:15.171Z OK: min DP%-PnL%=0.25% (SOL_2026_03_11_23_27_17), 50 positions
2026-03-22T12:36:17.029Z OK: min DP%-PnL%=0.25% (SOL_2026_03_11_23_27_17), 50 positions
2026-03-22T12:38:16.024Z OK: min DP%-PnL%=0.25% (SOL_2026_03_11_23_27_17), 50 positions
2026-03-22T12:40:16.248Z OK: min DP%-PnL%=0.25% (SOL_2026_03_11_23_27_17), 50 positions
2026-03-22T12:42:15.851Z OK: min DP%-PnL%=0.25% (SOL_2026_03_11_23_27_17), 50 positions
2026-03-22T12:44:16.174Z OK: min DP%-PnL%=0.25% (SOL_2026_03_11_23_27_17), 50 positions
2026-03-22T12:46:15.782Z OK: min DP%-PnL%=0.25% (SOL_2026_03_11_23_27_17), 50 positions
2026-03-22T12:48:16.003Z OK: min DP%-PnL%=0.25% (SOL_2026_03_11_23_27_17), 50 positions
2026-03-22T12:50:16.632Z OK: min DP%-PnL%=0.25% (SOL_2026_03_11_23_27_17), 50 positions
2026-03-22T12:52:14.970Z OK: min DP%-PnL%=0.25% (SOL_2026_03_11_23_27_17), 50 positions
2026-03-22T12:54:15.808Z OK: min DP%-PnL%=0.25% (SOL_2026_03_11_23_27_17), 50 positions
2026-03-22T12:56:16.266Z OK: min DP%-PnL%=0.25% (SOL_2026_03_11_23_27_17), 50 positions
2026-03-22T12:58:16.524Z OK: min DP%-PnL%=0.25% (SOL_2026_03_11_23_27_17), 50 positions
2026-03-22T13:00:15.879Z OK: min DP%-PnL%=0.25% (SOL_2026_03_11_23_27_17), 50 positions
2026-03-22T13:02:15.685Z OK: min DP%-PnL%=0.25% (SOL_2026_03_11_23_27_17), 50 positions
2026-03-22T13:04:15.803Z OK: min DP%-PnL%=0.25% (SOL_2026_03_11_23_27_17), 50 positions
2026-03-22T13:06:16.017Z OK: min DP%-PnL%=0.25% (SOL_2026_03_11_23_27_17), 50 positions
2026-03-22T13:08:14.905Z OK: min DP%-PnL%=0.25% (SOL_2026_03_11_23_27_17), 50 positions
2026-03-22T13:10:15.326Z OK: min DP%-PnL%=0.25% (SOL_2026_03_11_23_27_17), 50 positions
2026-03-22T13:12:15.850Z OK: min DP%-PnL%=0.25% (SOL_2026_03_11_23_27_17), 50 positions
2026-03-22T13:14:15.466Z OK: min DP%-PnL%=0.25% (SOL_2026_03_11_23_27_17), 50 positions
2026-03-22T13:16:15.373Z OK: min DP%-PnL%=0.25% (SOL_2026_03_11_23_27_17), 50 positions
2026-03-22T13:18:15.787Z OK: min DP%-PnL%=0.25% (SOL_2026_03_11_23_27_17), 50 positions
2026-03-22T13:20:16.318Z OK: min DP%-PnL%=0.25% (SOL_2026_03_11_23_27_17), 50 positions
2026-03-22T13:22:15.891Z OK: min DP%-PnL%=0.25% (SOL_2026_03_11_23_27_17), 50 positions
2026-03-22T13:24:16.137Z OK: min DP%-PnL%=0.25% (SOL_2026_03_11_23_27_17), 50 positions
2026-03-22T13:26:15.028Z OK: min DP%-PnL%=0.25% (SOL_2026_03_11_23_27_17), 50 positions
2026-03-22T13:28:16.580Z OK: min DP%-PnL%=0.25% (SOL_2026_03_11_23_27_17), 50 positions
2026-03-22T13:30:16.191Z OK: min DP%-PnL%=0.25% (SOL_2026_03_11_23_27_17), 50 positions
2026-03-22T13:32:14.992Z OK: min DP%-PnL%=0.25% (SOL_2026_03_11_23_27_17), 50 positions
2026-03-22T13:34:15.731Z OK: min DP%-PnL%=0.25% (SOL_2026_03_11_23_27_17), 50 positions
2026-03-22T13:36:16.368Z OK: min DP%-PnL%=0.25% (SOL_2026_03_11_23_27_17), 50 positions
2026-03-22T13:38:17.103Z OK: min DP%-PnL%=0.25% (SOL_2026_03_11_23_27_17), 50 positions
2026-03-22T13:40:15.494Z OK: min DP%-PnL%=0.25% (SOL_2026_03_11_23_27_17), 50 positions
2026-03-22T13:42:15.708Z OK: min DP%-PnL%=0.25% (SOL_2026_03_11_23_27_17), 50 positions
2026-03-22T13:44:15.213Z OK: min DP%-PnL%=0.25% (SOL_2026_03_11_23_27_17), 50 positions
2026-03-22T13:46:16.355Z OK: min DP%-PnL%=0.25% (SOL_2026_03_11_23_27_17), 50 positions
2026-03-22T13:48:16.069Z OK: min DP%-PnL%=0.25% (SOL_2026_03_11_23_27_17), 50 positions
2026-03-22T13:50:15.777Z OK: min DP%-PnL%=0.25% (SOL_2026_03_11_23_27_17), 50 positions
2026-03-22T13:52:16.205Z OK: min DP%-PnL%=0.25% (SOL_2026_03_11_23_27_17), 50 positions
2026-03-22T13:54:14.993Z OK: min DP%-PnL%=0.25% (SOL_2026_03_11_23_27_17), 50 positions
2026-03-22T13:56:16.137Z OK: min DP%-PnL%=0.25% (SOL_2026_03_11_23_27_17), 50 positions
2026-03-22T13:58:16.258Z OK: min DP%-PnL%=0.25% (SOL_2026_03_11_23_27_17), 50 positions
2026-03-22T14:00:16.270Z OK: min DP%-PnL%=0.25% (SOL_2026_03_11_23_27_17), 50 positions
2026-03-22T14:02:15.862Z OK: min DP%-PnL%=0.25% (SOL_2026_03_11_23_27_17), 50 positions
2026-03-22T14:04:15.785Z OK: min DP%-PnL%=0.25% (SOL_2026_03_11_23_27_17), 50 positions
2026-03-22T14:06:16.319Z OK: min DP%-PnL%=0.25% (SOL_2026_03_11_23_27_17), 50 positions
2026-03-22T14:08:15.702Z OK: min DP%-PnL%=0.25% (SOL_2026_03_11_23_27_17), 50 positions
2026-03-22T14:10:15.305Z OK: min DP%-PnL%=0.25% (SOL_2026_03_11_23_27_17), 50 positions
2026-03-22T14:12:17.158Z OK: min DP%-PnL%=0.25% (SOL_2026_03_11_23_27_17), 50 positions
2026-03-22T14:14:15.324Z OK: min DP%-PnL%=0.25% (SOL_2026_03_11_23_27_17), 50 positions
2026-03-22T14:16:15.953Z OK: min DP%-PnL%=0.25% (SOL_2026_03_11_23_27_17), 50 positions
2026-03-22T14:18:15.350Z OK: min DP%-PnL%=0.25% (SOL_2026_03_11_23_27_17), 50 positions
2026-03-22T14:20:15.573Z OK: min DP%-PnL%=0.25% (SOL_2026_03_11_23_27_17), 50 positions
2026-03-22T14:22:16.292Z OK: min DP%-PnL%=0.25% (SOL_2026_03_11_23_27_17), 50 positions
2026-03-22T14:24:16.105Z OK: min DP%-PnL%=0.61% (SOL_2026_03_09_19_24_09), 50 positions
2026-03-22T14:26:16.432Z OK: min DP%-PnL%=0.61% (SOL_2026_03_09_19_24_09), 50 positions
2026-03-22T14:28:15.417Z OK: min DP%-PnL%=0.61% (SOL_2026_03_09_19_24_09), 50 positions
2026-03-22T14:30:16.969Z OK: min DP%-PnL%=0.61% (SOL_2026_03_09_19_24_09), 50 positions
2026-03-22T14:32:15.754Z OK: min DP%-PnL%=0.61% (SOL_2026_03_09_19_24_09), 50 positions
2026-03-22T14:34:15.255Z OK: min DP%-PnL%=0.61% (SOL_2026_03_09_19_24_09), 50 positions
2026-03-22T14:36:15.477Z OK: min DP%-PnL%=0.51% (XRP_2026_01_10_08_40_29), 50 positions
2026-03-22T14:38:15.693Z OK: min DP%-PnL%=0.51% (XRP_2026_01_10_08_40_29), 50 positions
2026-03-22T14:40:16.322Z OK: min DP%-PnL%=0.51% (XRP_2026_01_10_08_40_29), 50 positions
2026-03-22T14:42:15.962Z OK: min DP%-PnL%=0.51% (XRP_2026_01_10_08_40_29), 50 positions
2026-03-22T14:44:17.168Z OK: min DP%-PnL%=0.51% (XRP_2026_01_10_08_40_29), 50 positions
2026-03-22T14:46:16.469Z OK: min DP%-PnL%=0.51% (XRP_2026_01_10_08_40_29), 50 positions
2026-03-22T14:48:16.698Z OK: min DP%-PnL%=0.51% (XRP_2026_01_10_08_40_29), 50 positions
2026-03-22T14:50:15.472Z OK: min DP%-PnL%=0.51% (XRP_2026_01_10_08_40_29), 50 positions
2026-03-22T14:52:16.199Z OK: min DP%-PnL%=0.51% (XRP_2026_01_10_08_40_29), 50 positions
2026-03-22T14:54:16.113Z OK: min DP%-PnL%=0.51% (XRP_2026_01_10_08_40_29), 50 positions
2026-03-22T14:56:15.822Z OK: min DP%-PnL%=0.47% (BTC_2026_03_11_19_43_22), 50 positions
2026-03-22T14:58:17.166Z OK: min DP%-PnL%=0.47% (BTC_2026_03_11_19_43_22), 50 positions
2026-03-22T15:00:16.051Z OK: min DP%-PnL%=0.51% (XRP_2026_01_10_08_40_29), 50 positions
2026-03-22T15:02:16.066Z OK: min DP%-PnL%=0.51% (XRP_2026_01_10_08_40_29), 50 positions
2026-03-22T15:04:16.185Z OK: min DP%-PnL%=0.51% (XRP_2026_01_10_08_40_29), 50 positions
2026-03-22T15:06:15.787Z OK: min DP%-PnL%=0.51% (XRP_2026_01_10_08_40_29), 50 positions
2026-03-22T15:08:14.984Z OK: min DP%-PnL%=0.51% (XRP_2026_01_10_08_40_29), 50 positions
2026-03-22T15:10:15.612Z OK: min DP%-PnL%=0.51% (XRP_2026_01_10_08_40_29), 50 positions
2026-03-22T15:12:16.142Z OK: min DP%-PnL%=0.51% (XRP_2026_01_10_08_40_29), 50 positions
2026-03-22T15:14:16.670Z OK: min DP%-PnL%=0.51% (XRP_2026_01_10_08_40_29), 50 positions
2026-03-22T15:16:15.054Z OK: min DP%-PnL%=0.51% (XRP_2026_01_10_08_40_29), 50 positions
2026-03-22T15:18:16.511Z OK: min DP%-PnL%=0.51% (XRP_2026_01_10_08_40_29), 50 positions
2026-03-22T15:20:15.599Z OK: min DP%-PnL%=0.51% (XRP_2026_01_10_08_40_29), 50 positions
2026-03-22T15:22:15.970Z OK: min DP%-PnL%=0.51% (XRP_2026_01_10_08_40_29), 50 positions
2026-03-22T15:24:16.448Z OK: min DP%-PnL%=0.51% (XRP_2026_01_10_08_40_29), 50 positions
2026-03-22T15:26:15.436Z OK: min DP%-PnL%=0.51% (XRP_2026_01_10_08_40_29), 50 positions
2026-03-22T15:28:15.759Z OK: min DP%-PnL%=0.51% (XRP_2026_01_10_08_40_29), 50 positions
2026-03-22T15:30:15.775Z OK: min DP%-PnL%=0.51% (XRP_2026_01_10_08_40_29), 50 positions
2026-03-22T15:32:15.075Z OK: min DP%-PnL%=0.51% (XRP_2026_01_10_08_40_29), 50 positions
2026-03-22T15:34:16.726Z OK: min DP%-PnL%=0.51% (XRP_2026_01_10_08_40_29), 50 positions
2026-03-22T15:36:15.411Z OK: min DP%-PnL%=0.51% (XRP_2026_01_10_08_40_29), 50 positions
2026-03-22T15:38:15.939Z OK: min DP%-PnL%=0.51% (XRP_2026_01_10_08_40_29), 50 positions
2026-03-22T15:40:15.797Z OK: min DP%-PnL%=0.51% (XRP_2026_01_10_08_40_29), 50 positions
2026-03-22T15:42:16.220Z OK: min DP%-PnL%=0.51% (XRP_2026_01_10_08_40_29), 50 positions
2026-03-22T15:44:15.675Z OK: min DP%-PnL%=0.51% (XRP_2026_01_10_08_40_29), 50 positions
2026-03-22T15:46:15.423Z OK: min DP%-PnL%=0.51% (XRP_2026_01_10_08_40_29), 50 positions
2026-03-22T15:48:15.422Z OK: min DP%-PnL%=0.51% (XRP_2026_01_10_08_40_29), 50 positions
2026-03-22T15:50:16.439Z OK: min DP%-PnL%=0.51% (XRP_2026_01_10_08_40_29), 50 positions
2026-03-22T15:52:16.569Z OK: min DP%-PnL%=0.51% (XRP_2026_01_10_08_40_29), 50 positions
2026-03-22T15:54:15.857Z OK: min DP%-PnL%=0.51% (XRP_2026_01_10_08_40_29), 50 positions
2026-03-22T15:56:16.385Z OK: min DP%-PnL%=0.51% (XRP_2026_01_10_08_40_29), 50 positions
2026-03-22T15:58:16.749Z OK: min DP%-PnL%=0.51% (XRP_2026_01_10_08_40_29), 50 positions
2026-03-22T16:00:16.711Z OK: min DP%-PnL%=0.51% (XRP_2026_01_10_08_40_29), 50 positions
2026-03-22T16:02:16.823Z OK: min DP%-PnL%=0.51% (XRP_2026_01_10_08_40_29), 50 positions
2026-03-22T16:04:16.584Z OK: min DP%-PnL%=0.51% (XRP_2026_01_10_08_40_29), 50 positions
2026-03-22T16:06:15.739Z OK: min DP%-PnL%=0.51% (XRP_2026_01_10_08_40_29), 50 positions
2026-03-22T16:08:16.370Z OK: min DP%-PnL%=0.51% (XRP_2026_01_10_08_40_29), 50 positions
2026-03-22T16:10:16.081Z OK: min DP%-PnL%=0.51% (XRP_2026_01_10_08_40_29), 50 positions
2026-03-22T16:12:16.093Z OK: min DP%-PnL%=0.51% (XRP_2026_01_10_08_40_29), 50 positions
2026-03-22T16:14:15.803Z OK: min DP%-PnL%=0.51% (XRP_2026_01_10_08_40_29), 50 positions
2026-03-22T16:16:15.424Z OK: min DP%-PnL%=0.51% (XRP_2026_01_10_08_40_29), 50 positions
2026-03-22T16:18:15.015Z OK: min DP%-PnL%=0.51% (XRP_2026_01_10_08_40_29), 50 positions
2026-03-22T16:20:16.764Z OK: min DP%-PnL%=0.51% (XRP_2026_01_10_08_40_29), 50 positions
2026-03-22T16:22:16.368Z OK: min DP%-PnL%=0.51% (XRP_2026_01_10_08_40_29), 50 positions
2026-03-22T16:24:15.566Z OK: min DP%-PnL%=0.51% (XRP_2026_01_10_08_40_29), 50 positions
2026-03-22T16:26:15.976Z OK: min DP%-PnL%=0.51% (XRP_2026_01_10_08_40_29), 50 positions
2026-03-22T16:28:16.192Z OK: min DP%-PnL%=0.51% (XRP_2026_01_10_08_40_29), 50 positions
2026-03-22T16:30:15.895Z OK: min DP%-PnL%=0.51% (XRP_2026_01_10_08_40_29), 50 positions
2026-03-22T16:32:16.111Z OK: min DP%-PnL%=0.51% (XRP_2026_01_10_08_40_29), 50 positions
2026-03-22T16:34:16.024Z OK: min DP%-PnL%=0.51% (XRP_2026_01_10_08_40_29), 50 positions
2026-03-22T16:36:15.726Z OK: min DP%-PnL%=0.51% (XRP_2026_01_10_08_40_29), 50 positions
2026-03-22T16:38:15.229Z OK: min DP%-PnL%=0.51% (XRP_2026_01_10_08_40_29), 50 positions
2026-03-22T16:40:15.239Z OK: min DP%-PnL%=0.51% (XRP_2026_01_10_08_40_29), 50 positions
2026-03-22T16:42:15.253Z OK: min DP%-PnL%=0.51% (XRP_2026_01_10_08_40_29), 50 positions
2026-03-22T16:44:15.370Z OK: min DP%-PnL%=0.51% (XRP_2026_01_10_08_40_29), 50 positions
2026-03-22T16:46:16.000Z OK: min DP%-PnL%=0.51% (XRP_2026_01_10_08_40_29), 50 positions
2026-03-22T16:48:17.133Z OK: min DP%-PnL%=0.51% (XRP_2026_01_10_08_40_29), 50 positions
2026-03-22T16:50:16.178Z OK: min DP%-PnL%=0.51% (XRP_2026_01_10_08_40_29), 50 positions
2026-03-22T16:52:16.140Z OK: min DP%-PnL%=0.51% (XRP_2026_01_10_08_40_29), 50 positions
2026-03-22T16:54:15.949Z OK: min DP%-PnL%=0.51% (XRP_2026_01_10_08_40_29), 50 positions
2026-03-22T16:56:15.875Z OK: min DP%-PnL%=0.51% (XRP_2026_01_10_08_40_29), 50 positions
2026-03-22T16:58:16.141Z OK: min DP%-PnL%=0.51% (XRP_2026_01_10_08_40_29), 50 positions
2026-03-22T17:00:16.009Z OK: min DP%-PnL%=0.51% (XRP_2026_01_10_08_40_29), 50 positions
2026-03-22T17:02:15.824Z OK: min DP%-PnL%=0.51% (XRP_2026_01_10_08_40_29), 50 positions
2026-03-22T17:04:15.842Z OK: min DP%-PnL%=0.51% (XRP_2026_01_10_08_40_29), 50 positions
2026-03-22T17:06:16.063Z OK: min DP%-PnL%=0.51% (XRP_2026_01_10_08_40_29), 50 positions
2026-03-22T17:08:16.441Z OK: min DP%-PnL%=0.51% (XRP_2026_01_10_08_40_29), 50 positions
2026-03-22T17:10:16.513Z OK: min DP%-PnL%=0.51% (XRP_2026_01_10_08_40_29), 50 positions
2026-03-22T17:12:15.864Z OK: min DP%-PnL%=0.51% (XRP_2026_01_10_08_40_29), 50 positions
2026-03-22T17:14:15.410Z OK: min DP%-PnL%=0.51% (XRP_2026_01_10_08_40_29), 50 positions
2026-03-22T17:16:16.562Z OK: min DP%-PnL%=0.51% (XRP_2026_01_10_08_40_29), 50 positions
2026-03-22T17:18:15.547Z OK: min DP%-PnL%=0.51% (XRP_2026_01_10_08_40_29), 50 positions
2026-03-22T17:20:15.763Z OK: min DP%-PnL%=0.51% (XRP_2026_01_10_08_40_29), 50 positions
2026-03-22T17:22:15.923Z OK: min DP%-PnL%=0.51% (XRP_2026_01_10_08_40_29), 50 positions
2026-03-22T17:24:15.076Z OK: min DP%-PnL%=0.51% (XRP_2026_01_10_08_40_29), 50 positions
2026-03-22T17:26:16.013Z OK: min DP%-PnL%=0.51% (XRP_2026_01_10_08_40_29), 50 positions
2026-03-22T17:28:16.028Z OK: min DP%-PnL%=0.51% (XRP_2026_01_10_08_40_29), 50 positions
2026-03-22T17:30:16.763Z OK: min DP%-PnL%=0.51% (XRP_2026_01_10_08_40_29), 50 positions
2026-03-22T17:32:16.482Z OK: min DP%-PnL%=0.51% (XRP_2026_01_10_08_40_29), 50 positions
2026-03-22T17:34:16.803Z OK: min DP%-PnL%=0.51% (XRP_2026_01_10_08_40_29), 50 positions
2026-03-22T17:36:14.926Z OK: min DP%-PnL%=0.51% (XRP_2026_01_10_08_40_29), 50 positions
2026-03-22T17:38:15.619Z OK: min DP%-PnL%=0.51% (XRP_2026_01_10_08_40_29), 50 positions
2026-03-22T17:40:15.504Z OK: min DP%-PnL%=0.51% (XRP_2026_01_10_08_40_29), 50 positions
2026-03-22T17:42:16.455Z OK: min DP%-PnL%=0.51% (XRP_2026_01_10_08_40_29), 50 positions
2026-03-22T17:44:15.860Z OK: min DP%-PnL%=0.51% (XRP_2026_01_10_08_40_29), 50 positions
2026-03-22T17:46:16.185Z OK: min DP%-PnL%=0.51% (XRP_2026_01_10_08_40_29), 50 positions
2026-03-22T17:48:16.296Z OK: min DP%-PnL%=0.51% (XRP_2026_01_10_08_40_29), 50 positions
2026-03-22T17:50:15.703Z OK: min DP%-PnL%=0.51% (XRP_2026_01_10_08_40_29), 50 positions
2026-03-22T17:52:15.103Z OK: min DP%-PnL%=0.51% (XRP_2026_01_10_08_40_29), 50 positions
2026-03-22T17:54:16.761Z OK: min DP%-PnL%=0.51% (XRP_2026_01_10_08_40_29), 50 positions
2026-03-22T17:56:16.255Z OK: min DP%-PnL%=0.51% (XRP_2026_01_10_08_40_29), 50 positions
2026-03-22T17:58:15.356Z OK: min DP%-PnL%=0.51% (XRP_2026_01_10_08_40_29), 50 positions
2026-03-22T18:00:15.882Z OK: min DP%-PnL%=0.51% (XRP_2026_01_10_08_40_29), 50 positions
2026-03-22T18:02:16.723Z OK: min DP%-PnL%=0.51% (XRP_2026_01_10_08_40_29), 50 positions
2026-03-22T18:04:15.946Z OK: min DP%-PnL%=0.51% (XRP_2026_01_10_08_40_29), 50 positions
2026-03-22T18:06:16.766Z OK: min DP%-PnL%=0.51% (XRP_2026_01_10_08_40_29), 50 positions
2026-03-22T18:08:16.588Z OK: min DP%-PnL%=0.51% (XRP_2026_01_10_08_40_29), 50 positions
2026-03-22T18:10:16.080Z OK: min DP%-PnL%=0.51% (XRP_2026_01_10_08_40_29), 50 positions
2026-03-22T18:12:16.411Z OK: min DP%-PnL%=0.51% (XRP_2026_01_10_08_40_29), 50 positions
2026-03-22T18:14:15.623Z OK: min DP%-PnL%=0.51% (XRP_2026_01_10_08_40_29), 50 positions
2026-03-22T18:16:16.252Z OK: min DP%-PnL%=0.51% (XRP_2026_01_10_08_40_29), 50 positions
2026-03-22T18:18:16.167Z OK: min DP%-PnL%=0.51% (XRP_2026_01_10_08_40_29), 50 positions
2026-03-22T18:20:16.905Z OK: min DP%-PnL%=0.51% (XRP_2026_01_10_08_40_29), 50 positions
2026-03-22T18:22:16.724Z OK: min DP%-PnL%=0.51% (XRP_2026_01_10_08_40_29), 50 positions
2026-03-22T18:24:15.299Z OK: min DP%-PnL%=0.51% (XRP_2026_01_10_08_40_29), 50 positions
2026-03-22T18:26:15.317Z OK: min DP%-PnL%=0.51% (XRP_2026_01_10_08_40_29), 50 positions
2026-03-22T18:28:16.464Z OK: min DP%-PnL%=0.51% (XRP_2026_01_10_08_40_29), 50 positions
2026-03-22T18:30:15.968Z OK: min DP%-PnL%=0.51% (XRP_2026_01_10_08_40_29), 50 positions
2026-03-22T18:32:15.471Z OK: min DP%-PnL%=0.51% (XRP_2026_01_10_08_40_29), 50 positions
2026-03-22T18:34:15.593Z OK: min DP%-PnL%=0.51% (XRP_2026_01_10_08_40_29), 50 positions
2026-03-22T18:36:15.301Z OK: min DP%-PnL%=0.51% (XRP_2026_01_10_08_40_29), 50 positions
2026-03-22T18:38:15.627Z OK: min DP%-PnL%=0.51% (XRP_2026_01_10_08_40_29), 50 positions
2026-03-22T18:40:15.754Z OK: min DP%-PnL%=0.51% (XRP_2026_01_10_08_40_29), 50 positions
2026-03-22T18:42:14.841Z OK: min DP%-PnL%=0.51% (XRP_2026_01_10_08_40_29), 50 positions
2026-03-22T18:44:15.165Z OK: min DP%-PnL%=0.51% (XRP_2026_01_10_08_40_29), 50 positions
2026-03-22T18:46:16.307Z OK: min DP%-PnL%=0.51% (XRP_2026_01_10_08_40_29), 50 positions
2026-03-22T18:48:16.428Z OK: min DP%-PnL%=0.51% (XRP_2026_01_10_08_40_29), 50 positions
2026-03-22T18:50:16.345Z OK: min DP%-PnL%=0.51% (XRP_2026_01_10_08_40_29), 50 positions
2026-03-22T18:52:16.463Z OK: min DP%-PnL%=0.51% (XRP_2026_01_10_08_40_29), 50 positions
2026-03-22T18:54:15.319Z OK: min DP%-PnL%=0.51% (XRP_2026_01_10_08_40_29), 50 positions
2026-03-22T18:56:16.829Z OK: min DP%-PnL%=0.51% (XRP_2026_01_10_08_40_29), 50 positions
2026-03-22T18:58:16.510Z OK: min DP%-PnL%=0.51% (XRP_2026_01_10_08_40_29), 50 positions
2026-03-22T19:00:16.402Z OK: min DP%-PnL%=0.51% (XRP_2026_01_10_08_40_29), 50 positions
2026-03-22T19:02:16.199Z OK: min DP%-PnL%=0.51% (XRP_2026_01_10_08_40_29), 50 positions
2026-03-22T19:04:16.101Z OK: min DP%-PnL%=0.51% (XRP_2026_01_10_08_40_29), 50 positions
2026-03-22T19:06:15.894Z OK: min DP%-PnL%=0.51% (XRP_2026_01_10_08_40_29), 50 positions
2026-03-22T19:08:15.909Z OK: min DP%-PnL%=0.51% (XRP_2026_01_10_08_40_29), 50 positions
2026-03-22T19:10:15.812Z OK: min DP%-PnL%=0.51% (XRP_2026_01_10_08_40_29), 50 positions
2026-03-22T19:12:16.037Z OK: min DP%-PnL%=0.51% (XRP_2026_01_10_08_40_29), 50 positions
2026-03-22T19:14:16.577Z OK: min DP%-PnL%=0.51% (XRP_2026_01_10_08_40_29), 50 positions
2026-03-22T19:16:15.459Z OK: min DP%-PnL%=0.51% (XRP_2026_01_10_08_40_29), 50 positions
2026-03-22T19:18:15.584Z OK: min DP%-PnL%=0.51% (XRP_2026_01_10_08_40_29), 50 positions
2026-03-22T19:20:15.896Z OK: min DP%-PnL%=0.51% (XRP_2026_01_10_08_40_29), 50 positions
2026-03-22T19:22:16.632Z OK: min DP%-PnL%=0.51% (XRP_2026_01_10_08_40_29), 50 positions
2026-03-22T19:24:16.541Z OK: min DP%-PnL%=0.51% (XRP_2026_01_10_08_40_29), 50 positions
2026-03-22T19:26:16.269Z OK: min DP%-PnL%=0.51% (XRP_2026_01_10_08_40_29), 50 positions
2026-03-22T19:28:15.946Z OK: min DP%-PnL%=0.51% (XRP_2026_01_10_08_40_29), 50 positions
2026-03-22T19:30:16.061Z OK: min DP%-PnL%=0.51% (XRP_2026_01_10_08_40_29), 50 positions
2026-03-22T19:32:16.476Z OK: min DP%-PnL%=0.51% (XRP_2026_01_10_08_40_29), 50 positions
2026-03-22T19:34:16.699Z OK: min DP%-PnL%=0.51% (XRP_2026_01_10_08_40_29), 50 positions
2026-03-22T19:36:16.606Z OK: min DP%-PnL%=0.51% (XRP_2026_01_10_08_40_29), 50 positions
2026-03-22T19:38:16.616Z OK: min DP%-PnL%=0.51% (XRP_2026_01_10_08_40_29), 50 positions
2026-03-22T19:40:15.407Z OK: min DP%-PnL%=0.51% (XRP_2026_01_10_08_40_29), 50 positions
2026-03-22T19:42:16.330Z OK: min DP%-PnL%=0.51% (XRP_2026_01_10_08_40_29), 50 positions
2026-03-22T19:44:16.029Z OK: min DP%-PnL%=0.51% (XRP_2026_01_10_08_40_29), 50 positions
2026-03-22T19:46:15.868Z OK: min DP%-PnL%=0.51% (XRP_2026_01_10_08_40_29), 50 positions
2026-03-22T19:48:15.291Z OK: min DP%-PnL%=0.51% (XRP_2026_01_10_08_40_29), 50 positions
2026-03-22T19:50:15.643Z OK: min DP%-PnL%=0.51% (XRP_2026_01_10_08_40_29), 50 positions
2026-03-22T19:52:16.096Z OK: min DP%-PnL%=0.51% (XRP_2026_01_10_08_40_29), 50 positions
2026-03-22T19:54:16.098Z OK: min DP%-PnL%=0.51% (XRP_2026_01_10_08_40_29), 50 positions
2026-03-22T19:56:16.019Z OK: min DP%-PnL%=0.51% (XRP_2026_01_10_08_40_29), 50 positions
2026-03-22T19:58:15.222Z OK: min DP%-PnL%=0.51% (XRP_2026_01_10_08_40_29), 50 positions
2026-03-22T20:00:16.573Z OK: min DP%-PnL%=0.51% (XRP_2026_01_10_08_40_29), 50 positions
2026-03-22T20:02:15.878Z OK: min DP%-PnL%=0.51% (XRP_2026_01_10_08_40_29), 50 positions
2026-03-22T20:04:15.888Z OK: min DP%-PnL%=0.51% (XRP_2026_01_10_08_40_29), 50 positions
2026-03-22T20:06:02.221Z ERROR: page.goto: net::ERR_NAME_NOT_RESOLVED at https://inv.ondatamint.com/dashboard/
Call log:
  - navigating to "https://inv.ondatamint.com/dashboard/", waiting until "networkidle"

2026-03-22T20:08:16.447Z OK: min DP%-PnL%=0.51% (XRP_2026_01_10_08_40_29), 50 positions
2026-03-22T20:10:16.875Z OK: min DP%-PnL%=0.51% (XRP_2026_01_10_08_40_29), 50 positions
2026-03-22T20:12:16.374Z OK: min DP%-PnL%=0.51% (XRP_2026_01_10_08_40_29), 50 positions
2026-03-22T20:14:15.372Z OK: min DP%-PnL%=0.51% (XRP_2026_01_10_08_40_29), 50 positions
2026-03-22T20:16:16.414Z OK: min DP%-PnL%=0.51% (XRP_2026_01_10_08_40_29), 50 positions
2026-03-22T20:18:16.018Z OK: min DP%-PnL%=0.51% (XRP_2026_01_10_08_40_29), 50 positions
2026-03-22T20:20:15.825Z OK: min DP%-PnL%=0.51% (XRP_2026_01_10_08_40_29), 50 positions
2026-03-22T20:22:15.833Z OK: min DP%-PnL%=0.51% (XRP_2026_01_10_08_40_29), 50 positions
2026-03-22T20:24:15.846Z OK: min DP%-PnL%=0.51% (XRP_2026_01_10_08_40_29), 50 positions
2026-03-22T20:26:14.631Z OK: min DP%-PnL%=0.51% (XRP_2026_01_10_08_40_29), 50 positions
2026-03-22T20:28:15.677Z OK: min DP%-PnL%=0.51% (XRP_2026_01_10_08_40_29), 50 positions
2026-03-22T20:30:17.014Z OK: min DP%-PnL%=0.51% (XRP_2026_01_10_08_40_29), 50 positions
2026-03-22T20:32:16.308Z OK: min DP%-PnL%=0.51% (XRP_2026_01_10_08_40_29), 50 positions
2026-03-22T20:34:16.019Z OK: min DP%-PnL%=0.51% (XRP_2026_01_10_08_40_29), 50 positions
2026-03-22T20:36:16.334Z OK: min DP%-PnL%=0.51% (XRP_2026_01_10_08_40_29), 50 positions
2026-03-22T20:38:15.944Z OK: min DP%-PnL%=0.51% (XRP_2026_01_10_08_40_29), 50 positions
2026-03-22T20:40:16.366Z OK: min DP%-PnL%=0.51% (XRP_2026_01_10_08_40_29), 50 positions
2026-03-22T20:42:15.906Z OK: min DP%-PnL%=0.51% (XRP_2026_01_10_08_40_29), 50 positions
2026-03-22T20:44:15.479Z OK: min DP%-PnL%=0.51% (XRP_2026_01_10_08_40_29), 50 positions
2026-03-22T20:46:16.619Z OK: min DP%-PnL%=0.51% (XRP_2026_01_10_08_40_29), 50 positions
2026-03-22T20:48:15.812Z OK: min DP%-PnL%=0.51% (XRP_2026_01_10_08_40_29), 50 positions
2026-03-22T20:50:15.928Z OK: min DP%-PnL%=0.51% (XRP_2026_01_10_08_40_29), 50 positions
2026-03-22T20:52:15.747Z OK: min DP%-PnL%=0.51% (XRP_2026_01_10_08_40_29), 50 positions
2026-03-22T20:54:17.084Z OK: min DP%-PnL%=0.51% (XRP_2026_01_10_08_40_29), 50 positions
2026-03-22T20:56:16.383Z OK: min DP%-PnL%=0.51% (XRP_2026_01_10_08_40_29), 50 positions
2026-03-22T20:58:16.187Z OK: min DP%-PnL%=0.51% (XRP_2026_01_10_08_40_29), 50 positions
2026-03-22T21:00:15.484Z OK: min DP%-PnL%=0.51% (XRP_2026_01_10_08_40_29), 50 positions
2026-03-22T21:02:15.717Z OK: min DP%-PnL%=0.51% (XRP_2026_01_10_08_40_29), 50 positions
2026-03-22T21:04:16.332Z OK: min DP%-PnL%=0.51% (XRP_2026_01_10_08_40_29), 50 positions
2026-03-22T21:06:15.529Z OK: min DP%-PnL%=0.51% (XRP_2026_01_10_08_40_29), 50 positions
2026-03-22T21:08:16.363Z OK: min DP%-PnL%=0.51% (XRP_2026_01_10_08_40_29), 50 positions
2026-03-22T21:10:15.878Z OK: min DP%-PnL%=0.51% (XRP_2026_01_10_08_40_29), 50 positions
2026-03-22T21:12:15.981Z OK: min DP%-PnL%=0.51% (XRP_2026_01_10_08_40_29), 50 positions
2026-03-22T21:14:17.179Z OK: min DP%-PnL%=0.51% (XRP_2026_01_10_08_40_29), 50 positions
2026-03-22T21:16:15.401Z OK: min DP%-PnL%=0.51% (XRP_2026_01_10_08_40_29), 50 positions
2026-03-22T21:18:16.435Z OK: min DP%-PnL%=0.51% (XRP_2026_01_10_08_40_29), 50 positions
2026-03-22T21:20:15.325Z OK: min DP%-PnL%=0.51% (XRP_2026_01_10_08_40_29), 50 positions
2026-03-22T21:22:15.920Z OK: min DP%-PnL%=0.51% (XRP_2026_01_10_08_40_29), 50 positions
2026-03-22T21:24:15.874Z OK: min DP%-PnL%=0.51% (XRP_2026_01_10_08_40_29), 50 positions
2026-03-22T21:26:15.574Z OK: min DP%-PnL%=0.51% (XRP_2026_01_10_08_40_29), 50 positions
2026-03-22T21:28:16.717Z OK: min DP%-PnL%=0.51% (XRP_2026_01_10_08_40_29), 50 positions
2026-03-22T21:30:16.637Z OK: min DP%-PnL%=0.51% (XRP_2026_03_01_13_44_00), 50 positions
2026-03-22T21:32:15.733Z OK: min DP%-PnL%=0.51% (XRP_2026_03_01_13_44_00), 50 positions
2026-03-22T21:34:15.442Z OK: min DP%-PnL%=0.51% (XRP_2026_03_01_13_44_00), 50 positions
2026-03-22T21:36:16.172Z OK: min DP%-PnL%=0.51% (XRP_2026_03_01_13_44_00), 50 positions
2026-03-22T21:38:15.834Z OK: min DP%-PnL%=0.51% (XRP_2026_03_01_13_44_00), 50 positions
2026-03-22T21:40:15.390Z OK: min DP%-PnL%=0.51% (XRP_2026_03_01_13_44_00), 50 positions
2026-03-22T21:42:15.874Z OK: min DP%-PnL%=0.51% (XRP_2026_03_01_13_44_00), 50 positions
2026-03-22T21:44:16.953Z OK: min DP%-PnL%=0.51% (XRP_2026_03_01_13_44_00), 50 positions
2026-03-22T21:46:15.331Z OK: min DP%-PnL%=0.51% (XRP_2026_03_01_13_44_00), 50 positions
2026-03-22T21:48:16.369Z OK: min DP%-PnL%=0.51% (XRP_2026_03_01_13_44_00), 50 positions
2026-03-22T21:50:15.974Z OK: min DP%-PnL%=0.51% (XRP_2026_03_01_13_44_00), 50 positions
2026-03-22T21:52:16.201Z OK: min DP%-PnL%=0.51% (XRP_2026_03_01_13_44_00), 50 positions
2026-03-22T21:54:15.398Z OK: min DP%-PnL%=0.51% (XRP_2026_03_01_13_44_00), 50 positions
2026-03-22T21:56:16.740Z OK: min DP%-PnL%=0.51% (XRP_2026_03_01_13_44_00), 50 positions
2026-03-22T21:58:15.634Z OK: min DP%-PnL%=0.51% (XRP_2026_03_01_13_44_00), 50 positions
2026-03-22T22:00:15.653Z OK: min DP%-PnL%=0.51% (XRP_2026_03_01_13_44_00), 50 positions
2026-03-22T22:02:15.879Z OK: min DP%-PnL%=0.51% (XRP_2026_03_01_13_44_00), 50 positions
2026-03-22T22:04:16.596Z OK: min DP%-PnL%=0.51% (XRP_2026_03_01_13_44_00), 50 positions
2026-03-22T22:06:15.583Z OK: min DP%-PnL%=0.51% (XRP_2026_03_01_13_44_00), 50 positions
2026-03-22T22:08:16.134Z OK: min DP%-PnL%=0.51% (XRP_2026_03_01_13_44_00), 50 positions
2026-03-22T22:10:15.525Z OK: min DP%-PnL%=0.51% (XRP_2026_03_01_13_44_00), 50 positions
2026-03-22T22:12:15.422Z OK: min DP%-PnL%=0.51% (XRP_2026_03_01_13_44_00), 50 positions
2026-03-22T22:14:16.150Z OK: min DP%-PnL%=0.51% (XRP_2026_03_01_13_44_00), 50 positions
2026-03-22T22:16:16.162Z OK: min DP%-PnL%=0.51% (XRP_2026_03_01_13_44_00), 50 positions
2026-03-22T22:18:16.178Z OK: min DP%-PnL%=0.51% (XRP_2026_03_01_13_44_00), 50 positions
2026-03-22T22:20:15.050Z OK: min DP%-PnL%=0.51% (XRP_2026_03_01_13_44_00), 50 positions
2026-03-22T22:22:16.409Z OK: min DP%-PnL%=0.51% (XRP_2026_03_01_13_44_00), 50 positions
2026-03-22T22:24:15.504Z OK: min DP%-PnL%=0.51% (XRP_2026_03_01_13_44_00), 50 positions
2026-03-22T22:26:16.133Z OK: min DP%-PnL%=0.51% (XRP_2026_03_01_13_44_00), 50 positions
2026-03-22T22:28:16.452Z OK: min DP%-PnL%=0.51% (XRP_2026_03_01_13_44_00), 50 positions
2026-03-22T22:30:16.570Z OK: min DP%-PnL%=0.51% (XRP_2026_03_01_13_44_00), 50 positions
2026-03-22T22:32:15.911Z OK: min DP%-PnL%=0.51% (XRP_2026_03_01_13_44_00), 50 positions
2026-03-22T22:34:16.186Z OK: min DP%-PnL%=0.51% (XRP_2026_03_01_13_44_00), 50 positions
2026-03-22T22:36:16.412Z OK: min DP%-PnL%=0.51% (XRP_2026_03_01_13_44_00), 50 positions
2026-03-22T22:38:15.086Z OK: min DP%-PnL%=0.51% (XRP_2026_03_01_13_44_00), 50 positions
2026-03-22T22:40:15.737Z OK: min DP%-PnL%=0.51% (XRP_2026_03_01_13_44_00), 50 positions
2026-03-22T22:42:15.352Z OK: min DP%-PnL%=0.51% (XRP_2026_03_01_13_44_00), 50 positions
2026-03-22T22:44:15.906Z OK: min DP%-PnL%=0.51% (XRP_2026_03_01_13_44_00), 50 positions
2026-03-22T22:46:15.392Z OK: min DP%-PnL%=0.51% (XRP_2026_03_01_13_44_00), 50 positions
2026-03-22T22:48:15.104Z OK: min DP%-PnL%=0.51% (XRP_2026_03_01_13_44_00), 50 positions
2026-03-22T22:50:16.866Z OK: min DP%-PnL%=0.51% (XRP_2026_03_01_13_44_00), 50 positions
2026-03-22T22:52:15.970Z OK: min DP%-PnL%=0.51% (XRP_2026_03_01_13_44_00), 50 positions
2026-03-22T22:54:15.256Z OK: min DP%-PnL%=0.51% (XRP_2026_03_01_13_44_00), 50 positions
2026-03-22T22:56:16.196Z OK: min DP%-PnL%=0.51% (XRP_2026_03_01_13_44_00), 50 positions
2026-03-22T22:58:15.186Z OK: min DP%-PnL%=0.51% (XRP_2026_03_01_13_44_00), 50 positions
2026-03-22T23:00:15.925Z OK: min DP%-PnL%=0.51% (XRP_2026_03_01_13_44_00), 50 positions
2026-03-22T23:02:16.396Z OK: min DP%-PnL%=0.51% (XRP_2026_03_01_13_44_00), 50 positions
2026-03-22T23:04:16.667Z OK: min DP%-PnL%=0.51% (XRP_2026_03_01_13_44_00), 50 positions
2026-03-22T23:06:16.144Z OK: min DP%-PnL%=0.51% (XRP_2026_03_01_13_44_00), 50 positions
2026-03-22T23:08:14.856Z OK: min DP%-PnL%=0.51% (XRP_2026_03_01_13_44_00), 50 positions
2026-03-22T23:10:16.412Z OK: min DP%-PnL%=0.51% (XRP_2026_03_01_13_44_00), 50 positions
2026-03-22T23:12:16.327Z OK: min DP%-PnL%=0.51% (XRP_2026_03_01_13_44_00), 50 positions
2026-03-22T23:14:16.042Z OK: min DP%-PnL%=0.51% (XRP_2026_03_01_13_44_00), 50 positions
2026-03-22T23:16:16.361Z OK: min DP%-PnL%=0.51% (XRP_2026_03_01_13_44_00), 50 positions
2026-03-22T23:18:17.507Z OK: min DP%-PnL%=0.51% (XRP_2026_03_01_13_44_00), 50 positions
2026-03-22T23:20:15.478Z OK: min DP%-PnL%=0.51% (XRP_2026_03_01_13_44_00), 50 positions
2026-03-22T23:22:15.797Z OK: min DP%-PnL%=0.51% (XRP_2026_03_01_13_44_00), 50 positions
2026-03-22T23:24:15.942Z OK: min DP%-PnL%=0.51% (XRP_2026_03_01_13_44_00), 50 positions
2026-03-22T23:26:16.448Z OK: min DP%-PnL%=0.51% (XRP_2026_03_01_13_44_00), 50 positions
2026-03-22T23:28:16.869Z OK: min DP%-PnL%=0.51% (XRP_2026_03_01_13_44_00), 50 positions
2026-03-22T23:30:16.173Z OK: min DP%-PnL%=0.51% (XRP_2026_03_01_13_44_00), 50 positions
2026-03-22T23:32:16.599Z OK: min DP%-PnL%=0.51% (XRP_2026_03_01_13_44_00), 50 positions
2026-03-22T23:34:15.899Z OK: min DP%-PnL%=0.51% (XRP_2026_03_01_13_44_00), 50 positions
2026-03-22T23:36:16.631Z OK: min DP%-PnL%=0.51% (XRP_2026_03_01_13_44_00), 50 positions
2026-03-22T23:38:16.145Z OK: min DP%-PnL%=0.51% (XRP_2026_03_01_13_44_00), 50 positions
2026-03-22T23:40:15.636Z OK: min DP%-PnL%=0.51% (XRP_2026_03_01_13_44_00), 50 positions
2026-03-22T23:42:16.073Z OK: min DP%-PnL%=0.51% (XRP_2026_03_01_13_44_00), 50 positions
2026-03-22T23:44:15.767Z OK: min DP%-PnL%=0.51% (XRP_2026_03_01_13_44_00), 50 positions
2026-03-22T23:46:16.202Z OK: min DP%-PnL%=0.51% (XRP_2026_03_01_13_44_00), 50 positions
2026-03-22T23:48:15.559Z OK: min DP%-PnL%=0.51% (XRP_2026_03_01_13_44_00), 50 positions
2026-03-22T23:50:15.458Z OK: min DP%-PnL%=0.51% (XRP_2026_03_01_13_44_00), 50 positions
2026-03-22T23:52:16.687Z OK: min DP%-PnL%=0.51% (XRP_2026_03_01_13_44_00), 50 positions
2026-03-22T23:54:15.878Z OK: min DP%-PnL%=0.51% (XRP_2026_03_01_13_44_00), 50 positions
2026-03-22T23:56:16.602Z OK: min DP%-PnL%=0.51% (XRP_2026_03_01_13_44_00), 50 positions
2026-03-22T23:58:16.002Z OK: min DP%-PnL%=0.51% (XRP_2026_03_01_13_44_00), 50 positions
2026-03-23T00:00:16.830Z OK: min DP%-PnL%=0.51% (XRP_2026_03_01_13_44_00), 50 positions
2026-03-23T00:02:16.329Z OK: min DP%-PnL%=0.51% (XRP_2026_03_01_13_44_00), 50 positions
2026-03-23T00:04:16.768Z OK: min DP%-PnL%=0.51% (XRP_2026_03_01_13_44_00), 50 positions
2026-03-23T00:06:16.662Z OK: min DP%-PnL%=0.51% (XRP_2026_03_01_13_44_00), 50 positions
2026-03-23T00:08:16.263Z OK: min DP%-PnL%=0.51% (XRP_2026_03_01_13_44_00), 50 positions
2026-03-23T00:10:17.296Z OK: min DP%-PnL%=0.51% (XRP_2026_03_01_13_44_00), 50 positions
2026-03-23T00:12:15.263Z OK: min DP%-PnL%=0.51% (XRP_2026_03_01_13_44_00), 50 positions
2026-03-23T00:14:15.585Z OK: min DP%-PnL%=0.51% (XRP_2026_03_01_13_44_00), 50 positions
2026-03-23T00:16:17.028Z OK: min DP%-PnL%=0.51% (XRP_2026_03_01_13_44_00), 50 positions
2026-03-23T00:18:16.636Z OK: min DP%-PnL%=0.51% (XRP_2026_03_01_13_44_00), 50 positions
2026-03-23T00:20:15.634Z OK: min DP%-PnL%=0.51% (XRP_2026_03_01_13_44_00), 50 positions
2026-03-23T00:22:16.270Z OK: min DP%-PnL%=0.51% (XRP_2026_03_01_13_44_00), 50 positions
2026-03-23T00:24:16.189Z OK: min DP%-PnL%=0.51% (XRP_2026_03_01_13_44_00), 50 positions
2026-03-23T00:26:15.792Z OK: min DP%-PnL%=0.51% (XRP_2026_03_01_13_44_00), 50 positions
2026-03-23T00:28:15.000Z OK: min DP%-PnL%=0.51% (XRP_2026_03_01_13_44_00), 50 positions
2026-03-23T00:30:16.750Z OK: min DP%-PnL%=0.51% (XRP_2026_03_01_13_44_00), 50 positions
2026-03-23T00:32:16.258Z OK: min DP%-PnL%=0.51% (XRP_2026_03_01_13_44_00), 50 positions
2026-03-23T00:34:16.173Z OK: min DP%-PnL%=0.51% (XRP_2026_03_01_13_44_00), 50 positions
2026-03-23T00:36:15.641Z OK: min DP%-PnL%=0.51% (XRP_2026_03_01_13_44_00), 50 positions
2026-03-23T00:38:16.305Z OK: min DP%-PnL%=0.51% (XRP_2026_03_01_13_44_00), 50 positions
2026-03-23T00:40:15.602Z OK: min DP%-PnL%=0.51% (XRP_2026_03_01_13_44_00), 50 positions
2026-03-23T00:42:15.618Z OK: min DP%-PnL%=0.51% (XRP_2026_03_01_13_44_00), 50 positions
2026-03-23T00:44:15.840Z OK: min DP%-PnL%=0.51% (XRP_2026_03_01_13_44_00), 50 positions
2026-03-23T00:46:15.242Z OK: min DP%-PnL%=0.51% (XRP_2026_03_01_13_44_00), 50 positions
2026-03-23T00:48:16.723Z OK: min DP%-PnL%=0.51% (XRP_2026_03_01_13_44_00), 50 positions
2026-03-23T00:50:16.703Z OK: min DP%-PnL%=0.51% (XRP_2026_03_01_13_44_00), 50 positions
2026-03-23T00:52:16.820Z OK: min DP%-PnL%=0.51% (XRP_2026_03_01_13_44_00), 50 positions
2026-03-23T00:54:15.195Z OK: min DP%-PnL%=0.51% (XRP_2026_03_01_13_44_00), 50 positions
2026-03-23T00:56:15.509Z OK: min DP%-PnL%=0.51% (XRP_2026_03_01_13_44_00), 50 positions
2026-03-23T00:58:15.833Z OK: min DP%-PnL%=0.51% (XRP_2026_03_01_13_44_00), 50 positions
2026-03-23T01:00:15.849Z OK: min DP%-PnL%=0.51% (XRP_2026_03_01_13_44_00), 50 positions
2026-03-23T01:02:15.556Z OK: min DP%-PnL%=0.51% (XRP_2026_03_01_13_44_00), 50 positions
2026-03-23T01:04:16.183Z OK: min DP%-PnL%=0.51% (XRP_2026_03_01_13_44_00), 50 positions
2026-03-23T01:06:16.604Z OK: min DP%-PnL%=0.51% (XRP_2026_03_01_13_44_00), 50 positions
2026-03-23T01:08:16.830Z OK: min DP%-PnL%=0.51% (XRP_2026_03_01_13_44_00), 50 positions
2026-03-23T01:10:16.635Z OK: min DP%-PnL%=0.51% (XRP_2026_03_01_13_44_00), 50 positions
2026-03-23T01:12:16.140Z OK: min DP%-PnL%=0.39% (ETH_2026_03_09_11_43_25), 50 positions
2026-03-23T01:14:15.543Z OK: min DP%-PnL%=0.48% (ETH_2026_03_09_11_43_25), 50 positions
2026-03-23T01:16:16.781Z OK: min DP%-PnL%=0.47% (ETH_2026_03_09_11_43_25), 50 positions
2026-03-23T01:18:15.260Z OK: min DP%-PnL%=0.51% (XRP_2026_03_01_13_44_00), 50 positions
2026-03-23T01:20:16.605Z OK: min DP%-PnL%=0.47% (ETH_2026_03_09_11_43_25), 50 positions
2026-03-23T01:22:16.415Z OK: min DP%-PnL%=0.50% (XRP_2026_01_10_08_40_29), 50 positions
2026-03-23T01:24:16.531Z OK: min DP%-PnL%=0.44% (ETH_2026_03_09_11_43_25), 50 positions
2026-03-23T01:26:16.344Z OK: min DP%-PnL%=0.44% (ETH_2026_03_09_11_43_25), 50 positions
2026-03-23T01:28:16.275Z OK: min DP%-PnL%=0.44% (ETH_2026_03_09_11_43_25), 50 positions
2026-03-23T01:30:15.982Z OK: min DP%-PnL%=0.44% (ETH_2026_03_09_11_43_25), 50 positions
2026-03-23T01:32:16.405Z OK: min DP%-PnL%=0.44% (ETH_2026_03_09_11_43_25), 50 positions
2026-03-23T01:34:16.120Z OK: min DP%-PnL%=0.50% (XRP_2026_01_10_08_40_29), 50 positions
2026-03-23T01:36:16.032Z OK: min DP%-PnL%=0.44% (ETH_2026_03_09_11_43_25), 50 positions
2026-03-23T01:38:16.048Z OK: min DP%-PnL%=0.44% (ETH_2026_03_09_11_43_25), 50 positions
2026-03-23T01:40:15.350Z OK: min DP%-PnL%=0.44% (ETH_2026_03_09_11_43_25), 50 positions
2026-03-23T01:42:15.966Z OK: min DP%-PnL%=0.44% (ETH_2026_03_09_11_43_25), 50 positions
2026-03-23T01:44:15.083Z OK: min DP%-PnL%=0.44% (ETH_2026_03_09_11_43_25), 50 positions
2026-03-23T01:46:16.827Z OK: min DP%-PnL%=0.44% (ETH_2026_03_09_11_43_25), 50 positions
2026-03-23T01:48:15.920Z OK: min DP%-PnL%=0.44% (ETH_2026_03_09_11_43_25), 50 positions
2026-03-23T01:50:15.832Z OK: min DP%-PnL%=0.44% (ETH_2026_03_09_11_43_25), 50 positions
2026-03-23T01:52:16.363Z OK: min DP%-PnL%=0.50% (XRP_2026_01_10_08_40_29), 50 positions
2026-03-23T01:54:16.479Z OK: min DP%-PnL%=0.50% (XRP_2026_01_10_08_40_29), 50 positions
2026-03-23T01:56:16.493Z OK: min DP%-PnL%=0.50% (XRP_2026_01_10_08_40_29), 50 positions
2026-03-23T01:58:15.694Z OK: min DP%-PnL%=0.50% (XRP_2026_01_10_08_40_29), 50 positions
2026-03-23T02:00:15.811Z OK: min DP%-PnL%=0.50% (XRP_2026_01_10_08_40_29), 50 positions
2026-03-23T02:02:16.150Z OK: min DP%-PnL%=0.50% (XRP_2026_01_10_08_40_29), 50 positions
2026-03-23T02:04:16.469Z OK: min DP%-PnL%=0.50% (XRP_2026_01_10_08_40_29), 50 positions
2026-03-23T02:06:17.414Z OK: min DP%-PnL%=0.50% (XRP_2026_01_10_08_40_29), 50 positions
2026-03-23T02:08:17.534Z OK: min DP%-PnL%=0.50% (XRP_2026_01_10_08_40_29), 50 positions
2026-03-23T02:10:16.013Z OK: min DP%-PnL%=0.50% (XRP_2026_01_10_08_40_29), 50 positions
2026-03-23T02:12:16.445Z OK: min DP%-PnL%=0.50% (XRP_2026_01_10_08_40_29), 50 positions
2026-03-23T02:14:16.363Z OK: min DP%-PnL%=0.50% (XRP_2026_01_10_08_40_29), 50 positions
2026-03-23T02:16:16.990Z OK: min DP%-PnL%=0.50% (XRP_2026_01_10_08_40_29), 50 positions
2026-03-23T02:18:16.599Z OK: min DP%-PnL%=0.50% (XRP_2026_01_10_08_40_29), 50 positions
2026-03-23T02:20:16.516Z OK: min DP%-PnL%=0.50% (XRP_2026_01_10_08_40_29), 50 positions
2026-03-23T02:22:16.279Z OK: min DP%-PnL%=0.50% (XRP_2026_01_10_08_40_29), 50 positions
2026-03-23T02:24:16.551Z OK: min DP%-PnL%=0.50% (XRP_2026_01_10_08_40_29), 50 positions
2026-03-23T02:26:15.438Z OK: min DP%-PnL%=0.50% (XRP_2026_01_10_08_40_29), 50 positions
2026-03-23T02:28:16.479Z OK: min DP%-PnL%=0.50% (XRP_2026_01_10_08_40_29), 50 positions
2026-03-23T02:30:15.472Z OK: min DP%-PnL%=0.50% (XRP_2026_01_10_08_40_29), 50 positions
2026-03-23T02:32:15.384Z OK: min DP%-PnL%=0.50% (XRP_2026_01_10_08_40_29), 50 positions
2026-03-23T02:34:16.655Z OK: min DP%-PnL%=0.50% (XRP_2026_01_10_08_40_29), 50 positions
2026-03-23T02:36:16.138Z OK: min DP%-PnL%=0.50% (XRP_2026_01_10_08_40_29), 50 positions
2026-03-23T02:38:15.939Z OK: min DP%-PnL%=0.50% (XRP_2026_01_10_08_40_29), 50 positions
2026-03-23T02:40:15.853Z OK: min DP%-PnL%=0.50% (XRP_2026_01_10_08_40_29), 50 positions
2026-03-23T02:42:16.075Z OK: min DP%-PnL%=0.50% (XRP_2026_01_10_08_40_29), 50 positions
2026-03-23T02:44:16.497Z OK: min DP%-PnL%=0.50% (XRP_2026_01_10_08_40_29), 50 positions
2026-03-23T02:46:15.689Z OK: min DP%-PnL%=0.50% (XRP_2026_01_10_08_40_29), 50 positions
2026-03-23T02:48:15.807Z OK: min DP%-PnL%=0.50% (XRP_2026_01_10_08_40_29), 50 positions
2026-03-23T02:50:16.286Z OK: min DP%-PnL%=0.50% (XRP_2026_01_10_08_40_29), 50 positions
2026-03-23T02:52:15.736Z OK: min DP%-PnL%=0.50% (XRP_2026_01_10_08_40_29), 50 positions
2026-03-23T02:54:15.748Z OK: min DP%-PnL%=0.50% (XRP_2026_01_10_08_40_29), 50 positions
2026-03-23T02:56:16.997Z OK: min DP%-PnL%=0.50% (XRP_2026_01_10_08_40_29), 50 positions
2026-03-23T02:58:15.846Z OK: min DP%-PnL%=0.50% (XRP_2026_01_10_08_40_29), 50 positions
2026-03-23T03:00:16.411Z OK: min DP%-PnL%=0.50% (XRP_2026_01_10_08_40_29), 50 positions
2026-03-23T03:02:16.229Z OK: min DP%-PnL%=0.50% (XRP_2026_01_10_08_40_29), 50 positions
2026-03-23T03:04:16.750Z OK: min DP%-PnL%=0.50% (XRP_2026_01_10_08_40_29), 50 positions
2026-03-23T03:06:15.640Z OK: min DP%-PnL%=0.50% (XRP_2026_01_10_08_40_29), 50 positions
2026-03-23T03:08:15.552Z OK: min DP%-PnL%=0.50% (XRP_2026_01_10_08_40_29), 50 positions
2026-03-23T03:10:15.871Z OK: min DP%-PnL%=0.50% (XRP_2026_01_10_08_40_29), 50 positions
2026-03-23T03:12:16.496Z OK: min DP%-PnL%=0.50% (XRP_2026_01_10_08_40_29), 50 positions
2026-03-23T03:14:15.990Z OK: min DP%-PnL%=0.44% (ETH_2026_03_09_11_43_25), 50 positions
2026-03-23T03:16:16.725Z OK: min DP%-PnL%=0.44% (ETH_2026_03_09_11_43_25), 50 positions
2026-03-23T03:18:15.403Z OK: min DP%-PnL%=0.44% (ETH_2026_03_09_11_43_25), 50 positions
2026-03-23T03:20:15.313Z OK: min DP%-PnL%=0.44% (ETH_2026_03_09_11_43_25), 50 positions
2026-03-23T03:22:15.634Z OK: min DP%-PnL%=0.44% (ETH_2026_03_09_11_43_25), 50 positions
2026-03-23T03:24:15.849Z OK: min DP%-PnL%=0.44% (ETH_2026_03_09_11_43_25), 50 positions
2026-03-23T03:26:15.866Z OK: min DP%-PnL%=0.44% (ETH_2026_03_09_11_43_25), 50 positions
2026-03-23T03:28:16.906Z OK: min DP%-PnL%=0.44% (ETH_2026_03_09_11_43_25), 50 positions
2026-03-23T03:30:15.894Z OK: min DP%-PnL%=0.50% (XRP_2026_01_10_08_40_29), 50 positions
2026-03-23T03:32:15.871Z OK: min DP%-PnL%=0.48% (ETH_2026_03_09_11_43_25), 50 positions
2026-03-23T03:34:16.536Z OK: min DP%-PnL%=0.39% (ETH_2026_03_09_11_43_25), 50 positions
2026-03-23T03:36:15.939Z OK: min DP%-PnL%=0.39% (ETH_2026_03_09_11_43_25), 50 positions
2026-03-23T03:38:15.440Z OK: min DP%-PnL%=0.50% (XRP_2026_01_10_08_40_29), 50 positions
2026-03-23T03:40:16.783Z OK: min DP%-PnL%=0.50% (XRP_2026_01_10_08_40_29), 50 positions
2026-03-23T03:42:14.857Z OK: min DP%-PnL%=0.50% (XRP_2026_01_10_08_40_29), 50 positions
2026-03-23T03:44:16.499Z OK: min DP%-PnL%=0.50% (XRP_2026_01_10_08_40_29), 50 positions
2026-03-23T03:46:16.106Z OK: min DP%-PnL%=0.50% (XRP_2026_01_10_08_40_29), 50 positions
2026-03-23T03:48:16.625Z OK: min DP%-PnL%=0.50% (XRP_2026_01_10_08_40_29), 50 positions
2026-03-23T03:50:14.891Z OK: min DP%-PnL%=0.50% (XRP_2026_01_10_08_40_29), 50 positions
2026-03-23T03:52:15.500Z OK: min DP%-PnL%=0.50% (XRP_2026_01_10_08_40_29), 50 positions
2026-03-23T03:54:16.453Z OK: min DP%-PnL%=0.50% (XRP_2026_01_10_08_40_29), 50 positions
2026-03-23T03:56:16.165Z OK: min DP%-PnL%=0.50% (XRP_2026_01_10_08_40_29), 50 positions
2026-03-23T03:58:15.969Z OK: min DP%-PnL%=0.50% (XRP_2026_01_10_08_40_29), 50 positions
2026-03-23T04:00:15.574Z OK: min DP%-PnL%=0.50% (XRP_2026_01_10_08_40_29), 50 positions
2026-03-23T04:02:16.403Z OK: min DP%-PnL%=0.35% (XRP_2026_01_10_08_40_29), 50 positions
2026-03-23T04:04:04.900Z ERROR: page.evaluate: TypeError: Cannot convert undefined or null to object
    at Object.keys (<anonymous>)
    at setProps (eval at evaluate (:290:30), <anonymous>:4:25)
    at eval (eval at evaluate (:290:30), <anonymous>:12:5)
    at UtilityScript.evaluate (<anonymous>:292:16)
    at UtilityScript.<anonymous> (<anonymous>:1:44)
2026-03-23T04:06:16.130Z OK: min DP%-PnL%=0.35% (XRP_2026_01_10_08_40_29), 50 positions
2026-03-23T04:08:15.628Z OK: min DP%-PnL%=0.35% (XRP_2026_01_10_08_40_29), 50 positions
2026-03-23T04:10:15.945Z OK: min DP%-PnL%=0.35% (XRP_2026_01_10_08_40_29), 50 positions
2026-03-23T04:12:16.883Z OK: min DP%-PnL%=0.34% (XRP_2026_01_10_08_40_29), 50 positions
2026-03-23T04:14:16.082Z OK: min DP%-PnL%=0.34% (XRP_2026_01_10_08_40_29), 50 positions
2026-03-23T04:16:15.883Z OK: min DP%-PnL%=0.34% (XRP_2026_01_10_08_40_29), 50 positions
2026-03-23T04:18:16.421Z OK: min DP%-PnL%=0.34% (XRP_2026_01_10_08_40_29), 50 positions
2026-03-23T04:20:16.244Z OK: min DP%-PnL%=0.34% (XRP_2026_01_10_08_40_29), 50 positions
2026-03-23T04:22:15.855Z OK: min DP%-PnL%=0.34% (XRP_2026_01_10_08_40_29), 50 positions
2026-03-23T04:24:16.792Z OK: min DP%-PnL%=0.34% (XRP_2026_01_10_08_40_29), 50 positions
2026-03-23T04:26:15.409Z OK: min DP%-PnL%=0.34% (XRP_2026_01_10_08_40_29), 50 positions
2026-03-23T04:28:15.395Z OK: min DP%-PnL%=0.34% (XRP_2026_01_10_08_40_29), 50 positions
2026-03-23T04:30:16.240Z OK: min DP%-PnL%=0.34% (XRP_2026_01_10_08_40_29), 50 positions
2026-03-23T04:32:15.533Z OK: min DP%-PnL%=0.33% (XRP_2026_01_10_08_40_29), 50 positions
2026-03-23T04:34:15.248Z OK: min DP%-PnL%=0.33% (XRP_2026_01_10_08_40_29), 50 positions
2026-03-23T04:36:16.589Z OK: min DP%-PnL%=0.33% (XRP_2026_01_10_08_40_29), 50 positions
2026-03-23T04:38:15.479Z OK: min DP%-PnL%=0.33% (XRP_2026_01_10_08_40_29), 50 positions
2026-03-23T04:40:16.525Z OK: min DP%-PnL%=0.33% (XRP_2026_01_10_08_40_29), 50 positions
2026-03-23T04:42:16.431Z OK: min DP%-PnL%=0.33% (XRP_2026_01_10_08_40_29), 50 positions
2026-03-23T04:44:16.037Z OK: min DP%-PnL%=0.33% (XRP_2026_01_10_08_40_29), 50 positions
2026-03-23T04:46:16.670Z OK: min DP%-PnL%=0.33% (XRP_2026_01_10_08_40_29), 50 positions
2026-03-23T04:48:15.863Z OK: min DP%-PnL%=0.33% (XRP_2026_01_10_08_40_29), 50 positions
2026-03-23T04:50:17.109Z OK: min DP%-PnL%=0.33% (XRP_2026_01_10_08_40_29), 50 positions
2026-03-23T04:52:15.687Z OK: min DP%-PnL%=0.33% (XRP_2026_01_10_08_40_29), 50 positions
2026-03-23T04:54:16.718Z OK: min DP%-PnL%=0.33% (XRP_2026_01_10_08_40_29), 50 positions
2026-03-23T04:56:16.787Z OK: min DP%-PnL%=0.33% (XRP_2026_01_10_08_40_29), 50 positions
2026-03-23T04:58:15.011Z OK: min DP%-PnL%=0.33% (XRP_2026_01_10_08_40_29), 50 positions
2026-03-23T05:00:15.942Z OK: min DP%-PnL%=0.33% (XRP_2026_01_10_08_40_29), 50 positions
2026-03-23T05:02:15.542Z OK: min DP%-PnL%=0.33% (XRP_2026_01_10_08_40_29), 50 positions
2026-03-23T05:04:15.760Z OK: min DP%-PnL%=0.33% (XRP_2026_01_10_08_40_29), 50 positions
2026-03-23T05:06:16.190Z OK: min DP%-PnL%=0.33% (XRP_2026_01_10_08_40_29), 50 positions
2026-03-23T05:08:16.096Z OK: min DP%-PnL%=0.33% (XRP_2026_01_10_08_40_29), 50 positions
2026-03-23T05:10:15.907Z OK: min DP%-PnL%=0.33% (XRP_2026_01_10_08_40_29), 50 positions
2026-03-23T05:12:15.215Z OK: min DP%-PnL%=0.33% (XRP_2026_01_10_08_40_29), 50 positions
2026-03-23T05:14:15.730Z OK: min DP%-PnL%=0.33% (XRP_2026_01_10_08_40_29), 50 positions
2026-03-23T05:16:15.717Z OK: min DP%-PnL%=0.33% (XRP_2026_01_10_08_40_29), 50 positions
2026-03-23T05:18:16.576Z OK: min DP%-PnL%=0.33% (XRP_2026_01_10_08_40_29), 50 positions
2026-03-23T05:20:16.594Z OK: min DP%-PnL%=0.33% (XRP_2026_01_10_08_40_29), 50 positions
2026-03-23T05:22:15.863Z OK: min DP%-PnL%=0.33% (XRP_2026_01_10_08_40_29), 50 positions
2026-03-23T05:24:15.901Z OK: min DP%-PnL%=0.33% (XRP_2026_01_10_08_40_29), 50 positions
2026-03-23T05:26:15.719Z OK: min DP%-PnL%=0.33% (XRP_2026_01_10_08_40_29), 50 positions
2026-03-23T05:28:15.023Z OK: min DP%-PnL%=0.33% (XRP_2026_01_10_08_40_29), 50 positions
2026-03-23T05:30:15.040Z OK: min DP%-PnL%=0.33% (XRP_2026_01_10_08_40_29), 50 positions
2026-03-23T05:32:15.574Z OK: min DP%-PnL%=0.34% (XRP_2026_01_10_08_40_29), 50 positions
2026-03-23T05:34:16.211Z OK: min DP%-PnL%=0.34% (XRP_2026_01_10_08_40_29), 50 positions
2026-03-23T05:36:16.018Z OK: min DP%-PnL%=0.34% (XRP_2026_01_10_08_40_29), 50 positions
2026-03-23T05:38:15.830Z OK: min DP%-PnL%=0.34% (XRP_2026_01_10_08_40_29), 50 positions
2026-03-23T05:40:16.263Z OK: min DP%-PnL%=0.34% (XRP_2026_01_10_08_40_29), 50 positions
2026-03-23T05:42:16.371Z OK: min DP%-PnL%=0.34% (XRP_2026_01_10_08_40_29), 50 positions
2026-03-23T05:44:16.803Z OK: min DP%-PnL%=0.34% (XRP_2026_01_10_08_40_29), 50 positions
2026-03-23T05:46:15.487Z OK: min DP%-PnL%=0.34% (XRP_2026_01_10_08_40_29), 50 positions
2026-03-23T05:48:16.524Z OK: min DP%-PnL%=0.34% (XRP_2026_01_10_08_40_29), 50 positions
2026-03-23T05:50:16.437Z OK: min DP%-PnL%=0.34% (XRP_2026_01_10_08_40_29), 50 positions
2026-03-23T05:52:16.262Z OK: min DP%-PnL%=0.34% (XRP_2026_01_10_08_40_29), 50 positions
2026-03-23T05:54:15.550Z OK: min DP%-PnL%=0.34% (XRP_2026_01_10_08_40_29), 50 positions
2026-03-23T05:56:15.871Z OK: min DP%-PnL%=0.34% (XRP_2026_01_10_08_40_29), 50 positions
2026-03-23T05:58:16.808Z OK: min DP%-PnL%=0.34% (XRP_2026_01_10_08_40_29), 50 positions
2026-03-23T06:00:16.514Z OK: min DP%-PnL%=0.34% (XRP_2026_01_10_08_40_29), 50 positions
2026-03-23T06:02:16.630Z OK: min DP%-PnL%=0.34% (XRP_2026_01_10_08_40_29), 50 positions
2026-03-23T06:04:16.641Z OK: min DP%-PnL%=0.34% (XRP_2026_01_10_08_40_29), 50 positions
2026-03-23T06:06:16.754Z OK: min DP%-PnL%=0.34% (XRP_2026_01_10_08_40_29), 50 positions
2026-03-23T06:08:16.159Z OK: min DP%-PnL%=0.34% (XRP_2026_01_10_08_40_29), 50 positions
2026-03-23T06:10:16.886Z OK: min DP%-PnL%=0.34% (XRP_2026_01_10_08_40_29), 50 positions
2026-03-23T06:12:15.917Z OK: min DP%-PnL%=0.34% (XRP_2026_01_10_08_40_29), 50 positions
2026-03-23T06:14:16.091Z OK: min DP%-PnL%=0.34% (XRP_2026_01_10_08_40_29), 50 positions
2026-03-23T06:16:16.000Z OK: min DP%-PnL%=0.34% (XRP_2026_01_10_08_40_29), 50 positions
2026-03-23T06:18:15.551Z OK: min DP%-PnL%=0.34% (XRP_2026_01_10_08_40_29), 50 positions
2026-03-23T06:20:15.520Z OK: min DP%-PnL%=0.34% (XRP_2026_01_10_08_40_29), 50 positions
2026-03-23T06:22:15.104Z OK: min DP%-PnL%=0.34% (XRP_2026_01_10_08_40_29), 50 positions
2026-03-23T06:24:15.651Z OK: min DP%-PnL%=0.34% (XRP_2026_01_10_08_40_29), 50 positions
2026-03-23T06:26:16.184Z OK: min DP%-PnL%=0.34% (XRP_2026_01_10_08_40_29), 50 positions
2026-03-23T06:28:16.522Z OK: min DP%-PnL%=0.34% (XRP_2026_01_10_08_40_29), 50 positions
2026-03-23T06:30:15.795Z OK: min DP%-PnL%=0.34% (XRP_2026_01_10_08_40_29), 50 positions
2026-03-23T06:32:15.306Z OK: min DP%-PnL%=0.34% (XRP_2026_01_10_08_40_29), 50 positions
2026-03-23T06:34:16.853Z OK: min DP%-PnL%=0.34% (XRP_2026_01_10_08_40_29), 50 positions
2026-03-23T06:36:15.240Z OK: min DP%-PnL%=0.34% (XRP_2026_01_10_08_40_29), 50 positions
2026-03-23T06:38:16.073Z OK: min DP%-PnL%=0.34% (XRP_2026_01_10_08_40_29), 50 positions
2026-03-23T06:40:15.992Z OK: min DP%-PnL%=0.34% (XRP_2026_01_10_08_40_29), 50 positions
2026-03-23T06:42:16.004Z OK: min DP%-PnL%=0.34% (XRP_2026_01_10_08_40_29), 50 positions
2026-03-23T06:44:16.128Z OK: min DP%-PnL%=0.34% (XRP_2026_01_10_08_40_29), 50 positions
2026-03-23T06:46:16.111Z OK: min DP%-PnL%=0.34% (XRP_2026_01_10_08_40_29), 50 positions
2026-03-23T06:48:16.571Z OK: min DP%-PnL%=0.34% (XRP_2026_01_10_08_40_29), 50 positions
2026-03-23T06:50:16.890Z OK: min DP%-PnL%=0.34% (XRP_2026_01_10_08_40_29), 50 positions
2026-03-23T06:52:15.866Z OK: min DP%-PnL%=0.34% (XRP_2026_01_10_08_40_29), 50 positions
2026-03-23T06:54:16.512Z OK: min DP%-PnL%=0.34% (XRP_2026_01_10_08_40_29), 50 positions
2026-03-23T06:56:16.331Z OK: min DP%-PnL%=0.34% (XRP_2026_01_10_08_40_29), 50 positions
2026-03-23T06:58:16.547Z OK: min DP%-PnL%=0.34% (XRP_2026_01_10_08_40_29), 50 positions
2026-03-23T07:00:16.154Z OK: min DP%-PnL%=0.34% (XRP_2026_01_10_08_40_29), 50 positions
2026-03-23T07:02:15.402Z OK: min DP%-PnL%=0.34% (XRP_2026_01_10_08_40_29), 50 positions
2026-03-23T07:04:15.469Z OK: min DP%-PnL%=0.34% (XRP_2026_01_10_08_40_29), 50 positions
2026-03-23T07:06:16.672Z OK: min DP%-PnL%=0.34% (XRP_2026_01_10_08_40_29), 50 positions
2026-03-23T07:08:15.904Z OK: min DP%-PnL%=0.34% (XRP_2026_01_10_08_40_29), 50 positions
2026-03-23T07:10:16.125Z OK: min DP%-PnL%=0.34% (XRP_2026_01_10_08_40_29), 50 positions
2026-03-23T07:12:14.905Z OK: min DP%-PnL%=0.34% (XRP_2026_01_10_08_40_29), 50 positions
2026-03-23T07:14:16.046Z OK: min DP%-PnL%=0.34% (XRP_2026_01_10_08_40_29), 50 positions
2026-03-23T07:16:15.957Z OK: min DP%-PnL%=0.34% (XRP_2026_01_10_08_40_29), 50 positions
2026-03-23T07:18:16.483Z OK: min DP%-PnL%=0.34% (XRP_2026_01_10_08_40_29), 50 positions
2026-03-23T07:20:15.376Z OK: min DP%-PnL%=0.34% (XRP_2026_01_10_08_40_29), 50 positions
2026-03-23T07:22:15.870Z OK: min DP%-PnL%=0.34% (XRP_2026_01_10_08_40_29), 50 positions
2026-03-23T07:24:16.831Z OK: min DP%-PnL%=0.34% (XRP_2026_01_10_08_40_29), 50 positions
2026-03-23T07:26:15.722Z OK: min DP%-PnL%=0.34% (XRP_2026_01_10_08_40_29), 50 positions
2026-03-23T07:28:15.427Z OK: min DP%-PnL%=0.34% (XRP_2026_01_10_08_40_29), 50 positions
2026-03-23T07:30:16.021Z OK: min DP%-PnL%=0.34% (XRP_2026_01_10_08_40_29), 50 positions
2026-03-23T07:32:15.660Z OK: min DP%-PnL%=0.34% (XRP_2026_01_10_08_40_29), 50 positions
2026-03-23T07:34:16.806Z OK: min DP%-PnL%=0.34% (XRP_2026_01_10_08_40_29), 50 positions
2026-03-23T07:36:15.793Z OK: min DP%-PnL%=0.34% (XRP_2026_01_10_08_40_29), 50 positions
2026-03-23T07:38:16.115Z OK: min DP%-PnL%=0.34% (XRP_2026_01_10_08_40_29), 50 positions
2026-03-23T07:40:16.514Z OK: min DP%-PnL%=0.34% (XRP_2026_01_10_08_40_29), 50 positions
2026-03-23T07:42:15.023Z OK: min DP%-PnL%=0.34% (XRP_2026_01_10_08_40_29), 50 positions
2026-03-23T07:44:17.093Z OK: min DP%-PnL%=0.34% (XRP_2026_01_10_08_40_29), 50 positions
2026-03-23T07:46:16.808Z OK: min DP%-PnL%=0.34% (XRP_2026_01_10_08_40_29), 50 positions
2026-03-23T07:48:15.391Z OK: min DP%-PnL%=0.34% (XRP_2026_01_10_08_40_29), 50 positions
2026-03-23T07:50:16.331Z OK: min DP%-PnL%=0.34% (XRP_2026_01_10_08_40_29), 50 positions
2026-03-23T07:52:16.961Z OK: min DP%-PnL%=0.34% (XRP_2026_01_10_08_40_29), 50 positions
2026-03-23T07:54:16.363Z OK: min DP%-PnL%=0.34% (XRP_2026_01_10_08_40_29), 50 positions
2026-03-23T07:56:15.765Z OK: min DP%-PnL%=0.34% (XRP_2026_01_10_08_40_29), 50 positions
2026-03-23T07:58:16.093Z OK: min DP%-PnL%=0.34% (XRP_2026_01_10_08_40_29), 50 positions
2026-03-23T08:00:16.003Z OK: min DP%-PnL%=0.34% (XRP_2026_01_10_08_40_29), 50 positions
2026-03-23T08:02:16.064Z OK: min DP%-PnL%=0.34% (XRP_2026_01_10_08_40_29), 50 positions
2026-03-23T08:04:15.731Z OK: min DP%-PnL%=0.34% (XRP_2026_01_10_08_40_29), 50 positions
2026-03-23T08:06:16.468Z OK: min DP%-PnL%=0.34% (XRP_2026_01_10_08_40_29), 50 positions
2026-03-23T08:08:16.585Z OK: min DP%-PnL%=0.34% (XRP_2026_01_10_08_40_29), 50 positions
2026-03-23T08:10:15.266Z OK: min DP%-PnL%=0.34% (XRP_2026_01_10_08_40_29), 50 positions
2026-03-23T08:12:17.428Z OK: min DP%-PnL%=0.34% (XRP_2026_01_10_08_40_29), 50 positions
2026-03-23T08:14:15.708Z OK: min DP%-PnL%=0.34% (XRP_2026_01_10_08_40_29), 50 positions
2026-03-23T08:16:16.231Z OK: min DP%-PnL%=0.34% (XRP_2026_01_10_08_40_29), 50 positions
2026-03-23T08:18:15.724Z OK: min DP%-PnL%=0.34% (XRP_2026_01_10_08_40_29), 50 positions
2026-03-23T08:20:15.630Z OK: min DP%-PnL%=0.34% (XRP_2026_01_10_08_40_29), 50 positions
2026-03-23T08:22:15.877Z OK: min DP%-PnL%=0.34% (XRP_2026_01_10_08_40_29), 50 positions
2026-03-23T08:24:16.059Z OK: min DP%-PnL%=0.34% (XRP_2026_01_10_08_40_29), 50 positions
2026-03-23T08:26:15.971Z OK: min DP%-PnL%=0.34% (XRP_2026_01_10_08_40_29), 50 positions
2026-03-23T08:28:15.575Z OK: min DP%-PnL%=0.34% (XRP_2026_01_10_08_40_29), 50 positions
2026-03-23T08:30:16.401Z OK: min DP%-PnL%=0.34% (XRP_2026_01_10_08_40_29), 50 positions
2026-03-23T08:32:16.620Z OK: min DP%-PnL%=0.34% (XRP_2026_01_10_08_40_29), 50 positions
2026-03-23T08:34:16.120Z OK: min DP%-PnL%=0.34% (XRP_2026_01_10_08_40_29), 50 positions
2026-03-23T08:36:16.746Z OK: min DP%-PnL%=0.34% (XRP_2026_01_10_08_40_29), 50 positions
2026-03-23T08:38:16.250Z OK: min DP%-PnL%=0.34% (XRP_2026_01_10_08_40_29), 50 positions
2026-03-23T08:40:15.959Z OK: min DP%-PnL%=0.34% (XRP_2026_01_10_08_40_29), 50 positions
2026-03-23T08:42:15.932Z OK: min DP%-PnL%=0.34% (XRP_2026_01_10_08_40_29), 50 positions
2026-03-23T08:44:15.983Z OK: min DP%-PnL%=0.34% (XRP_2026_01_10_08_40_29), 50 positions
2026-03-23T08:46:16.920Z OK: min DP%-PnL%=0.34% (XRP_2026_01_10_08_40_29), 50 positions
2026-03-23T08:48:15.601Z OK: min DP%-PnL%=0.34% (XRP_2026_01_10_08_40_29), 50 positions
2026-03-23T08:50:16.447Z OK: min DP%-PnL%=0.35% (XRP_2026_01_10_08_40_29), 50 positions
2026-03-23T08:52:17.083Z OK: min DP%-PnL%=0.35% (XRP_2026_01_10_08_40_29), 50 positions
2026-03-23T08:54:16.183Z OK: min DP%-PnL%=0.35% (XRP_2026_01_10_08_40_29), 50 positions
2026-03-23T08:56:15.520Z OK: min DP%-PnL%=0.35% (XRP_2026_01_10_08_40_29), 50 positions
2026-03-23T08:58:15.521Z OK: min DP%-PnL%=0.35% (XRP_2026_01_10_08_40_29), 50 positions
2026-03-23T09:00:16.346Z OK: min DP%-PnL%=0.35% (XRP_2026_01_10_08_40_29), 50 positions
2026-03-23T09:02:15.854Z OK: min DP%-PnL%=0.35% (XRP_2026_01_10_08_40_29), 50 positions
2026-03-23T09:04:15.645Z OK: min DP%-PnL%=0.35% (XRP_2026_01_10_08_40_29), 50 positions
2026-03-23T09:06:16.508Z OK: min DP%-PnL%=0.35% (XRP_2026_01_10_08_40_29), 50 positions
2026-03-23T09:08:15.758Z OK: min DP%-PnL%=0.35% (XRP_2026_01_10_08_40_29), 50 positions
2026-03-23T09:10:16.434Z OK: min DP%-PnL%=0.35% (XRP_2026_01_10_08_40_29), 50 positions
2026-03-23T09:12:15.775Z OK: min DP%-PnL%=0.35% (XRP_2026_01_10_08_40_29), 50 positions
2026-03-23T09:14:16.470Z OK: min DP%-PnL%=0.35% (XRP_2026_01_10_08_40_29), 50 positions
2026-03-23T09:16:16.383Z OK: min DP%-PnL%=0.35% (XRP_2026_01_10_08_40_29), 50 positions
2026-03-23T09:18:16.296Z OK: min DP%-PnL%=0.35% (XRP_2026_01_10_08_40_29), 50 positions
2026-03-23T09:20:16.004Z OK: min DP%-PnL%=0.35% (XRP_2026_01_10_08_40_29), 50 positions
2026-03-23T09:22:16.328Z OK: min DP%-PnL%=0.35% (XRP_2026_01_10_08_40_29), 50 positions
2026-03-23T09:24:16.444Z OK: min DP%-PnL%=0.35% (XRP_2026_01_10_08_40_29), 50 positions
2026-03-23T09:26:16.046Z OK: min DP%-PnL%=0.35% (XRP_2026_01_10_08_40_29), 50 positions
2026-03-23T09:28:16.149Z OK: min DP%-PnL%=0.35% (XRP_2026_01_10_08_40_29), 50 positions
2026-03-23T09:30:16.264Z OK: min DP%-PnL%=0.35% (XRP_2026_01_10_08_40_29), 50 positions
2026-03-23T09:32:17.398Z OK: min DP%-PnL%=0.35% (XRP_2026_01_10_08_40_29), 50 positions
2026-03-23T09:34:15.769Z OK: min DP%-PnL%=0.35% (XRP_2026_01_10_08_40_29), 50 positions
2026-03-23T09:36:16.807Z OK: min DP%-PnL%=0.35% (XRP_2026_01_10_08_40_29), 50 positions
2026-03-23T09:38:17.547Z OK: min DP%-PnL%=0.35% (XRP_2026_01_10_08_40_29), 50 positions
2026-03-23T09:40:15.908Z OK: min DP%-PnL%=0.35% (XRP_2026_01_10_08_40_29), 50 positions
2026-03-23T09:42:15.207Z OK: min DP%-PnL%=0.35% (XRP_2026_01_10_08_40_29), 50 positions
2026-03-23T09:44:17.369Z OK: min DP%-PnL%=0.35% (XRP_2026_01_10_08_40_29), 50 positions
2026-03-23T09:46:15.949Z OK: min DP%-PnL%=0.35% (XRP_2026_01_10_08_40_29), 50 positions
2026-03-23T09:48:16.778Z OK: min DP%-PnL%=0.35% (XRP_2026_01_10_08_40_29), 50 positions
2026-03-23T09:50:16.385Z OK: min DP%-PnL%=0.35% (XRP_2026_01_10_08_40_29), 50 positions
2026-03-23T09:52:15.612Z OK: min DP%-PnL%=0.35% (XRP_2026_01_10_08_40_29), 50 positions
2026-03-23T09:54:15.695Z OK: min DP%-PnL%=0.35% (XRP_2026_01_10_08_40_29), 50 positions
2026-03-23T09:56:16.014Z OK: min DP%-PnL%=0.35% (XRP_2026_01_10_08_40_29), 50 positions
2026-03-23T09:58:15.626Z OK: min DP%-PnL%=0.35% (XRP_2026_01_10_08_40_29), 50 positions
2026-03-23T10:00:16.483Z OK: min DP%-PnL%=0.35% (XRP_2026_01_10_08_40_29), 50 positions
2026-03-23T10:02:15.580Z OK: min DP%-PnL%=0.35% (XRP_2026_01_10_08_40_29), 50 positions
2026-03-23T10:04:15.422Z OK: min DP%-PnL%=0.35% (XRP_2026_01_10_08_40_29), 50 positions
2026-03-23T10:06:16.019Z OK: min DP%-PnL%=0.35% (XRP_2026_01_10_08_40_29), 50 positions
2026-03-23T10:08:15.640Z OK: min DP%-PnL%=0.35% (XRP_2026_01_10_08_40_29), 50 positions
2026-03-23T10:10:16.063Z OK: min DP%-PnL%=0.35% (XRP_2026_01_10_08_40_29), 50 positions
2026-03-23T10:12:16.186Z OK: min DP%-PnL%=0.35% (XRP_2026_01_10_08_40_29), 50 positions
2026-03-23T10:14:15.692Z OK: min DP%-PnL%=0.36% (XRP_2026_01_10_08_40_29), 50 positions
2026-03-23T10:16:16.366Z OK: min DP%-PnL%=0.36% (XRP_2026_01_10_08_40_29), 50 positions
2026-03-23T10:18:15.517Z OK: min DP%-PnL%=0.36% (XRP_2026_01_10_08_40_29), 50 positions
2026-03-23T10:20:16.762Z OK: min DP%-PnL%=0.36% (XRP_2026_01_10_08_40_29), 50 positions
2026-03-23T10:22:15.857Z OK: min DP%-PnL%=0.35% (XRP_2026_01_10_08_40_29), 50 positions
2026-03-23T10:24:17.104Z OK: min DP%-PnL%=0.35% (XRP_2026_01_10_08_40_29), 50 positions
2026-03-23T10:26:15.279Z OK: min DP%-PnL%=0.35% (XRP_2026_01_10_08_40_29), 50 positions
2026-03-23T10:28:16.457Z OK: min DP%-PnL%=0.35% (XRP_2026_01_10_08_40_29), 50 positions
2026-03-23T10:30:16.127Z OK: min DP%-PnL%=0.35% (XRP_2026_01_10_08_40_29), 50 positions
2026-03-23T10:32:15.906Z OK: min DP%-PnL%=0.35% (XRP_2026_01_10_08_40_29), 50 positions
2026-03-23T10:34:15.647Z OK: min DP%-PnL%=0.35% (XRP_2026_01_10_08_40_29), 50 positions
2026-03-23T10:36:15.139Z OK: min DP%-PnL%=0.35% (XRP_2026_01_10_08_40_29), 50 positions
2026-03-23T10:38:15.463Z OK: min DP%-PnL%=0.35% (XRP_2026_01_10_08_40_29), 50 positions
2026-03-23T10:40:16.089Z OK: min DP%-PnL%=0.35% (XRP_2026_01_10_08_40_29), 50 positions
2026-03-23T10:42:15.862Z OK: min DP%-PnL%=0.35% (XRP_2026_01_10_08_40_29), 50 positions
2026-03-23T10:44:16.938Z OK: min DP%-PnL%=0.35% (XRP_2026_01_10_08_40_29), 50 positions
2026-03-23T10:46:15.929Z OK: min DP%-PnL%=0.35% (XRP_2026_01_10_08_40_29), 50 positions
2026-03-23T10:48:16.454Z OK: min DP%-PnL%=0.35% (XRP_2026_01_10_08_40_29), 50 positions
2026-03-23T10:50:16.062Z OK: min DP%-PnL%=0.35% (XRP_2026_01_10_08_40_29), 50 positions
2026-03-23T10:52:15.257Z OK: min DP%-PnL%=0.35% (XRP_2026_01_10_08_40_29), 50 positions
2026-03-23T10:54:16.398Z OK: min DP%-PnL%=0.35% (XRP_2026_01_10_08_40_29), 50 positions
2026-03-23T10:56:15.080Z OK: min DP%-PnL%=0.35% (XRP_2026_01_10_08_40_29), 50 positions
2026-03-23T10:58:16.646Z OK: min DP%-PnL%=0.35% (XRP_2026_01_10_08_40_29), 50 positions
2026-03-23T11:00:16.236Z OK: min DP%-PnL%=0.35% (XRP_2026_01_10_08_40_29), 50 positions
2026-03-23T11:02:16.048Z OK: min DP%-PnL%=0.35% (XRP_2026_01_10_08_40_29), 50 positions
2026-03-23T11:04:15.141Z OK: min DP%-PnL%=0.35% (XRP_2026_01_10_08_40_29), 50 positions
2026-03-23T11:06:15.872Z OK: min DP%-PnL%=0.35% (XRP_2026_01_10_08_40_29), 50 positions
2026-03-23T11:08:15.446Z OK: min DP%-PnL%=0.35% (XRP_2026_01_10_08_40_29), 50 positions
2026-03-23T11:10:16.936Z OK: min DP%-PnL%=0.35% (XRP_2026_01_10_08_40_29), 50 positions
2026-03-23T11:12:17.057Z OK: min DP%-PnL%=0.35% (XRP_2026_01_10_08_40_29), 50 positions
2026-03-23T11:14:15.432Z OK: min DP%-PnL%=0.35% (XRP_2026_01_10_08_40_29), 50 positions
2026-03-23T11:16:15.966Z OK: min DP%-PnL%=0.35% (XRP_2026_01_10_08_40_29), 50 positions
2026-03-23T11:18:16.798Z OK: min DP%-PnL%=0.35% (XRP_2026_01_10_08_40_29), 50 positions
2026-03-23T11:20:16.718Z OK: min DP%-PnL%=0.35% (XRP_2026_01_10_08_40_29), 50 positions
2026-03-23T11:22:16.318Z OK: min DP%-PnL%=0.35% (XRP_2026_01_10_08_40_29), 50 positions
2026-03-23T11:24:15.828Z OK: min DP%-PnL%=0.35% (XRP_2026_01_10_08_40_29), 50 positions
2026-03-23T11:26:16.556Z OK: min DP%-PnL%=0.35% (XRP_2026_01_10_08_40_29), 50 positions
2026-03-23T11:28:16.780Z OK: min DP%-PnL%=0.35% (XRP_2026_01_10_08_40_29), 50 positions
2026-03-23T11:30:15.565Z OK: min DP%-PnL%=0.35% (XRP_2026_01_10_08_40_29), 50 positions
2026-03-23T11:32:16.915Z OK: min DP%-PnL%=0.35% (XRP_2026_01_10_08_40_29), 50 positions
2026-03-23T11:34:16.004Z OK: min DP%-PnL%=0.35% (XRP_2026_01_10_08_40_29), 50 positions
2026-03-23T11:36:16.120Z OK: min DP%-PnL%=0.35% (XRP_2026_01_10_08_40_29), 50 positions
2026-03-23T11:38:16.137Z OK: min DP%-PnL%=0.35% (XRP_2026_01_10_08_40_29), 50 positions
2026-03-23T11:40:15.231Z OK: min DP%-PnL%=0.35% (XRP_2026_01_10_08_40_29), 50 positions
2026-03-23T11:42:15.246Z OK: min DP%-PnL%=0.35% (XRP_2026_01_10_08_40_29), 50 positions
2026-03-23T11:44:16.185Z OK: min DP%-PnL%=0.35% (XRP_2026_01_10_08_40_29), 50 positions
2026-03-23T11:46:15.576Z OK: min DP%-PnL%=0.35% (XRP_2026_01_10_08_40_29), 50 positions
2026-03-23T11:48:16.624Z OK: min DP%-PnL%=0.35% (XRP_2026_01_10_08_40_29), 50 positions
2026-03-23T11:50:16.322Z OK: min DP%-PnL%=0.35% (XRP_2026_01_10_08_40_29), 50 positions
2026-03-23T11:52:16.235Z OK: min DP%-PnL%=0.35% (XRP_2026_01_10_08_40_29), 50 positions
2026-03-23T11:54:16.352Z OK: min DP%-PnL%=0.35% (XRP_2026_01_10_08_40_29), 50 positions
2026-03-23T11:56:16.776Z OK: min DP%-PnL%=0.35% (XRP_2026_01_10_08_40_29), 50 positions
2026-03-23T11:58:17.407Z OK: min DP%-PnL%=0.35% (XRP_2026_01_10_08_40_29), 50 positions
2026-03-23T12:00:15.474Z OK: min DP%-PnL%=0.35% (XRP_2026_01_10_08_40_29), 50 positions
2026-03-23T12:02:16.412Z OK: min DP%-PnL%=0.35% (XRP_2026_01_10_08_40_29), 50 positions
2026-03-23T12:04:16.422Z OK: min DP%-PnL%=0.35% (XRP_2026_01_10_08_40_29), 50 positions
2026-03-23T12:06:16.749Z OK: min DP%-PnL%=0.35% (XRP_2026_01_10_08_40_29), 50 positions
2026-03-23T12:08:15.840Z OK: min DP%-PnL%=0.35% (XRP_2026_01_10_08_40_29), 50 positions
2026-03-23T12:10:15.445Z OK: min DP%-PnL%=0.35% (XRP_2026_01_10_08_40_29), 50 positions
2026-03-23T12:12:15.878Z OK: min DP%-PnL%=0.35% (XRP_2026_01_10_08_40_29), 50 positions
2026-03-23T12:14:14.966Z OK: min DP%-PnL%=0.35% (XRP_2026_01_10_08_40_29), 50 positions
2026-03-23T12:16:16.102Z OK: min DP%-PnL%=0.35% (XRP_2026_01_10_08_40_29), 50 positions
2026-03-23T12:18:17.132Z OK: min DP%-PnL%=0.35% (XRP_2026_01_10_08_40_29), 50 positions
2026-03-23T12:20:15.916Z OK: min DP%-PnL%=0.35% (XRP_2026_01_10_08_40_29), 50 positions
2026-03-23T12:22:15.648Z OK: min DP%-PnL%=0.35% (XRP_2026_01_10_08_40_29), 50 positions
2026-03-23T12:24:17.989Z OK: min DP%-PnL%=0.35% (XRP_2026_01_10_08_40_29), 50 positions
2026-03-23T12:26:17.793Z OK: min DP%-PnL%=0.35% (XRP_2026_01_10_08_40_29), 50 positions
2026-03-23T12:28:15.966Z OK: min DP%-PnL%=0.35% (XRP_2026_01_10_08_40_29), 50 positions
2026-03-23T12:30:15.982Z OK: min DP%-PnL%=0.35% (XRP_2026_01_10_08_40_29), 50 positions
2026-03-23T12:32:16.193Z OK: min DP%-PnL%=0.35% (XRP_2026_01_10_08_40_29), 50 positions
2026-03-23T12:34:16.108Z OK: min DP%-PnL%=0.35% (XRP_2026_01_10_08_40_29), 50 positions
2026-03-23T12:36:16.641Z OK: min DP%-PnL%=0.35% (XRP_2026_01_10_08_40_29), 50 positions
2026-03-23T12:38:15.827Z OK: min DP%-PnL%=0.35% (XRP_2026_01_10_08_40_29), 50 positions
2026-03-23T12:40:16.458Z OK: min DP%-PnL%=0.35% (XRP_2026_01_10_08_40_29), 50 positions
2026-03-23T12:42:15.237Z OK: min DP%-PnL%=0.35% (XRP_2026_01_10_08_40_29), 50 positions
2026-03-23T12:44:19.668Z OK: min DP%-PnL%=0.35% (XRP_2026_01_10_08_40_29), 50 positions
2026-03-23T12:46:16.906Z OK: min DP%-PnL%=0.35% (XRP_2026_01_10_08_40_29), 50 positions
2026-03-23T12:48:16.410Z OK: min DP%-PnL%=0.35% (XRP_2026_01_10_08_40_29), 50 positions
2026-03-23T12:50:16.027Z OK: min DP%-PnL%=0.35% (XRP_2026_01_10_08_40_29), 50 positions
2026-03-23T12:52:15.618Z OK: min DP%-PnL%=0.35% (XRP_2026_01_10_08_40_29), 50 positions
2026-03-23T12:54:17.058Z OK: min DP%-PnL%=0.35% (XRP_2026_01_10_08_40_29), 50 positions
2026-03-23T12:56:16.670Z OK: min DP%-PnL%=0.35% (XRP_2026_01_10_08_40_29), 50 positions
2026-03-23T12:58:16.572Z OK: min DP%-PnL%=0.35% (XRP_2026_01_10_08_40_29), 50 positions
2026-03-23T13:00:16.809Z OK: min DP%-PnL%=0.35% (XRP_2026_01_10_08_40_29), 50 positions
2026-03-23T13:02:16.607Z OK: min DP%-PnL%=0.35% (XRP_2026_01_10_08_40_29), 50 positions
2026-03-23T13:04:15.952Z OK: min DP%-PnL%=0.33% (ETH_2026_03_09_11_40_17), 50 positions
2026-03-23T13:06:15.805Z OK: min DP%-PnL%=0.35% (XRP_2026_01_10_08_40_29), 50 positions
2026-03-23T13:08:16.822Z OK: min DP%-PnL%=0.33% (ETH_2026_03_09_11_40_17), 50 positions
2026-03-23T13:10:16.624Z OK: min DP%-PnL%=0.33% (ETH_2026_03_09_11_40_17), 50 positions
2026-03-23T13:12:15.707Z OK: min DP%-PnL%=0.32% (ETH_2026_03_09_11_40_17), 50 positions
2026-03-23T13:14:16.586Z OK: min DP%-PnL%=0.32% (ETH_2026_03_09_11_40_17), 50 positions
2026-03-23T13:16:16.106Z OK: min DP%-PnL%=0.35% (XRP_2026_01_10_08_40_29), 50 positions
2026-03-23T13:18:15.838Z OK: min DP%-PnL%=0.35% (XRP_2026_01_10_08_40_29), 50 positions
2026-03-23T13:20:16.349Z OK: min DP%-PnL%=0.35% (XRP_2026_01_10_08_40_29), 50 positions
2026-03-23T13:22:16.586Z OK: min DP%-PnL%=0.35% (XRP_2026_01_10_08_40_29), 50 positions
2026-03-23T13:24:16.445Z OK: min DP%-PnL%=0.30% (SOL_2026_03_09_19_24_09), 50 positions
2026-03-23T13:26:16.682Z OK: min DP%-PnL%=0.30% (SOL_2026_03_09_19_24_09), 50 positions
2026-03-23T13:28:15.852Z OK: min DP%-PnL%=0.30% (SOL_2026_03_09_19_24_09), 50 positions
2026-03-23T13:30:15.700Z OK: min DP%-PnL%=0.30% (SOL_2026_03_09_19_24_09), 50 positions
2026-03-23T13:32:16.640Z OK: min DP%-PnL%=0.30% (SOL_2026_03_09_19_24_09), 50 positions
2026-03-23T13:34:16.139Z OK: min DP%-PnL%=0.30% (SOL_2026_03_09_19_24_09), 50 positions
2026-03-23T13:36:17.083Z OK: min DP%-PnL%=0.30% (SOL_2026_03_09_19_24_09), 50 positions
2026-03-23T13:38:16.278Z OK: min DP%-PnL%=0.30% (SOL_2026_03_09_19_24_09), 50 positions
2026-03-23T13:40:16.193Z OK: min DP%-PnL%=0.30% (SOL_2026_03_09_19_24_09), 50 positions
2026-03-23T13:42:16.109Z OK: min DP%-PnL%=0.30% (SOL_2026_03_09_19_24_09), 50 positions
2026-03-23T13:44:15.502Z OK: min DP%-PnL%=0.30% (SOL_2026_03_09_19_24_09), 50 positions
2026-03-23T13:46:15.937Z OK: min DP%-PnL%=0.30% (SOL_2026_03_09_19_24_09), 50 positions
2026-03-23T13:48:16.053Z OK: min DP%-PnL%=0.30% (SOL_2026_03_09_19_24_09), 50 positions
2026-03-23T13:50:16.479Z OK: min DP%-PnL%=0.30% (SOL_2026_03_09_19_24_09), 50 positions
2026-03-23T13:52:16.709Z OK: min DP%-PnL%=0.30% (SOL_2026_03_09_19_24_09), 50 positions
2026-03-23T13:54:15.300Z OK: min DP%-PnL%=0.30% (SOL_2026_03_09_19_24_09), 50 positions
2026-03-23T13:56:16.835Z OK: min DP%-PnL%=0.30% (SOL_2026_03_09_19_24_09), 50 positions
2026-03-23T13:58:16.140Z OK: min DP%-PnL%=0.30% (SOL_2026_03_09_19_24_09), 50 positions
2026-03-23T14:00:16.051Z OK: min DP%-PnL%=0.30% (SOL_2026_03_09_19_24_09), 50 positions
2026-03-23T14:02:16.379Z OK: min DP%-PnL%=0.30% (SOL_2026_03_09_19_24_09), 50 positions
2026-03-23T14:04:16.604Z OK: min DP%-PnL%=0.30% (SOL_2026_03_09_19_24_09), 50 positions
2026-03-23T14:06:16.109Z OK: min DP%-PnL%=0.30% (SOL_2026_03_09_19_24_09), 50 positions
2026-03-23T14:08:16.756Z OK: min DP%-PnL%=0.30% (SOL_2026_03_09_19_24_09), 50 positions
2026-03-23T14:10:16.659Z OK: min DP%-PnL%=0.30% (SOL_2026_03_09_19_24_09), 50 positions
2026-03-23T14:12:17.084Z OK: min DP%-PnL%=0.30% (SOL_2026_03_09_19_24_09), 50 positions
2026-03-23T14:14:16.283Z OK: min DP%-PnL%=0.30% (SOL_2026_03_09_19_24_09), 50 positions
2026-03-23T14:16:16.624Z OK: min DP%-PnL%=0.30% (SOL_2026_03_09_19_24_09), 50 positions
2026-03-23T14:18:16.522Z OK: min DP%-PnL%=0.30% (SOL_2026_03_09_19_24_09), 50 positions
2026-03-23T14:20:16.435Z OK: min DP%-PnL%=0.30% (SOL_2026_03_09_19_24_09), 50 positions
2026-03-23T14:22:16.684Z OK: min DP%-PnL%=0.30% (SOL_2026_03_09_19_24_09), 50 positions
2026-03-23T14:24:15.763Z OK: min DP%-PnL%=0.30% (SOL_2026_03_09_19_24_09), 50 positions
2026-03-23T14:26:15.360Z OK: min DP%-PnL%=0.30% (SOL_2026_03_09_19_24_09), 50 positions
2026-03-23T14:28:15.491Z OK: min DP%-PnL%=0.30% (SOL_2026_03_09_19_24_09), 50 positions
2026-03-23T14:30:16.832Z OK: min DP%-PnL%=0.30% (SOL_2026_03_09_19_24_09), 50 positions
2026-03-23T14:32:15.862Z OK: min DP%-PnL%=0.30% (SOL_2026_03_09_19_24_09), 50 positions
2026-03-23T14:34:15.612Z OK: min DP%-PnL%=0.30% (SOL_2026_03_09_19_24_09), 50 positions
2026-03-23T14:36:15.628Z OK: min DP%-PnL%=0.30% (SOL_2026_03_09_19_24_09), 50 positions
2026-03-23T14:38:16.660Z OK: min DP%-PnL%=0.30% (SOL_2026_03_09_19_24_09), 50 positions
2026-03-23T14:40:16.061Z OK: min DP%-PnL%=0.30% (SOL_2026_03_09_19_24_09), 50 positions
2026-03-23T14:42:16.359Z OK: min DP%-PnL%=0.30% (SOL_2026_03_09_19_24_09), 50 positions
2026-03-23T14:44:17.509Z OK: min DP%-PnL%=0.30% (SOL_2026_03_09_19_24_09), 50 positions
2026-03-23T14:46:16.770Z OK: min DP%-PnL%=0.30% (SOL_2026_03_09_19_24_09), 50 positions
2026-03-23T14:48:17.487Z OK: min DP%-PnL%=0.30% (SOL_2026_03_09_19_24_09), 50 positions
2026-03-23T14:50:17.331Z OK: min DP%-PnL%=0.30% (SOL_2026_03_09_19_24_09), 50 positions
2026-03-23T14:52:16.700Z OK: min DP%-PnL%=0.30% (SOL_2026_03_09_19_24_09), 50 positions
2026-03-23T14:54:18.656Z OK: min DP%-PnL%=0.30% (SOL_2026_03_09_19_24_09), 50 positions
2026-03-23T14:56:16.068Z OK: min DP%-PnL%=0.30% (SOL_2026_03_09_19_24_09), 50 positions
2026-03-23T14:58:16.600Z OK: min DP%-PnL%=0.30% (SOL_2026_03_09_19_24_09), 50 positions
2026-03-23T15:00:16.000Z OK: min DP%-PnL%=0.30% (SOL_2026_03_09_19_24_09), 50 positions
2026-03-23T15:02:16.473Z OK: min DP%-PnL%=0.30% (SOL_2026_03_09_19_24_09), 50 positions
2026-03-23T15:04:16.336Z OK: min DP%-PnL%=0.30% (SOL_2026_03_09_19_24_09), 50 positions
2026-03-23T15:06:16.556Z OK: min DP%-PnL%=0.30% (SOL_2026_03_09_19_24_09), 50 positions
2026-03-23T15:08:14.938Z OK: min DP%-PnL%=0.30% (SOL_2026_03_09_19_24_09), 50 positions
2026-03-23T15:10:15.786Z OK: min DP%-PnL%=0.30% (SOL_2026_03_09_19_24_09), 50 positions
2026-03-23T15:12:16.203Z OK: min DP%-PnL%=0.30% (SOL_2026_03_09_19_24_09), 50 positions
2026-03-23T15:14:16.739Z OK: min DP%-PnL%=0.30% (SOL_2026_03_09_19_24_09), 50 positions
2026-03-23T15:16:16.851Z OK: min DP%-PnL%=0.30% (SOL_2026_03_09_19_24_09), 50 positions
2026-03-23T15:18:15.635Z OK: min DP%-PnL%=0.30% (SOL_2026_03_09_19_24_09), 50 positions
2026-03-23T15:20:16.369Z OK: min DP%-PnL%=0.30% (SOL_2026_03_09_19_24_09), 50 positions
2026-03-23T15:22:15.592Z OK: min DP%-PnL%=0.30% (SOL_2026_03_09_19_24_09), 50 positions
2026-03-23T15:24:16.499Z OK: min DP%-PnL%=0.30% (SOL_2026_03_09_19_24_09), 50 positions
2026-03-23T15:26:16.313Z OK: min DP%-PnL%=0.30% (SOL_2026_03_09_19_24_09), 50 positions
2026-03-23T15:28:16.947Z OK: min DP%-PnL%=0.30% (SOL_2026_03_09_19_24_09), 50 positions
2026-03-23T15:30:15.936Z OK: min DP%-PnL%=0.30% (SOL_2026_03_09_19_24_09), 50 positions
2026-03-23T15:32:15.862Z OK: min DP%-PnL%=0.30% (SOL_2026_03_09_19_24_09), 50 positions
2026-03-23T15:34:15.865Z OK: min DP%-PnL%=0.30% (SOL_2026_03_09_19_24_09), 50 positions
2026-03-23T15:36:17.112Z OK: min DP%-PnL%=0.30% (SOL_2026_03_09_19_24_09), 50 positions
2026-03-23T15:38:15.593Z OK: min DP%-PnL%=0.30% (SOL_2026_03_09_19_24_09), 50 positions
2026-03-23T15:40:16.424Z OK: min DP%-PnL%=0.30% (SOL_2026_03_09_19_24_09), 50 positions
2026-03-23T15:42:15.865Z OK: min DP%-PnL%=0.30% (SOL_2026_03_09_19_24_09), 50 positions
2026-03-23T15:44:15.736Z OK: min DP%-PnL%=0.30% (SOL_2026_03_09_19_24_09), 50 positions
2026-03-23T15:46:16.258Z OK: min DP%-PnL%=0.30% (SOL_2026_03_09_19_24_09), 50 positions
2026-03-23T15:48:16.239Z OK: min DP%-PnL%=0.30% (SOL_2026_03_09_19_24_09), 50 positions
2026-03-23T15:50:15.881Z OK: min DP%-PnL%=0.30% (SOL_2026_03_09_19_24_09), 50 positions
2026-03-23T15:52:16.609Z OK: min DP%-PnL%=0.30% (SOL_2026_03_09_19_24_09), 50 positions
2026-03-23T15:54:16.212Z OK: min DP%-PnL%=0.30% (SOL_2026_03_09_19_24_09), 50 positions
2026-03-23T15:56:17.364Z OK: min DP%-PnL%=0.30% (SOL_2026_03_09_19_24_09), 50 positions
2026-03-23T15:58:16.555Z OK: min DP%-PnL%=0.30% (SOL_2026_03_09_19_24_09), 50 positions
2026-03-23T16:00:16.769Z OK: min DP%-PnL%=0.30% (SOL_2026_03_09_19_24_09), 50 positions
2026-03-23T16:02:16.167Z OK: min DP%-PnL%=0.30% (SOL_2026_03_09_19_24_09), 50 positions
2026-03-23T16:04:16.901Z OK: min DP%-PnL%=0.30% (SOL_2026_03_09_19_24_09), 50 positions
2026-03-23T16:06:17.122Z OK: min DP%-PnL%=0.30% (SOL_2026_03_09_19_24_09), 50 positions
2026-03-23T16:08:15.703Z OK: min DP%-PnL%=0.30% (SOL_2026_03_09_19_24_09), 50 positions
2026-03-23T16:10:17.154Z OK: min DP%-PnL%=0.30% (SOL_2026_03_09_19_24_09), 50 positions
2026-03-23T16:12:16.362Z OK: min DP%-PnL%=0.30% (SOL_2026_03_09_19_24_09), 50 positions
2026-03-23T16:14:16.665Z OK: min DP%-PnL%=0.30% (SOL_2026_03_09_19_24_09), 50 positions
2026-03-23T16:16:16.673Z OK: min DP%-PnL%=0.30% (SOL_2026_03_09_19_24_09), 50 positions
2026-03-23T16:18:16.171Z OK: min DP%-PnL%=0.30% (SOL_2026_03_09_19_24_09), 50 positions
2026-03-23T16:20:17.335Z OK: min DP%-PnL%=0.30% (SOL_2026_03_09_19_24_09), 50 positions
2026-03-23T16:22:16.598Z OK: min DP%-PnL%=0.30% (SOL_2026_03_09_19_24_09), 50 positions
2026-03-23T16:24:16.096Z OK: min DP%-PnL%=0.30% (SOL_2026_03_09_19_24_09), 50 positions
2026-03-23T16:26:17.133Z OK: min DP%-PnL%=0.30% (SOL_2026_03_09_19_24_09), 50 positions
2026-03-23T16:28:16.432Z OK: min DP%-PnL%=0.30% (SOL_2026_03_09_19_24_09), 50 positions
2026-03-23T16:30:16.348Z OK: min DP%-PnL%=0.30% (SOL_2026_03_09_19_24_09), 50 positions
2026-03-23T16:32:16.965Z OK: min DP%-PnL%=0.30% (SOL_2026_03_09_19_24_09), 50 positions
2026-03-23T16:34:15.647Z OK: min DP%-PnL%=0.30% (SOL_2026_03_09_19_24_09), 50 positions
2026-03-23T16:36:15.970Z OK: min DP%-PnL%=0.30% (SOL_2026_03_09_19_24_09), 50 positions
2026-03-23T16:38:16.474Z OK: min DP%-PnL%=0.30% (SOL_2026_03_09_19_24_09), 50 positions
2026-03-23T16:40:16.306Z OK: min DP%-PnL%=0.30% (SOL_2026_03_09_19_24_09), 50 positions
2026-03-23T16:42:16.829Z OK: min DP%-PnL%=0.30% (SOL_2026_03_09_19_24_09), 50 positions
2026-03-23T16:44:16.020Z OK: min DP%-PnL%=0.30% (SOL_2026_03_09_19_24_09), 50 positions
2026-03-23T16:46:16.758Z OK: min DP%-PnL%=0.30% (SOL_2026_03_09_19_24_09), 50 positions
2026-03-23T16:48:16.461Z OK: min DP%-PnL%=0.30% (SOL_2026_03_09_19_24_09), 50 positions
2026-03-23T16:50:16.390Z OK: min DP%-PnL%=0.30% (SOL_2026_03_09_19_24_09), 50 positions
2026-03-23T16:52:16.923Z OK: min DP%-PnL%=0.30% (SOL_2026_03_09_19_24_09), 50 positions
2026-03-23T16:54:16.939Z OK: min DP%-PnL%=0.30% (SOL_2026_03_09_19_24_09), 50 positions
2026-03-23T16:56:16.037Z OK: min DP%-PnL%=0.30% (SOL_2026_03_09_19_24_09), 50 positions
2026-03-23T16:58:16.262Z OK: min DP%-PnL%=0.30% (SOL_2026_03_09_19_24_09), 50 positions
2026-03-23T17:00:16.282Z OK: min DP%-PnL%=0.30% (SOL_2026_03_09_19_24_09), 50 positions
2026-03-23T17:02:16.713Z OK: min DP%-PnL%=0.30% (SOL_2026_03_09_19_24_09), 50 positions
2026-03-23T17:04:16.623Z OK: min DP%-PnL%=0.30% (SOL_2026_03_09_19_24_09), 50 positions
2026-03-23T17:06:15.923Z OK: min DP%-PnL%=0.30% (SOL_2026_03_09_19_24_09), 50 positions
2026-03-23T17:08:15.737Z OK: min DP%-PnL%=0.30% (SOL_2026_03_09_19_24_09), 50 positions
2026-03-23T17:10:16.183Z OK: min DP%-PnL%=0.30% (SOL_2026_03_09_19_24_09), 50 positions
2026-03-23T17:12:15.894Z OK: min DP%-PnL%=0.30% (SOL_2026_03_09_19_24_09), 50 positions
2026-03-23T17:14:15.273Z OK: min DP%-PnL%=0.30% (SOL_2026_03_09_19_24_09), 50 positions
2026-03-23T17:16:16.411Z OK: min DP%-PnL%=0.30% (SOL_2026_03_09_19_24_09), 50 positions
2026-03-23T17:18:15.815Z OK: min DP%-PnL%=0.30% (SOL_2026_03_09_19_24_09), 50 positions
2026-03-23T17:20:15.829Z OK: min DP%-PnL%=0.30% (SOL_2026_03_09_19_24_09), 50 positions
2026-03-23T17:22:16.256Z OK: min DP%-PnL%=0.30% (SOL_2026_03_09_19_24_09), 50 positions
2026-03-23T17:24:15.559Z OK: min DP%-PnL%=0.30% (SOL_2026_03_09_19_24_09), 50 positions
2026-03-23T17:26:16.296Z OK: min DP%-PnL%=0.30% (SOL_2026_03_09_19_24_09), 50 positions
2026-03-23T17:28:16.212Z OK: min DP%-PnL%=0.30% (SOL_2026_03_09_19_24_09), 50 positions
2026-03-23T17:30:16.844Z OK: min DP%-PnL%=0.30% (SOL_2026_03_09_19_24_09), 50 positions
2026-03-23T17:32:16.861Z OK: min DP%-PnL%=0.30% (SOL_2026_03_09_19_24_09), 50 positions
2026-03-23T17:34:15.347Z OK: min DP%-PnL%=0.30% (SOL_2026_03_09_19_24_09), 50 positions
2026-03-23T17:36:16.173Z OK: min DP%-PnL%=0.30% (SOL_2026_03_09_19_24_09), 50 positions
2026-03-23T17:38:16.298Z OK: min DP%-PnL%=0.30% (SOL_2026_03_09_19_24_09), 50 positions
2026-03-23T17:40:16.710Z OK: min DP%-PnL%=0.30% (SOL_2026_03_09_19_24_09), 50 positions
2026-03-23T17:42:16.940Z OK: min DP%-PnL%=0.30% (SOL_2026_03_09_19_24_09), 50 positions
2026-03-23T17:44:16.144Z OK: min DP%-PnL%=0.30% (SOL_2026_03_09_19_24_09), 50 positions
2026-03-23T17:46:16.265Z OK: min DP%-PnL%=0.30% (SOL_2026_03_09_19_24_09), 50 positions
2026-03-23T17:48:16.378Z OK: min DP%-PnL%=0.30% (SOL_2026_03_09_19_24_09), 50 positions
2026-03-23T17:50:16.509Z OK: min DP%-PnL%=0.30% (SOL_2026_03_09_19_24_09), 50 positions
2026-03-23T17:52:16.310Z OK: min DP%-PnL%=0.30% (SOL_2026_03_09_19_24_09), 50 positions
2026-03-23T17:54:16.324Z OK: min DP%-PnL%=0.30% (SOL_2026_03_09_19_24_09), 50 positions
2026-03-23T17:56:16.137Z OK: min DP%-PnL%=0.30% (SOL_2026_03_09_19_24_09), 50 positions
2026-03-23T17:58:16.459Z OK: min DP%-PnL%=0.30% (SOL_2026_03_09_19_24_09), 50 positions
2026-03-23T18:00:16.056Z OK: min DP%-PnL%=0.30% (SOL_2026_03_09_19_24_09), 50 positions
2026-03-23T18:02:16.172Z OK: min DP%-PnL%=0.30% (SOL_2026_03_09_19_24_09), 50 positions
2026-03-23T18:04:16.501Z OK: min DP%-PnL%=0.30% (SOL_2026_03_09_19_24_09), 50 positions
2026-03-23T18:06:16.406Z OK: min DP%-PnL%=0.30% (SOL_2026_03_09_19_24_09), 50 positions
2026-03-23T18:08:16.528Z OK: min DP%-PnL%=0.30% (SOL_2026_03_09_19_24_09), 50 positions
2026-03-23T18:10:16.124Z OK: min DP%-PnL%=0.30% (SOL_2026_03_09_19_24_09), 50 positions
2026-03-23T18:12:15.937Z OK: min DP%-PnL%=0.30% (SOL_2026_03_09_19_24_09), 50 positions
2026-03-23T18:14:16.362Z OK: min DP%-PnL%=0.30% (SOL_2026_03_09_19_24_09), 50 positions
2026-03-23T18:16:16.068Z OK: min DP%-PnL%=0.30% (SOL_2026_03_09_19_24_09), 50 positions
2026-03-23T18:18:16.596Z OK: min DP%-PnL%=0.30% (SOL_2026_03_09_19_24_09), 50 positions
2026-03-23T18:20:15.279Z OK: min DP%-PnL%=0.30% (SOL_2026_03_09_19_24_09), 50 positions
2026-03-23T18:22:15.506Z OK: min DP%-PnL%=0.30% (SOL_2026_03_09_19_24_09), 50 positions
2026-03-23T18:24:16.326Z OK: min DP%-PnL%=0.30% (SOL_2026_03_09_19_24_09), 50 positions
2026-03-23T18:26:15.731Z OK: min DP%-PnL%=0.30% (SOL_2026_03_09_19_24_09), 50 positions
2026-03-23T18:28:15.437Z OK: min DP%-PnL%=0.30% (SOL_2026_03_09_19_24_09), 50 positions
2026-03-23T18:30:15.655Z OK: min DP%-PnL%=0.30% (SOL_2026_03_09_19_24_09), 50 positions
2026-03-23T18:32:16.053Z OK: min DP%-PnL%=0.30% (SOL_2026_03_09_19_24_09), 50 positions
2026-03-23T18:34:16.287Z OK: min DP%-PnL%=0.30% (SOL_2026_03_09_19_24_09), 50 positions
2026-03-23T18:36:15.783Z OK: min DP%-PnL%=0.30% (SOL_2026_03_09_19_24_09), 50 positions
2026-03-23T18:38:15.901Z OK: min DP%-PnL%=0.30% (SOL_2026_03_09_19_24_09), 50 positions
2026-03-23T18:40:17.242Z OK: min DP%-PnL%=0.30% (SOL_2026_03_09_19_24_09), 50 positions
2026-03-23T18:42:16.399Z OK: min DP%-PnL%=0.30% (SOL_2026_03_09_19_24_09), 50 positions
2026-03-23T18:44:17.264Z OK: min DP%-PnL%=0.30% (SOL_2026_03_09_19_24_09), 50 positions
2026-03-23T18:46:15.950Z OK: min DP%-PnL%=0.30% (SOL_2026_03_09_19_24_09), 50 positions
2026-03-23T18:48:17.394Z OK: min DP%-PnL%=0.30% (SOL_2026_03_09_19_24_09), 50 positions
2026-03-23T18:50:16.178Z OK: min DP%-PnL%=0.30% (SOL_2026_03_09_19_24_09), 50 positions
2026-03-23T18:52:16.393Z OK: min DP%-PnL%=0.30% (SOL_2026_03_09_19_24_09), 50 positions
2026-03-23T18:54:16.822Z OK: min DP%-PnL%=0.30% (SOL_2026_03_09_19_24_09), 50 positions
2026-03-23T18:56:15.810Z OK: min DP%-PnL%=0.30% (SOL_2026_03_09_19_24_09), 50 positions
2026-03-23T18:58:16.231Z OK: min DP%-PnL%=0.30% (SOL_2026_03_09_19_24_09), 50 positions
2026-03-23T19:00:16.660Z OK: min DP%-PnL%=0.30% (SOL_2026_03_09_19_24_09), 50 positions
2026-03-23T19:02:15.637Z OK: min DP%-PnL%=0.30% (SOL_2026_03_09_19_24_09), 50 positions
2026-03-23T19:04:16.665Z OK: min DP%-PnL%=0.30% (SOL_2026_03_09_19_24_09), 50 positions
2026-03-23T19:06:15.685Z OK: min DP%-PnL%=0.30% (SOL_2026_03_09_19_24_09), 50 positions
2026-03-23T19:08:15.821Z OK: min DP%-PnL%=0.30% (SOL_2026_03_09_19_24_09), 50 positions
2026-03-23T19:10:16.150Z OK: min DP%-PnL%=0.30% (SOL_2026_03_09_19_24_09), 50 positions
2026-03-23T19:12:16.376Z OK: min DP%-PnL%=0.30% (SOL_2026_03_09_19_24_09), 50 positions
2026-03-23T19:14:16.611Z OK: min DP%-PnL%=0.30% (SOL_2026_03_09_19_24_09), 50 positions
2026-03-23T19:16:16.412Z OK: min DP%-PnL%=0.30% (SOL_2026_03_09_19_24_09), 50 positions
2026-03-23T19:18:16.545Z OK: min DP%-PnL%=0.30% (SOL_2026_03_09_19_24_09), 50 positions
2026-03-23T19:20:15.735Z OK: min DP%-PnL%=0.30% (SOL_2026_03_09_19_24_09), 50 positions
2026-03-23T19:22:15.756Z OK: min DP%-PnL%=0.30% (SOL_2026_03_09_19_24_09), 50 positions
2026-03-23T19:24:15.771Z OK: min DP%-PnL%=0.30% (SOL_2026_03_09_19_24_09), 50 positions
2026-03-23T19:26:16.301Z OK: min DP%-PnL%=0.30% (SOL_2026_03_09_19_24_09), 50 positions
2026-03-23T19:28:16.940Z OK: min DP%-PnL%=0.30% (SOL_2026_03_09_19_24_09), 50 positions
2026-03-23T19:30:15.825Z OK: min DP%-PnL%=0.30% (SOL_2026_03_09_19_24_09), 50 positions
2026-03-23T19:32:16.453Z OK: min DP%-PnL%=0.30% (SOL_2026_03_09_19_24_09), 50 positions
2026-03-23T19:34:17.393Z OK: min DP%-PnL%=0.30% (SOL_2026_03_09_19_24_09), 50 positions
2026-03-23T19:36:15.842Z OK: min DP%-PnL%=0.30% (SOL_2026_03_09_19_24_09), 50 positions
2026-03-23T19:38:15.484Z OK: min DP%-PnL%=0.30% (SOL_2026_03_09_19_24_09), 50 positions
2026-03-23T19:40:16.726Z OK: min DP%-PnL%=0.30% (SOL_2026_03_09_19_24_09), 50 positions
2026-03-23T19:42:16.942Z OK: min DP%-PnL%=0.30% (SOL_2026_03_09_19_24_09), 50 positions
2026-03-23T19:44:17.050Z OK: min DP%-PnL%=0.30% (SOL_2026_03_09_19_24_09), 50 positions
2026-03-23T19:46:16.863Z OK: min DP%-PnL%=0.30% (SOL_2026_03_09_19_24_09), 50 positions
2026-03-23T19:48:16.579Z OK: min DP%-PnL%=0.30% (SOL_2026_03_09_19_24_09), 50 positions
2026-03-23T19:50:17.402Z OK: min DP%-PnL%=0.30% (SOL_2026_03_09_19_24_09), 50 positions
2026-03-23T19:52:17.216Z OK: min DP%-PnL%=0.30% (SOL_2026_03_09_19_24_09), 50 positions
2026-03-23T19:54:17.126Z OK: min DP%-PnL%=0.30% (SOL_2026_03_09_19_24_09), 50 positions
2026-03-23T19:56:17.037Z OK: min DP%-PnL%=0.30% (SOL_2026_03_09_19_24_09), 50 positions
2026-03-23T19:58:16.849Z OK: min DP%-PnL%=0.30% (SOL_2026_03_09_19_24_09), 50 positions
2026-03-23T20:00:16.562Z OK: min DP%-PnL%=0.30% (SOL_2026_03_09_19_24_09), 50 positions
2026-03-23T20:02:16.163Z OK: min DP%-PnL%=0.30% (SOL_2026_03_09_19_24_09), 50 positions
2026-03-23T20:04:16.997Z OK: min DP%-PnL%=0.30% (SOL_2026_03_09_19_24_09), 50 positions
2026-03-23T20:06:17.116Z OK: min DP%-PnL%=0.30% (SOL_2026_03_09_19_24_09), 50 positions
2026-03-23T20:08:15.702Z OK: min DP%-PnL%=0.30% (SOL_2026_03_09_19_24_09), 50 positions
2026-03-23T20:10:16.639Z OK: min DP%-PnL%=0.30% (SOL_2026_03_09_19_24_09), 50 positions
2026-03-23T20:12:15.700Z OK: min DP%-PnL%=0.30% (SOL_2026_03_09_19_24_09), 50 positions
2026-03-23T20:14:16.963Z OK: min DP%-PnL%=0.30% (SOL_2026_03_09_19_24_09), 50 positions
2026-03-23T20:16:15.531Z OK: min DP%-PnL%=0.30% (SOL_2026_03_09_19_24_09), 50 positions
2026-03-23T20:18:16.670Z OK: min DP%-PnL%=0.30% (SOL_2026_03_09_19_24_09), 50 positions
2026-03-23T20:20:16.065Z OK: min DP%-PnL%=0.30% (SOL_2026_03_09_19_24_09), 50 positions
2026-03-23T20:22:15.838Z OK: min DP%-PnL%=0.30% (SOL_2026_03_09_19_24_09), 50 positions
2026-03-23T20:24:16.081Z OK: min DP%-PnL%=0.30% (SOL_2026_03_09_19_24_09), 50 positions
2026-03-23T20:26:16.191Z OK: min DP%-PnL%=0.30% (SOL_2026_03_09_19_24_09), 50 positions
2026-03-23T20:28:16.179Z OK: min DP%-PnL%=0.30% (SOL_2026_03_09_19_24_09), 50 positions
2026-03-23T20:30:15.840Z OK: min DP%-PnL%=0.30% (SOL_2026_03_09_19_24_09), 50 positions
2026-03-23T20:32:17.561Z OK: min DP%-PnL%=0.30% (SOL_2026_03_09_19_24_09), 50 positions
2026-03-23T20:34:16.341Z OK: min DP%-PnL%=0.30% (SOL_2026_03_09_19_24_09), 50 positions
2026-03-23T20:36:16.100Z OK: min DP%-PnL%=0.30% (SOL_2026_03_09_19_24_09), 50 positions
2026-03-23T20:38:16.575Z OK: min DP%-PnL%=0.30% (SOL_2026_03_09_19_24_09), 50 positions
2026-03-23T20:40:16.480Z OK: min DP%-PnL%=0.30% (SOL_2026_03_09_19_24_09), 50 positions
2026-03-23T20:42:15.579Z OK: min DP%-PnL%=0.30% (SOL_2026_03_09_19_24_09), 50 positions
2026-03-23T20:44:16.509Z OK: min DP%-PnL%=0.30% (SOL_2026_03_09_19_24_09), 50 positions
2026-03-23T20:46:15.758Z OK: min DP%-PnL%=0.30% (SOL_2026_03_09_19_24_09), 50 positions
2026-03-23T20:48:16.241Z OK: min DP%-PnL%=0.30% (SOL_2026_03_09_19_24_09), 50 positions
2026-03-23T20:50:17.605Z OK: min DP%-PnL%=0.30% (SOL_2026_03_09_19_24_09), 50 positions
2026-03-23T20:52:16.090Z OK: min DP%-PnL%=0.30% (SOL_2026_03_09_19_24_09), 50 positions
2026-03-23T20:54:15.906Z OK: min DP%-PnL%=0.30% (SOL_2026_03_09_19_24_09), 50 positions
2026-03-23T20:56:16.951Z OK: min DP%-PnL%=0.30% (SOL_2026_03_09_19_24_09), 50 positions
2026-03-23T20:58:16.559Z OK: min DP%-PnL%=0.30% (SOL_2026_03_09_19_24_09), 50 positions
2026-03-23T21:00:16.584Z OK: min DP%-PnL%=0.30% (SOL_2026_03_09_19_24_09), 50 positions
2026-03-23T21:02:16.290Z OK: min DP%-PnL%=0.30% (SOL_2026_03_09_19_24_09), 50 positions
2026-03-23T21:04:15.700Z OK: min DP%-PnL%=0.30% (SOL_2026_03_09_19_24_09), 50 positions
2026-03-23T21:06:16.042Z OK: min DP%-PnL%=0.30% (SOL_2026_03_09_19_24_09), 50 positions
2026-03-23T21:08:16.240Z OK: min DP%-PnL%=0.30% (SOL_2026_03_09_19_24_09), 50 positions
2026-03-23T21:10:15.128Z OK: min DP%-PnL%=0.30% (SOL_2026_03_09_19_24_09), 50 positions
2026-03-23T21:12:15.553Z OK: min DP%-PnL%=0.30% (SOL_2026_03_09_19_24_09), 50 positions
2026-03-23T21:14:15.715Z OK: min DP%-PnL%=0.30% (SOL_2026_03_09_19_24_09), 50 positions
2026-03-23T21:16:16.510Z OK: min DP%-PnL%=0.30% (SOL_2026_03_09_19_24_09), 50 positions
2026-03-23T21:18:15.397Z OK: min DP%-PnL%=0.30% (SOL_2026_03_09_19_24_09), 50 positions
2026-03-23T21:20:16.231Z OK: min DP%-PnL%=0.30% (SOL_2026_03_09_19_24_09), 50 positions
2026-03-23T21:22:15.736Z OK: min DP%-PnL%=0.30% (SOL_2026_03_09_19_24_09), 50 positions
2026-03-23T21:24:16.048Z OK: min DP%-PnL%=0.30% (SOL_2026_03_09_19_24_09), 50 positions
2026-03-23T21:26:16.471Z OK: min DP%-PnL%=0.30% (SOL_2026_03_09_19_24_09), 50 positions
2026-03-23T21:28:16.384Z OK: min DP%-PnL%=0.30% (SOL_2026_03_09_19_24_09), 50 positions
2026-03-23T21:30:15.786Z OK: min DP%-PnL%=0.30% (SOL_2026_03_09_19_24_09), 50 positions
2026-03-23T21:32:16.822Z OK: min DP%-PnL%=0.30% (SOL_2026_03_09_19_24_09), 50 positions
2026-03-23T21:34:16.323Z OK: min DP%-PnL%=0.30% (SOL_2026_03_09_19_24_09), 50 positions
2026-03-23T21:36:15.829Z OK: min DP%-PnL%=0.30% (SOL_2026_03_09_19_24_09), 50 positions
2026-03-23T21:38:16.556Z OK: min DP%-PnL%=0.30% (SOL_2026_03_09_19_24_09), 50 positions
2026-03-23T21:40:17.081Z OK: min DP%-PnL%=0.30% (SOL_2026_03_09_19_24_09), 50 positions
2026-03-23T21:42:15.866Z OK: min DP%-PnL%=0.30% (SOL_2026_03_09_19_24_09), 50 positions
2026-03-23T21:44:15.267Z OK: min DP%-PnL%=0.30% (SOL_2026_03_09_19_24_09), 50 positions
2026-03-23T21:46:16.208Z OK: min DP%-PnL%=0.30% (SOL_2026_03_09_19_24_09), 50 positions
2026-03-23T21:48:16.407Z OK: min DP%-PnL%=0.30% (SOL_2026_03_09_19_24_09), 50 positions
2026-03-23T21:50:15.727Z OK: min DP%-PnL%=0.30% (SOL_2026_03_09_19_24_09), 50 positions
2026-03-23T21:52:17.273Z OK: min DP%-PnL%=0.30% (SOL_2026_03_09_19_24_09), 50 positions
2026-03-23T21:54:15.035Z OK: min DP%-PnL%=0.30% (SOL_2026_03_09_19_24_09), 50 positions
2026-03-23T21:56:17.208Z OK: min DP%-PnL%=0.30% (SOL_2026_03_09_19_24_09), 50 positions
2026-03-23T21:58:16.156Z OK: min DP%-PnL%=0.30% (SOL_2026_03_09_19_24_09), 50 positions
2026-03-23T22:00:17.472Z OK: min DP%-PnL%=0.30% (SOL_2026_03_09_19_24_09), 50 positions
2026-03-23T22:02:16.981Z OK: min DP%-PnL%=0.30% (SOL_2026_03_09_19_24_09), 50 positions
2026-03-23T22:04:16.920Z OK: min DP%-PnL%=0.30% (SOL_2026_03_09_19_24_09), 50 positions
2026-03-23T22:06:16.414Z OK: min DP%-PnL%=0.30% (SOL_2026_03_09_19_24_09), 50 positions
2026-03-23T22:08:16.535Z OK: min DP%-PnL%=0.30% (SOL_2026_03_09_19_24_09), 50 positions
2026-03-23T22:10:16.556Z OK: min DP%-PnL%=0.30% (SOL_2026_03_09_19_24_09), 50 positions
2026-03-23T22:12:16.067Z OK: min DP%-PnL%=0.30% (SOL_2026_03_09_19_24_09), 50 positions
2026-03-23T22:14:15.880Z OK: min DP%-PnL%=0.30% (SOL_2026_03_09_19_24_09), 50 positions
2026-03-23T22:16:15.389Z OK: min DP%-PnL%=0.30% (SOL_2026_03_09_19_24_09), 50 positions
2026-03-23T22:18:16.939Z OK: min DP%-PnL%=0.30% (SOL_2026_03_09_19_24_09), 50 positions
2026-03-23T22:20:15.840Z OK: min DP%-PnL%=0.30% (SOL_2026_03_09_19_24_09), 50 positions
2026-03-23T22:22:15.621Z OK: min DP%-PnL%=0.30% (SOL_2026_03_09_19_24_09), 50 positions
2026-03-23T22:24:16.381Z OK: min DP%-PnL%=0.30% (SOL_2026_03_09_19_24_09), 50 positions
2026-03-23T22:26:16.496Z OK: min DP%-PnL%=0.30% (SOL_2026_03_09_19_24_09), 50 positions
2026-03-23T22:28:16.828Z OK: min DP%-PnL%=0.30% (SOL_2026_03_09_19_24_09), 50 positions
2026-03-23T22:30:16.013Z OK: min DP%-PnL%=0.30% (SOL_2026_03_09_19_24_09), 50 positions
2026-03-23T22:32:16.630Z OK: min DP%-PnL%=0.30% (SOL_2026_03_09_19_24_09), 50 positions
2026-03-23T22:34:16.425Z OK: min DP%-PnL%=0.30% (SOL_2026_03_09_19_24_09), 50 positions
2026-03-23T22:36:16.945Z OK: min DP%-PnL%=0.30% (SOL_2026_03_09_19_24_09), 50 positions
2026-03-23T22:38:15.322Z OK: min DP%-PnL%=0.30% (SOL_2026_03_09_19_24_09), 50 positions
2026-03-23T22:40:17.062Z OK: min DP%-PnL%=0.30% (SOL_2026_03_09_19_24_09), 50 positions
2026-03-23T22:42:16.255Z OK: min DP%-PnL%=0.30% (SOL_2026_03_09_19_24_09), 50 positions
2026-03-23T22:44:15.759Z OK: min DP%-PnL%=0.30% (SOL_2026_03_09_19_24_09), 50 positions
2026-03-23T22:46:16.079Z OK: min DP%-PnL%=0.30% (SOL_2026_03_09_19_24_09), 50 positions
2026-03-23T22:48:15.131Z OK: min DP%-PnL%=0.30% (SOL_2026_03_09_19_24_09), 50 positions
2026-03-23T22:50:15.488Z OK: min DP%-PnL%=0.30% (SOL_2026_03_09_19_24_09), 50 positions
2026-03-23T22:52:15.495Z OK: min DP%-PnL%=0.30% (SOL_2026_03_09_19_24_09), 50 positions
2026-03-23T22:54:16.538Z OK: min DP%-PnL%=0.30% (SOL_2026_03_09_19_24_09), 50 positions
2026-03-23T22:56:16.346Z OK: min DP%-PnL%=0.30% (SOL_2026_03_09_19_24_09), 50 positions
2026-03-23T22:58:15.547Z OK: min DP%-PnL%=0.30% (SOL_2026_03_09_19_24_09), 50 positions
2026-03-23T23:00:16.267Z OK: min DP%-PnL%=0.30% (SOL_2026_03_09_19_24_09), 50 positions
2026-03-23T23:02:15.954Z OK: min DP%-PnL%=0.30% (SOL_2026_03_09_19_24_09), 50 positions
2026-03-23T23:04:16.100Z OK: min DP%-PnL%=0.30% (SOL_2026_03_09_19_24_09), 50 positions
2026-03-23T23:06:16.515Z OK: min DP%-PnL%=0.30% (SOL_2026_03_09_19_24_09), 50 positions
2026-03-23T23:08:15.820Z OK: min DP%-PnL%=0.30% (SOL_2026_03_09_19_24_09), 50 positions
2026-03-23T23:10:16.236Z OK: min DP%-PnL%=0.30% (SOL_2026_03_09_19_24_09), 50 positions
2026-03-23T23:12:15.903Z OK: min DP%-PnL%=0.30% (SOL_2026_03_09_19_24_09), 50 positions
2026-03-23T23:14:15.762Z OK: min DP%-PnL%=0.30% (SOL_2026_03_09_19_24_09), 50 positions
2026-03-23T23:16:16.478Z OK: min DP%-PnL%=0.30% (SOL_2026_03_09_19_24_09), 50 positions
2026-03-23T23:18:16.291Z OK: min DP%-PnL%=0.30% (SOL_2026_03_09_19_24_09), 50 positions
2026-03-23T23:20:15.893Z OK: min DP%-PnL%=0.30% (SOL_2026_03_09_19_24_09), 50 positions
2026-03-23T23:22:16.318Z OK: min DP%-PnL%=0.30% (SOL_2026_03_09_19_24_09), 50 positions
2026-03-23T23:24:15.614Z OK: min DP%-PnL%=0.30% (SOL_2026_03_09_19_24_09), 50 positions
2026-03-23T23:26:16.552Z OK: min DP%-PnL%=0.30% (SOL_2026_03_09_19_24_09), 50 positions
2026-03-23T23:28:15.438Z OK: min DP%-PnL%=0.30% (SOL_2026_03_09_19_24_09), 50 positions
2026-03-23T23:30:16.376Z OK: min DP%-PnL%=0.30% (SOL_2026_03_09_19_24_09), 50 positions
2026-03-23T23:32:16.086Z OK: min DP%-PnL%=0.30% (SOL_2026_03_09_19_24_09), 50 positions
2026-03-23T23:34:16.300Z OK: min DP%-PnL%=0.30% (SOL_2026_03_09_19_24_09), 50 positions
2026-03-23T23:36:16.113Z OK: min DP%-PnL%=0.30% (SOL_2026_03_09_19_24_09), 50 positions
2026-03-23T23:38:16.638Z OK: min DP%-PnL%=0.30% (SOL_2026_03_09_19_24_09), 50 positions
2026-03-23T23:40:16.869Z OK: min DP%-PnL%=0.30% (SOL_2026_03_09_19_24_09), 50 positions
2026-03-23T23:42:15.866Z OK: min DP%-PnL%=0.30% (SOL_2026_03_09_19_24_09), 50 positions
2026-03-23T23:44:16.392Z OK: min DP%-PnL%=0.30% (SOL_2026_03_09_19_24_09), 50 positions
2026-03-23T23:46:16.827Z OK: min DP%-PnL%=0.30% (SOL_2026_03_09_19_24_09), 50 positions
2026-03-23T23:48:16.739Z OK: min DP%-PnL%=0.30% (SOL_2026_03_09_19_24_09), 50 positions
2026-03-23T23:50:16.755Z OK: min DP%-PnL%=0.30% (SOL_2026_03_09_19_24_09), 50 positions
2026-03-23T23:52:15.643Z OK: min DP%-PnL%=0.30% (SOL_2026_03_09_19_24_09), 50 positions
2026-03-23T23:54:16.716Z OK: min DP%-PnL%=0.30% (SOL_2026_03_09_19_24_09), 50 positions
2026-03-23T23:56:15.160Z OK: min DP%-PnL%=0.30% (SOL_2026_03_09_19_24_09), 50 positions
2026-03-23T23:58:16.819Z OK: min DP%-PnL%=0.30% (SOL_2026_03_09_19_24_09), 50 positions
2026-03-24T00:00:17.242Z OK: min DP%-PnL%=0.30% (SOL_2026_03_09_19_24_09), 50 positions
2026-03-24T00:02:15.833Z OK: min DP%-PnL%=0.30% (SOL_2026_03_09_19_24_09), 50 positions
2026-03-24T00:04:15.223Z OK: min DP%-PnL%=0.30% (SOL_2026_03_09_19_24_09), 50 positions
2026-03-24T00:06:17.704Z OK: min DP%-PnL%=0.30% (SOL_2026_03_09_19_24_09), 50 positions
2026-03-24T00:08:15.874Z OK: min DP%-PnL%=0.30% (SOL_2026_03_09_19_24_09), 50 positions
2026-03-24T00:10:16.402Z OK: min DP%-PnL%=0.30% (SOL_2026_03_09_19_24_09), 50 positions
2026-03-24T00:12:15.593Z OK: min DP%-PnL%=0.30% (SOL_2026_03_09_19_24_09), 50 positions
2026-03-24T00:14:16.628Z OK: min DP%-PnL%=0.30% (SOL_2026_03_09_19_24_09), 50 positions
2026-03-24T00:16:16.539Z OK: min DP%-PnL%=0.30% (SOL_2026_03_09_19_24_09), 50 positions
2026-03-24T00:18:16.655Z OK: min DP%-PnL%=0.30% (SOL_2026_03_09_19_24_09), 50 positions
2026-03-24T00:20:15.852Z OK: min DP%-PnL%=0.30% (SOL_2026_03_09_19_24_09), 50 positions
2026-03-24T00:22:15.865Z OK: min DP%-PnL%=0.30% (SOL_2026_03_09_19_24_09), 50 positions
2026-03-24T00:24:17.062Z OK: min DP%-PnL%=0.30% (SOL_2026_03_09_19_24_09), 50 positions
2026-03-24T00:26:16.093Z OK: min DP%-PnL%=0.30% (SOL_2026_03_09_19_24_09), 50 positions
2026-03-24T00:28:15.699Z OK: min DP%-PnL%=0.30% (SOL_2026_03_09_19_24_09), 50 positions
2026-03-24T00:30:15.745Z OK: min DP%-PnL%=0.30% (SOL_2026_03_09_19_24_09), 50 positions
2026-03-24T00:32:16.693Z OK: min DP%-PnL%=0.30% (SOL_2026_03_09_19_24_09), 50 positions
2026-03-24T00:34:16.048Z OK: min DP%-PnL%=0.30% (SOL_2026_03_09_19_24_09), 50 positions
2026-03-24T00:36:15.864Z OK: min DP%-PnL%=0.30% (SOL_2026_03_09_19_24_09), 50 positions
2026-03-24T00:38:15.056Z OK: min DP%-PnL%=0.30% (SOL_2026_03_09_19_24_09), 50 positions
2026-03-24T00:40:16.500Z OK: min DP%-PnL%=0.30% (SOL_2026_03_09_19_24_09), 50 positions
2026-03-24T00:42:15.958Z OK: min DP%-PnL%=0.30% (SOL_2026_03_09_19_24_09), 50 positions
2026-03-24T00:44:15.676Z OK: min DP%-PnL%=0.30% (SOL_2026_03_09_19_24_09), 50 positions
2026-03-24T00:46:17.568Z OK: min DP%-PnL%=0.30% (SOL_2026_03_09_19_24_09), 50 positions
2026-03-24T00:48:17.382Z OK: min DP%-PnL%=0.30% (SOL_2026_03_09_19_24_09), 50 positions
2026-03-24T00:50:15.660Z OK: min DP%-PnL%=0.30% (SOL_2026_03_09_19_24_09), 50 positions
2026-03-24T00:52:16.494Z OK: min DP%-PnL%=0.30% (SOL_2026_03_09_19_24_09), 50 positions
2026-03-24T00:54:16.000Z OK: min DP%-PnL%=0.30% (SOL_2026_03_09_19_24_09), 50 positions
2026-03-24T00:56:16.216Z OK: min DP%-PnL%=0.30% (SOL_2026_03_09_19_24_09), 50 positions
2026-03-24T00:58:16.558Z OK: min DP%-PnL%=0.30% (SOL_2026_03_09_19_24_09), 50 positions
2026-03-24T01:00:17.378Z OK: min DP%-PnL%=0.30% (SOL_2026_03_09_19_24_09), 50 positions
2026-03-24T01:02:16.945Z OK: min DP%-PnL%=0.30% (SOL_2026_03_09_19_24_09), 50 positions
2026-03-24T01:04:17.101Z OK: min DP%-PnL%=0.30% (SOL_2026_03_09_19_24_09), 50 positions
2026-03-24T01:06:15.682Z OK: min DP%-PnL%=0.30% (SOL_2026_03_09_19_24_09), 50 positions
2026-03-24T01:08:17.336Z OK: min DP%-PnL%=0.30% (SOL_2026_03_09_19_24_09), 50 positions
2026-03-24T01:10:16.265Z OK: min DP%-PnL%=0.30% (SOL_2026_03_09_19_24_09), 50 positions
2026-03-24T01:12:16.240Z OK: min DP%-PnL%=0.30% (SOL_2026_03_09_19_24_09), 50 positions
2026-03-24T01:14:17.284Z OK: min DP%-PnL%=0.30% (SOL_2026_03_09_19_24_09), 50 positions
2026-03-24T01:16:16.475Z OK: min DP%-PnL%=0.30% (SOL_2026_03_09_19_24_09), 50 positions
2026-03-24T01:18:16.084Z OK: min DP%-PnL%=0.30% (SOL_2026_03_09_19_24_09), 50 positions
2026-03-24T01:20:16.703Z OK: min DP%-PnL%=0.30% (SOL_2026_03_09_19_24_09), 50 positions
2026-03-24T01:22:16.112Z OK: min DP%-PnL%=0.30% (SOL_2026_03_09_19_24_09), 50 positions
2026-03-24T01:24:16.434Z OK: min DP%-PnL%=0.30% (SOL_2026_03_09_19_24_09), 50 positions
2026-03-24T01:26:16.245Z OK: min DP%-PnL%=0.30% (SOL_2026_03_09_19_24_09), 50 positions
2026-03-24T01:28:16.565Z OK: min DP%-PnL%=0.30% (SOL_2026_03_09_19_24_09), 50 positions
2026-03-24T01:30:16.376Z OK: min DP%-PnL%=0.30% (SOL_2026_03_09_19_24_09), 50 positions
2026-03-24T01:32:16.290Z OK: min DP%-PnL%=0.30% (SOL_2026_03_09_19_24_09), 50 positions
2026-03-24T01:34:15.995Z OK: min DP%-PnL%=0.30% (SOL_2026_03_09_19_24_09), 50 positions
2026-03-24T01:36:15.915Z OK: min DP%-PnL%=0.30% (SOL_2026_03_09_19_24_09), 50 positions
2026-03-24T01:38:16.436Z OK: min DP%-PnL%=0.30% (SOL_2026_03_09_19_24_09), 50 positions
2026-03-24T01:40:16.040Z OK: min DP%-PnL%=0.30% (SOL_2026_03_09_19_24_09), 50 positions
2026-03-24T01:42:16.568Z OK: min DP%-PnL%=0.30% (SOL_2026_03_09_19_24_09), 50 positions
2026-03-24T01:44:16.480Z OK: min DP%-PnL%=0.30% (SOL_2026_03_09_19_24_09), 50 positions
2026-03-24T01:46:15.676Z OK: min DP%-PnL%=0.30% (SOL_2026_03_09_19_24_09), 50 positions
2026-03-24T01:48:16.000Z OK: min DP%-PnL%=0.30% (SOL_2026_03_09_19_24_09), 50 positions
2026-03-24T01:50:16.528Z OK: min DP%-PnL%=0.30% (SOL_2026_03_09_19_24_09), 50 positions
2026-03-24T01:52:15.833Z OK: min DP%-PnL%=0.30% (SOL_2026_03_09_19_24_09), 50 positions
2026-03-24T01:54:16.877Z OK: min DP%-PnL%=0.30% (SOL_2026_03_09_19_24_09), 50 positions
2026-03-24T01:56:15.968Z OK: min DP%-PnL%=0.30% (SOL_2026_03_09_19_24_09), 50 positions
2026-03-24T01:58:16.518Z OK: min DP%-PnL%=0.30% (SOL_2026_03_09_19_24_09), 50 positions
2026-03-24T02:00:16.107Z OK: min DP%-PnL%=0.30% (SOL_2026_03_09_19_24_09), 50 positions
2026-03-24T02:02:15.711Z OK: min DP%-PnL%=0.30% (SOL_2026_03_09_19_24_09), 50 positions
2026-03-24T02:04:16.551Z OK: min DP%-PnL%=0.30% (SOL_2026_03_09_19_24_09), 50 positions
2026-03-24T02:06:16.980Z OK: min DP%-PnL%=0.30% (SOL_2026_03_09_19_24_09), 50 positions
2026-03-24T02:08:16.684Z OK: min DP%-PnL%=0.30% (SOL_2026_03_09_19_24_09), 50 positions
2026-03-24T02:10:15.887Z OK: min DP%-PnL%=0.30% (SOL_2026_03_09_19_24_09), 50 positions
2026-03-24T02:12:16.281Z OK: min DP%-PnL%=0.30% (SOL_2026_03_09_19_24_09), 50 positions
2026-03-24T02:14:16.526Z OK: min DP%-PnL%=0.30% (SOL_2026_03_09_19_24_09), 50 positions
2026-03-24T02:16:15.836Z OK: min DP%-PnL%=0.30% (SOL_2026_03_09_19_24_09), 50 positions
2026-03-24T02:18:16.666Z OK: min DP%-PnL%=0.30% (SOL_2026_03_09_19_24_09), 50 positions
2026-03-24T02:20:15.552Z OK: min DP%-PnL%=0.30% (SOL_2026_03_09_19_24_09), 50 positions
2026-03-24T02:22:16.388Z OK: min DP%-PnL%=0.30% (SOL_2026_03_09_19_24_09), 50 positions
2026-03-24T02:24:16.710Z OK: min DP%-PnL%=0.30% (SOL_2026_03_09_19_24_09), 50 positions
2026-03-24T02:26:16.940Z OK: min DP%-PnL%=0.30% (SOL_2026_03_09_19_24_09), 50 positions
2026-03-24T02:28:17.151Z OK: min DP%-PnL%=0.30% (SOL_2026_03_09_19_24_09), 50 positions
2026-03-24T02:30:16.448Z OK: min DP%-PnL%=0.30% (SOL_2026_03_09_19_24_09), 50 positions
2026-03-24T02:32:16.258Z OK: min DP%-PnL%=0.30% (SOL_2026_03_09_19_24_09), 50 positions
2026-03-24T02:34:16.268Z OK: min DP%-PnL%=0.30% (SOL_2026_03_09_19_24_09), 50 positions
2026-03-24T02:36:16.595Z OK: min DP%-PnL%=0.30% (SOL_2026_03_09_19_24_09), 50 positions
2026-03-24T02:38:16.607Z OK: min DP%-PnL%=0.30% (SOL_2026_03_09_19_24_09), 50 positions
2026-03-24T02:40:16.106Z OK: min DP%-PnL%=0.30% (SOL_2026_03_09_19_24_09), 50 positions
2026-03-24T02:42:15.898Z OK: min DP%-PnL%=0.30% (SOL_2026_03_09_19_24_09), 50 positions
2026-03-24T02:44:16.866Z OK: min DP%-PnL%=0.30% (SOL_2026_03_09_19_24_09), 50 positions
2026-03-24T02:46:15.644Z OK: min DP%-PnL%=0.30% (SOL_2026_03_09_19_24_09), 50 positions
2026-03-24T02:48:15.972Z OK: min DP%-PnL%=0.30% (SOL_2026_03_09_19_24_09), 50 positions
2026-03-24T02:50:16.286Z OK: min DP%-PnL%=0.30% (SOL_2026_03_09_19_24_09), 50 positions
2026-03-24T02:52:15.479Z OK: min DP%-PnL%=0.30% (SOL_2026_03_09_19_24_09), 50 positions
2026-03-24T02:54:16.625Z OK: min DP%-PnL%=0.30% (SOL_2026_03_09_19_24_09), 50 positions
2026-03-24T02:56:17.050Z OK: min DP%-PnL%=0.30% (SOL_2026_03_09_19_24_09), 50 positions
2026-03-24T02:58:16.756Z OK: min DP%-PnL%=0.30% (SOL_2026_03_09_19_24_09), 50 positions
2026-03-24T03:00:15.793Z OK: min DP%-PnL%=0.30% (SOL_2026_03_09_19_24_09), 50 positions
2026-03-24T03:02:17.031Z OK: min DP%-PnL%=0.30% (SOL_2026_03_09_19_24_09), 50 positions
2026-03-24T03:04:15.770Z OK: min DP%-PnL%=0.30% (SOL_2026_03_09_19_24_09), 50 positions
2026-03-24T03:06:16.294Z OK: min DP%-PnL%=0.30% (SOL_2026_03_09_19_24_09), 50 positions
2026-03-24T03:08:16.607Z OK: min DP%-PnL%=0.30% (SOL_2026_03_09_19_24_09), 50 positions
2026-03-24T03:10:16.037Z OK: min DP%-PnL%=0.30% (SOL_2026_03_09_19_24_09), 50 positions
2026-03-24T03:12:15.819Z OK: min DP%-PnL%=0.30% (SOL_2026_03_09_19_24_09), 50 positions
2026-03-24T03:14:16.647Z OK: min DP%-PnL%=0.30% (SOL_2026_03_09_19_24_09), 50 positions
2026-03-24T03:16:16.250Z OK: min DP%-PnL%=0.30% (SOL_2026_03_09_19_24_09), 50 positions
2026-03-24T03:18:16.468Z OK: min DP%-PnL%=0.30% (SOL_2026_03_09_19_24_09), 50 positions
2026-03-24T03:20:16.275Z OK: min DP%-PnL%=0.30% (SOL_2026_03_09_19_24_09), 50 positions
2026-03-24T03:22:17.010Z OK: min DP%-PnL%=0.30% (SOL_2026_03_09_19_24_09), 50 positions
2026-03-24T03:24:16.714Z OK: min DP%-PnL%=0.30% (SOL_2026_03_09_19_24_09), 50 positions
2026-03-24T03:26:16.216Z OK: min DP%-PnL%=0.30% (SOL_2026_03_09_19_24_09), 50 positions
2026-03-24T03:28:16.021Z OK: min DP%-PnL%=0.30% (SOL_2026_03_09_19_24_09), 50 positions
2026-03-24T03:30:16.349Z OK: min DP%-PnL%=0.30% (SOL_2026_03_09_19_24_09), 50 positions
2026-03-24T03:32:17.181Z OK: min DP%-PnL%=0.30% (SOL_2026_03_09_19_24_09), 50 positions
2026-03-24T03:34:16.272Z OK: min DP%-PnL%=0.30% (SOL_2026_03_09_19_24_09), 50 positions
2026-03-24T03:36:15.984Z OK: min DP%-PnL%=0.30% (SOL_2026_03_09_19_24_09), 50 positions
2026-03-24T03:38:16.608Z OK: min DP%-PnL%=0.30% (SOL_2026_03_09_19_24_09), 50 positions
2026-03-24T03:40:16.109Z OK: min DP%-PnL%=0.30% (SOL_2026_03_09_19_24_09), 50 positions
2026-03-24T03:42:16.325Z OK: min DP%-PnL%=0.30% (SOL_2026_03_09_19_24_09), 50 positions
2026-03-24T03:44:15.933Z OK: min DP%-PnL%=0.30% (SOL_2026_03_09_19_24_09), 50 positions
2026-03-24T03:46:17.375Z OK: min DP%-PnL%=0.30% (SOL_2026_03_09_19_24_09), 50 positions
2026-03-24T03:48:16.265Z OK: min DP%-PnL%=0.30% (SOL_2026_03_09_19_24_09), 50 positions
2026-03-24T03:50:16.481Z OK: min DP%-PnL%=0.30% (SOL_2026_03_09_19_24_09), 50 positions
2026-03-24T03:52:16.198Z OK: min DP%-PnL%=0.30% (SOL_2026_03_09_19_24_09), 50 positions
2026-03-24T03:54:16.821Z OK: min DP%-PnL%=0.30% (SOL_2026_03_09_19_24_09), 50 positions
2026-03-24T03:56:17.035Z OK: min DP%-PnL%=0.30% (SOL_2026_03_09_19_24_09), 50 positions
2026-03-24T03:58:16.027Z OK: min DP%-PnL%=0.30% (SOL_2026_03_09_19_24_09), 50 positions
2026-03-24T04:00:15.525Z OK: min DP%-PnL%=0.30% (SOL_2026_03_09_19_24_09), 50 positions
2026-03-24T04:02:16.771Z OK: min DP%-PnL%=0.30% (SOL_2026_03_09_19_24_09), 50 positions
2026-03-24T04:04:16.375Z OK: min DP%-PnL%=0.30% (SOL_2026_03_09_19_24_09), 50 positions
2026-03-24T04:06:16.906Z OK: min DP%-PnL%=0.30% (SOL_2026_03_09_19_24_09), 50 positions
2026-03-24T04:08:16.295Z OK: min DP%-PnL%=0.30% (SOL_2026_03_09_19_24_09), 50 positions
2026-03-24T04:10:16.007Z OK: min DP%-PnL%=0.30% (SOL_2026_03_09_19_24_09), 50 positions
2026-03-24T04:12:15.519Z OK: min DP%-PnL%=0.30% (SOL_2026_03_09_19_24_09), 50 positions
2026-03-24T04:14:16.458Z OK: min DP%-PnL%=0.30% (SOL_2026_03_09_19_24_09), 50 positions
2026-03-24T04:16:15.150Z OK: min DP%-PnL%=0.30% (SOL_2026_03_09_19_24_09), 50 positions
2026-03-24T04:18:16.292Z OK: min DP%-PnL%=0.30% (SOL_2026_03_09_19_24_09), 50 positions
2026-03-24T04:20:16.010Z OK: min DP%-PnL%=0.30% (SOL_2026_03_09_19_24_09), 50 positions
2026-03-24T04:22:15.873Z OK: min DP%-PnL%=0.30% (SOL_2026_03_09_19_24_09), 50 positions
2026-03-24T04:24:15.832Z OK: min DP%-PnL%=0.30% (SOL_2026_03_09_19_24_09), 50 positions
2026-03-24T04:26:15.853Z OK: min DP%-PnL%=0.30% (SOL_2026_03_09_19_24_09), 50 positions
2026-03-24T04:28:16.894Z OK: min DP%-PnL%=0.30% (SOL_2026_03_09_19_24_09), 50 positions
2026-03-24T04:30:17.112Z OK: min DP%-PnL%=0.30% (SOL_2026_03_09_19_24_09), 50 positions
2026-03-24T04:32:16.305Z OK: min DP%-PnL%=0.30% (SOL_2026_03_09_19_24_09), 50 positions
2026-03-24T04:34:15.817Z OK: min DP%-PnL%=0.30% (SOL_2026_03_09_19_24_09), 50 positions
2026-03-24T04:36:16.751Z OK: min DP%-PnL%=0.30% (SOL_2026_03_09_19_24_09), 50 positions
2026-03-24T04:38:16.455Z OK: min DP%-PnL%=0.30% (SOL_2026_03_09_19_24_09), 50 positions
2026-03-24T04:40:16.676Z OK: min DP%-PnL%=0.30% (SOL_2026_03_09_19_24_09), 50 positions
2026-03-24T04:42:15.773Z OK: min DP%-PnL%=0.30% (SOL_2026_03_09_19_24_09), 50 positions
2026-03-24T04:44:15.931Z OK: min DP%-PnL%=0.30% (SOL_2026_03_09_19_24_09), 50 positions
2026-03-24T04:46:16.722Z OK: min DP%-PnL%=0.30% (SOL_2026_03_09_19_24_09), 50 positions
2026-03-24T04:48:16.947Z OK: min DP%-PnL%=0.30% (SOL_2026_03_09_19_24_09), 50 positions
2026-03-24T04:50:16.126Z OK: min DP%-PnL%=0.30% (SOL_2026_03_09_19_24_09), 50 positions
2026-03-24T04:52:16.244Z OK: min DP%-PnL%=0.30% (SOL_2026_03_09_19_24_09), 50 positions
2026-03-24T04:54:16.060Z OK: min DP%-PnL%=0.30% (SOL_2026_03_09_19_24_09), 50 positions
2026-03-24T04:56:16.279Z OK: min DP%-PnL%=0.30% (SOL_2026_03_09_19_24_09), 50 positions
2026-03-24T04:58:16.186Z OK: min DP%-PnL%=0.30% (SOL_2026_03_09_19_24_09), 50 positions
2026-03-24T05:00:15.685Z OK: min DP%-PnL%=0.30% (SOL_2026_03_09_19_24_09), 50 positions
2026-03-24T05:02:16.518Z OK: min DP%-PnL%=0.30% (SOL_2026_03_09_19_24_09), 50 positions
2026-03-24T05:04:16.737Z OK: min DP%-PnL%=0.30% (SOL_2026_03_09_19_24_09), 50 positions
2026-03-24T05:06:16.650Z OK: min DP%-PnL%=0.30% (SOL_2026_03_09_19_24_09), 50 positions
2026-03-24T05:08:16.667Z OK: min DP%-PnL%=0.30% (SOL_2026_03_09_19_24_09), 50 positions
2026-03-24T05:10:17.157Z OK: min DP%-PnL%=0.30% (SOL_2026_03_09_19_24_09), 50 positions
2026-03-24T05:12:16.902Z OK: min DP%-PnL%=0.30% (SOL_2026_03_09_19_24_09), 50 positions
2026-03-24T05:14:16.402Z OK: min DP%-PnL%=0.30% (SOL_2026_03_09_19_24_09), 50 positions
2026-03-24T05:16:15.392Z OK: min DP%-PnL%=0.30% (SOL_2026_03_09_19_24_09), 50 positions
2026-03-24T05:18:16.120Z OK: min DP%-PnL%=0.30% (SOL_2026_03_09_19_24_09), 50 positions
2026-03-24T05:20:16.548Z OK: min DP%-PnL%=0.30% (SOL_2026_03_09_19_24_09), 50 positions
2026-03-24T05:22:16.465Z OK: min DP%-PnL%=0.30% (SOL_2026_03_09_19_24_09), 50 positions
2026-03-24T05:24:16.899Z OK: min DP%-PnL%=0.30% (SOL_2026_03_09_19_24_09), 50 positions
2026-03-24T05:26:15.889Z OK: min DP%-PnL%=0.30% (SOL_2026_03_09_19_24_09), 50 positions
2026-03-24T05:28:16.012Z OK: min DP%-PnL%=0.30% (SOL_2026_03_09_19_24_09), 50 positions
2026-03-24T05:30:16.197Z OK: min DP%-PnL%=0.30% (SOL_2026_03_09_19_24_09), 50 positions
2026-03-24T05:32:15.735Z OK: min DP%-PnL%=0.30% (SOL_2026_03_09_19_24_09), 50 positions
2026-03-24T05:34:16.877Z OK: min DP%-PnL%=0.30% (SOL_2026_03_09_19_24_09), 50 positions
2026-03-24T05:36:17.101Z OK: min DP%-PnL%=0.30% (SOL_2026_03_09_19_24_09), 50 positions
2026-03-24T05:38:17.837Z OK: min DP%-PnL%=0.30% (SOL_2026_03_09_19_24_09), 50 positions
2026-03-24T05:40:17.128Z OK: min DP%-PnL%=0.30% (SOL_2026_03_09_19_24_09), 50 positions
2026-03-24T05:42:16.324Z OK: min DP%-PnL%=0.30% (SOL_2026_03_09_19_24_09), 50 positions
2026-03-24T05:44:16.855Z OK: min DP%-PnL%=0.30% (SOL_2026_03_09_19_24_09), 50 positions
2026-03-24T05:46:16.049Z OK: min DP%-PnL%=0.30% (SOL_2026_03_09_19_24_09), 50 positions
2026-03-24T05:48:16.577Z OK: min DP%-PnL%=0.30% (SOL_2026_03_09_19_24_09), 50 positions
2026-03-24T05:50:16.490Z OK: min DP%-PnL%=0.30% (SOL_2026_03_09_19_24_09), 50 positions
2026-03-24T05:52:16.297Z OK: min DP%-PnL%=0.30% (SOL_2026_03_09_19_24_09), 50 positions
2026-03-24T05:54:16.106Z OK: min DP%-PnL%=0.30% (SOL_2026_03_09_19_24_09), 50 positions
2026-03-24T05:56:17.250Z OK: min DP%-PnL%=0.30% (SOL_2026_03_09_19_24_09), 50 positions
2026-03-24T05:58:16.241Z OK: min DP%-PnL%=0.30% (SOL_2026_03_09_19_24_09), 50 positions
2026-03-24T06:00:17.178Z OK: min DP%-PnL%=0.30% (SOL_2026_03_09_19_24_09), 50 positions
2026-03-24T06:02:15.763Z OK: min DP%-PnL%=0.30% (SOL_2026_03_09_19_24_09), 50 positions
2026-03-24T06:04:16.183Z OK: min DP%-PnL%=0.30% (SOL_2026_03_09_19_24_09), 50 positions
2026-03-24T06:06:16.162Z OK: min DP%-PnL%=0.30% (SOL_2026_03_09_19_24_09), 50 positions
2026-03-24T06:08:16.007Z OK: min DP%-PnL%=0.30% (SOL_2026_03_09_19_24_09), 50 positions
2026-03-24T06:10:15.723Z OK: min DP%-PnL%=0.30% (SOL_2026_03_09_19_24_09), 50 positions
2026-03-24T06:12:16.036Z OK: min DP%-PnL%=0.30% (SOL_2026_03_09_19_24_09), 50 positions
2026-03-24T06:14:17.178Z OK: min DP%-PnL%=0.30% (SOL_2026_03_09_19_24_09), 50 positions
2026-03-24T06:16:16.272Z OK: min DP%-PnL%=0.30% (SOL_2026_03_09_19_24_09), 50 positions
2026-03-24T06:18:17.152Z OK: min DP%-PnL%=0.30% (SOL_2026_03_09_19_24_09), 50 positions
2026-03-24T06:20:15.997Z OK: min DP%-PnL%=0.30% (SOL_2026_03_09_19_24_09), 50 positions
2026-03-24T06:22:16.103Z OK: min DP%-PnL%=0.30% (SOL_2026_03_09_19_24_09), 50 positions
2026-03-24T06:24:16.128Z OK: min DP%-PnL%=0.30% (SOL_2026_03_09_19_24_09), 50 positions
2026-03-24T06:26:16.966Z OK: min DP%-PnL%=0.30% (SOL_2026_03_09_19_24_09), 50 positions
2026-03-24T06:28:16.778Z OK: min DP%-PnL%=0.30% (SOL_2026_03_09_19_24_09), 50 positions
2026-03-24T06:30:16.797Z OK: min DP%-PnL%=0.30% (SOL_2026_03_09_19_24_09), 50 positions
2026-03-24T06:32:16.709Z OK: min DP%-PnL%=0.30% (SOL_2026_03_09_19_24_09), 50 positions
2026-03-24T06:34:17.329Z OK: min DP%-PnL%=0.30% (SOL_2026_03_09_19_24_09), 50 positions
2026-03-24T06:36:21.341Z OK: min DP%-PnL%=0.30% (SOL_2026_03_09_19_24_09), 50 positions
2026-03-24T06:38:17.055Z OK: min DP%-PnL%=0.30% (SOL_2026_03_09_19_24_09), 50 positions
2026-03-24T06:40:16.239Z OK: min DP%-PnL%=0.30% (SOL_2026_03_09_19_24_09), 50 positions
2026-03-24T06:42:16.374Z OK: min DP%-PnL%=0.30% (SOL_2026_03_09_19_24_09), 50 positions
2026-03-24T06:44:16.591Z OK: min DP%-PnL%=0.30% (SOL_2026_03_09_19_24_09), 50 positions
2026-03-24T06:46:15.990Z OK: min DP%-PnL%=0.30% (SOL_2026_03_09_19_24_09), 50 positions
2026-03-24T06:48:15.902Z OK: min DP%-PnL%=0.30% (SOL_2026_03_09_19_24_09), 50 positions
2026-03-24T06:50:15.608Z OK: min DP%-PnL%=0.30% (SOL_2026_03_09_19_24_09), 50 positions
2026-03-24T06:52:16.137Z OK: min DP%-PnL%=0.30% (SOL_2026_03_09_19_24_09), 50 positions
2026-03-24T06:54:16.155Z OK: min DP%-PnL%=0.30% (SOL_2026_03_09_19_24_09), 50 positions
2026-03-24T06:56:16.168Z OK: min DP%-PnL%=0.30% (SOL_2026_03_09_19_24_09), 50 positions
2026-03-24T06:58:16.806Z OK: min DP%-PnL%=0.30% (SOL_2026_03_09_19_24_09), 50 positions
2026-03-24T07:00:16.609Z OK: min DP%-PnL%=0.30% (SOL_2026_03_09_19_24_09), 50 positions
2026-03-24T07:02:15.925Z OK: min DP%-PnL%=0.30% (SOL_2026_03_09_19_24_09), 50 positions
2026-03-24T07:04:16.847Z OK: min DP%-PnL%=0.30% (SOL_2026_03_09_19_24_09), 50 positions
2026-03-24T07:06:16.039Z OK: min DP%-PnL%=0.30% (SOL_2026_03_09_19_24_09), 50 positions
2026-03-24T07:08:16.974Z OK: min DP%-PnL%=0.30% (SOL_2026_03_09_19_24_09), 50 positions
2026-03-24T07:10:16.168Z OK: min DP%-PnL%=0.30% (SOL_2026_03_09_19_24_09), 50 positions
2026-03-24T07:12:16.593Z OK: min DP%-PnL%=0.30% (SOL_2026_03_09_19_24_09), 50 positions
2026-03-24T07:14:15.887Z OK: min DP%-PnL%=0.30% (SOL_2026_03_09_19_24_09), 50 positions
2026-03-24T07:16:16.589Z OK: min DP%-PnL%=0.30% (SOL_2026_03_09_19_24_09), 50 positions
2026-03-24T07:18:17.456Z OK: min DP%-PnL%=0.30% (SOL_2026_03_09_19_24_09), 50 positions
2026-03-24T07:20:17.472Z OK: min DP%-PnL%=0.30% (SOL_2026_03_09_19_24_09), 50 positions
2026-03-24T07:22:15.853Z OK: min DP%-PnL%=0.30% (SOL_2026_03_09_19_24_09), 50 positions
2026-03-24T07:24:16.889Z OK: min DP%-PnL%=0.30% (SOL_2026_03_09_19_24_09), 50 positions
2026-03-24T07:26:16.398Z OK: min DP%-PnL%=0.30% (SOL_2026_03_09_19_24_09), 50 positions
2026-03-24T07:28:16.610Z OK: min DP%-PnL%=0.30% (SOL_2026_03_09_19_24_09), 50 positions
2026-03-24T07:30:17.241Z OK: min DP%-PnL%=0.30% (SOL_2026_03_09_19_24_09), 50 positions
2026-03-24T07:32:15.863Z OK: min DP%-PnL%=0.30% (SOL_2026_03_09_19_24_09), 50 positions
2026-03-24T07:34:16.245Z OK: min DP%-PnL%=0.30% (SOL_2026_03_09_19_24_09), 50 positions
2026-03-24T07:36:15.647Z OK: min DP%-PnL%=0.30% (SOL_2026_03_09_19_24_09), 50 positions
2026-03-24T07:38:14.947Z OK: min DP%-PnL%=0.30% (SOL_2026_03_09_19_24_09), 50 positions
2026-03-24T07:40:15.887Z OK: min DP%-PnL%=0.30% (SOL_2026_03_09_19_24_09), 50 positions
2026-03-24T07:42:16.211Z OK: min DP%-PnL%=0.30% (SOL_2026_03_09_19_24_09), 50 positions
2026-03-24T07:44:16.125Z OK: min DP%-PnL%=0.30% (SOL_2026_03_09_19_24_09), 50 positions
2026-03-24T07:46:16.345Z OK: min DP%-PnL%=0.30% (SOL_2026_03_09_19_24_09), 50 positions
2026-03-24T07:48:16.780Z OK: min DP%-PnL%=0.30% (SOL_2026_03_09_19_24_09), 50 positions
2026-03-24T07:50:16.583Z OK: min DP%-PnL%=0.30% (SOL_2026_03_09_19_24_09), 50 positions
2026-03-24T07:52:16.705Z OK: min DP%-PnL%=0.30% (SOL_2026_03_09_19_24_09), 50 positions
2026-03-24T07:54:15.999Z OK: min DP%-PnL%=0.30% (SOL_2026_03_09_19_24_09), 50 positions
2026-03-24T07:56:15.710Z OK: min DP%-PnL%=0.30% (SOL_2026_03_09_19_24_09), 50 positions
2026-03-24T07:58:16.230Z OK: min DP%-PnL%=0.30% (SOL_2026_03_09_19_24_09), 50 positions
2026-03-24T08:00:15.533Z OK: min DP%-PnL%=0.30% (SOL_2026_03_09_19_24_09), 50 positions
2026-03-24T08:02:16.468Z OK: min DP%-PnL%=0.30% (SOL_2026_03_09_19_24_09), 50 positions
2026-03-24T08:04:15.777Z OK: min DP%-PnL%=0.30% (SOL_2026_03_09_19_24_09), 50 positions
2026-03-24T08:06:15.170Z OK: min DP%-PnL%=0.30% (SOL_2026_03_09_19_24_09), 50 positions
2026-03-24T08:08:17.724Z OK: min DP%-PnL%=0.30% (SOL_2026_03_09_19_24_09), 50 positions
2026-03-24T08:10:16.634Z OK: min DP%-PnL%=0.30% (SOL_2026_03_09_19_24_09), 50 positions
2026-03-24T08:12:16.444Z OK: min DP%-PnL%=0.30% (SOL_2026_03_09_19_24_09), 50 positions
2026-03-24T08:14:16.560Z OK: min DP%-PnL%=0.30% (SOL_2026_03_09_19_24_09), 50 positions
2026-03-24T08:16:16.060Z OK: min DP%-PnL%=0.30% (SOL_2026_03_09_19_24_09), 50 positions
2026-03-24T08:18:16.486Z OK: min DP%-PnL%=0.30% (SOL_2026_03_09_19_24_09), 50 positions
2026-03-24T08:20:16.503Z OK: min DP%-PnL%=0.30% (SOL_2026_03_09_19_24_09), 50 positions
2026-03-24T08:22:15.594Z OK: min DP%-PnL%=0.30% (SOL_2026_03_09_19_24_09), 50 positions
2026-03-24T08:24:16.845Z OK: min DP%-PnL%=0.30% (SOL_2026_03_09_19_24_09), 50 positions
2026-03-24T08:26:16.555Z OK: min DP%-PnL%=0.30% (SOL_2026_03_09_19_24_09), 50 positions
2026-03-24T08:28:16.362Z OK: min DP%-PnL%=0.30% (SOL_2026_03_09_19_24_09), 50 positions
2026-03-24T08:30:16.206Z OK: min DP%-PnL%=0.30% (SOL_2026_03_09_19_24_09), 50 positions
2026-03-24T08:32:16.494Z OK: min DP%-PnL%=0.30% (SOL_2026_03_09_19_24_09), 50 positions
2026-03-24T08:34:16.718Z OK: min DP%-PnL%=0.30% (SOL_2026_03_09_19_24_09), 50 positions
2026-03-24T08:36:16.106Z OK: min DP%-PnL%=0.30% (SOL_2026_03_09_19_24_09), 50 positions
2026-03-24T08:38:15.697Z OK: min DP%-PnL%=0.30% (SOL_2026_03_09_19_24_09), 50 positions
2026-03-24T08:40:16.351Z OK: min DP%-PnL%=0.30% (SOL_2026_03_09_19_24_09), 50 positions
2026-03-24T08:42:16.785Z OK: min DP%-PnL%=0.30% (SOL_2026_03_09_19_24_09), 50 positions
2026-03-24T08:44:16.037Z OK: min DP%-PnL%=0.30% (SOL_2026_03_09_19_24_09), 50 positions
2026-03-24T08:46:16.445Z OK: min DP%-PnL%=0.30% (SOL_2026_03_09_19_24_09), 50 positions
2026-03-24T08:48:16.821Z OK: min DP%-PnL%=0.30% (SOL_2026_03_09_19_24_09), 50 positions
2026-03-24T08:50:16.020Z OK: min DP%-PnL%=0.30% (SOL_2026_03_09_19_24_09), 50 positions
2026-03-24T08:52:17.564Z OK: min DP%-PnL%=0.30% (SOL_2026_03_09_19_24_09), 50 positions
2026-03-24T08:54:16.657Z OK: min DP%-PnL%=0.30% (SOL_2026_03_09_19_24_09), 49 positions
2026-03-24T08:56:17.287Z OK: min DP%-PnL%=0.30% (SOL_2026_03_09_19_24_09), 49 positions
2026-03-24T08:58:16.479Z OK: min DP%-PnL%=0.30% (SOL_2026_03_09_19_24_09), 49 positions
2026-03-24T09:00:16.086Z OK: min DP%-PnL%=0.30% (SOL_2026_03_09_19_24_09), 49 positions
2026-03-24T09:02:17.536Z OK: min DP%-PnL%=0.30% (SOL_2026_03_09_19_24_09), 49 positions
2026-03-24T09:04:16.426Z OK: min DP%-PnL%=0.30% (SOL_2026_03_09_19_24_09), 49 positions
2026-03-24T09:06:15.935Z OK: min DP%-PnL%=0.30% (SOL_2026_03_09_19_24_09), 49 positions
2026-03-24T09:08:15.721Z OK: min DP%-PnL%=0.30% (SOL_2026_03_09_19_24_09), 49 positions
2026-03-24T09:10:15.758Z OK: min DP%-PnL%=0.30% (SOL_2026_03_09_19_24_09), 49 positions
2026-03-24T09:12:16.831Z OK: min DP%-PnL%=0.30% (SOL_2026_03_09_19_24_09), 49 positions
2026-03-24T09:14:15.744Z OK: min DP%-PnL%=0.30% (SOL_2026_03_09_19_24_09), 49 positions
2026-03-24T09:16:15.998Z OK: min DP%-PnL%=0.30% (SOL_2026_03_09_19_24_09), 49 positions
2026-03-24T09:18:17.144Z OK: min DP%-PnL%=0.30% (SOL_2026_03_09_19_24_09), 49 positions
2026-03-24T09:20:17.059Z OK: min DP%-PnL%=0.30% (SOL_2026_03_09_19_24_09), 49 positions
2026-03-24T09:22:16.258Z OK: min DP%-PnL%=0.30% (SOL_2026_03_09_19_24_09), 49 positions
2026-03-24T09:24:16.682Z OK: min DP%-PnL%=0.30% (SOL_2026_03_09_19_24_09), 49 positions
2026-03-24T09:26:17.212Z OK: min DP%-PnL%=0.30% (SOL_2026_03_09_19_24_09), 49 positions
2026-03-24T09:28:16.826Z OK: min DP%-PnL%=0.30% (SOL_2026_03_09_19_24_09), 49 positions
2026-03-24T09:30:16.216Z OK: min DP%-PnL%=0.30% (SOL_2026_03_09_19_24_09), 49 positions
2026-03-24T09:32:16.542Z OK: min DP%-PnL%=0.30% (SOL_2026_03_09_19_24_09), 49 positions
2026-03-24T09:34:16.250Z OK: min DP%-PnL%=0.30% (SOL_2026_03_09_19_24_09), 49 positions
2026-03-24T09:36:16.132Z OK: min DP%-PnL%=0.30% (SOL_2026_03_09_19_24_09), 49 positions
2026-03-24T09:38:16.282Z OK: min DP%-PnL%=0.30% (SOL_2026_03_09_19_24_09), 49 positions
2026-03-24T09:40:16.711Z OK: min DP%-PnL%=0.30% (SOL_2026_03_09_19_24_09), 49 positions
2026-03-24T09:42:16.110Z OK: min DP%-PnL%=0.30% (SOL_2026_03_09_19_24_09), 49 positions
2026-03-24T09:44:16.123Z OK: min DP%-PnL%=0.30% (SOL_2026_03_09_19_24_09), 49 positions
2026-03-24T09:46:15.876Z OK: min DP%-PnL%=0.30% (SOL_2026_03_09_19_24_09), 49 positions
2026-03-24T09:48:16.256Z OK: min DP%-PnL%=0.30% (SOL_2026_03_09_19_24_09), 49 positions
2026-03-24T09:50:16.274Z OK: min DP%-PnL%=0.30% (SOL_2026_03_09_19_24_09), 49 positions
2026-03-24T09:52:16.191Z OK: min DP%-PnL%=0.30% (SOL_2026_03_09_19_24_09), 49 positions
2026-03-24T09:54:16.922Z OK: min DP%-PnL%=0.30% (SOL_2026_03_09_19_24_09), 49 positions
2026-03-24T09:56:15.600Z OK: min DP%-PnL%=0.30% (SOL_2026_03_09_19_24_09), 49 positions
2026-03-24T09:58:15.416Z OK: min DP%-PnL%=0.30% (SOL_2026_03_09_19_24_09), 49 positions
2026-03-24T10:00:16.346Z OK: min DP%-PnL%=0.30% (SOL_2026_03_09_19_24_09), 49 positions
2026-03-24T10:02:15.889Z OK: min DP%-PnL%=0.30% (SOL_2026_03_09_19_24_09), 49 positions
2026-03-24T10:04:15.967Z OK: min DP%-PnL%=0.30% (SOL_2026_03_09_19_24_09), 49 positions
2026-03-24T10:06:17.310Z OK: min DP%-PnL%=0.30% (SOL_2026_03_09_19_24_09), 49 positions
2026-03-24T10:08:16.820Z OK: min DP%-PnL%=0.30% (SOL_2026_03_09_19_24_09), 49 positions
2026-03-24T10:10:17.648Z OK: min DP%-PnL%=0.30% (SOL_2026_03_09_19_24_09), 49 positions
2026-03-24T10:12:17.457Z OK: min DP%-PnL%=0.30% (SOL_2026_03_09_19_24_09), 49 positions
2026-03-24T10:14:16.451Z OK: min DP%-PnL%=0.30% (SOL_2026_03_09_19_24_09), 49 positions
2026-03-24T10:16:16.572Z OK: min DP%-PnL%=0.30% (SOL_2026_03_09_19_24_09), 49 positions
2026-03-24T10:18:16.854Z OK: min DP%-PnL%=0.30% (SOL_2026_03_09_19_24_09), 49 positions
2026-03-24T10:20:15.983Z OK: min DP%-PnL%=0.30% (SOL_2026_03_09_19_24_09), 49 positions
2026-03-24T10:22:17.121Z OK: min DP%-PnL%=0.30% (SOL_2026_03_09_19_24_09), 49 positions
2026-03-24T10:24:16.010Z OK: min DP%-PnL%=0.30% (SOL_2026_03_09_19_24_09), 49 positions
2026-03-24T10:26:15.514Z OK: min DP%-PnL%=0.30% (SOL_2026_03_09_19_24_09), 49 positions
2026-03-24T10:28:16.142Z OK: min DP%-PnL%=0.30% (SOL_2026_03_09_19_24_09), 49 positions
2026-03-24T10:30:15.877Z OK: min DP%-PnL%=0.30% (SOL_2026_03_09_19_24_09), 49 positions
2026-03-24T10:32:15.486Z OK: min DP%-PnL%=0.30% (SOL_2026_03_09_19_24_09), 49 positions
2026-03-24T10:34:16.290Z OK: min DP%-PnL%=0.30% (SOL_2026_03_09_19_24_09), 49 positions
2026-03-24T10:36:16.512Z OK: min DP%-PnL%=0.30% (SOL_2026_03_09_19_24_09), 49 positions
2026-03-24T10:38:15.709Z OK: min DP%-PnL%=0.30% (SOL_2026_03_09_19_24_09), 49 positions
2026-03-24T10:40:16.036Z OK: min DP%-PnL%=0.30% (SOL_2026_03_09_19_24_09), 49 positions
2026-03-24T10:42:16.666Z OK: min DP%-PnL%=0.30% (SOL_2026_03_09_19_24_09), 49 positions
2026-03-24T10:44:17.500Z OK: min DP%-PnL%=0.30% (SOL_2026_03_09_19_24_09), 49 positions
2026-03-24T10:46:15.165Z OK: min DP%-PnL%=0.30% (SOL_2026_03_09_19_24_09), 49 positions
2026-03-24T10:48:15.854Z OK: min DP%-PnL%=0.30% (SOL_2026_03_09_19_24_09), 49 positions
2026-03-24T10:50:16.330Z OK: min DP%-PnL%=0.30% (SOL_2026_03_09_19_24_09), 49 positions
2026-03-24T10:52:16.967Z OK: min DP%-PnL%=0.30% (SOL_2026_03_09_19_24_09), 49 positions
2026-03-24T10:54:17.198Z OK: min DP%-PnL%=0.30% (SOL_2026_03_09_19_24_09), 49 positions
2026-03-24T10:56:16.994Z OK: min DP%-PnL%=0.30% (SOL_2026_03_09_19_24_09), 49 positions
2026-03-24T10:58:16.601Z OK: min DP%-PnL%=0.30% (SOL_2026_03_09_19_24_09), 49 positions
2026-03-24T11:00:15.797Z OK: min DP%-PnL%=0.30% (SOL_2026_03_09_19_24_09), 49 positions
2026-03-24T11:02:15.520Z OK: min DP%-PnL%=0.30% (SOL_2026_03_09_19_24_09), 49 positions
2026-03-24T11:04:15.217Z OK: min DP%-PnL%=0.30% (SOL_2026_03_09_19_24_09), 49 positions
2026-03-24T11:06:15.961Z OK: min DP%-PnL%=0.30% (SOL_2026_03_09_19_24_09), 49 positions
2026-03-24T11:08:16.069Z OK: min DP%-PnL%=0.30% (SOL_2026_03_09_19_24_09), 49 positions
2026-03-24T11:10:17.213Z OK: min DP%-PnL%=0.30% (SOL_2026_03_09_19_24_09), 49 positions
2026-03-24T11:12:16.104Z OK: min DP%-PnL%=0.30% (SOL_2026_03_09_19_24_09), 49 positions
2026-03-24T11:14:16.325Z OK: min DP%-PnL%=0.30% (SOL_2026_03_09_19_24_09), 49 positions
2026-03-24T11:16:16.240Z OK: min DP%-PnL%=0.30% (SOL_2026_03_09_19_24_09), 49 positions
2026-03-24T11:18:16.504Z OK: min DP%-PnL%=0.30% (SOL_2026_03_09_19_24_09), 49 positions
2026-03-24T11:20:15.963Z OK: min DP%-PnL%=0.30% (SOL_2026_03_09_19_24_09), 49 positions
2026-03-24T11:22:16.276Z OK: min DP%-PnL%=0.30% (SOL_2026_03_09_19_24_09), 49 positions
2026-03-24T11:24:16.392Z OK: min DP%-PnL%=0.30% (SOL_2026_03_09_19_24_09), 49 positions
2026-03-24T11:26:15.789Z OK: min DP%-PnL%=0.30% (SOL_2026_03_09_19_24_09), 49 positions
2026-03-24T11:28:15.772Z OK: min DP%-PnL%=0.30% (SOL_2026_03_09_19_24_09), 49 positions
2026-03-24T11:30:16.637Z OK: min DP%-PnL%=0.30% (SOL_2026_03_09_19_24_09), 49 positions
2026-03-24T11:32:17.575Z OK: min DP%-PnL%=0.30% (SOL_2026_03_09_19_24_09), 49 positions
2026-03-24T11:34:16.564Z OK: min DP%-PnL%=0.30% (SOL_2026_03_09_19_24_09), 49 positions
2026-03-24T11:36:16.682Z OK: min DP%-PnL%=0.30% (SOL_2026_03_09_19_24_09), 49 positions
2026-03-24T11:38:15.571Z OK: min DP%-PnL%=0.30% (SOL_2026_03_09_19_24_09), 49 positions
2026-03-24T11:40:16.201Z OK: min DP%-PnL%=0.30% (SOL_2026_03_09_19_24_09), 49 positions
2026-03-24T11:42:16.524Z OK: min DP%-PnL%=0.30% (SOL_2026_03_09_19_24_09), 49 positions
2026-03-24T11:44:16.133Z OK: min DP%-PnL%=0.30% (SOL_2026_03_09_19_24_09), 49 positions
2026-03-24T11:46:15.734Z OK: min DP%-PnL%=0.30% (SOL_2026_03_09_19_24_09), 49 positions
2026-03-24T11:48:16.156Z OK: min DP%-PnL%=0.30% (SOL_2026_03_09_19_24_09), 49 positions
2026-03-24T11:50:16.581Z OK: min DP%-PnL%=0.30% (SOL_2026_03_09_19_24_09), 49 positions
2026-03-24T11:52:16.292Z OK: min DP%-PnL%=0.30% (SOL_2026_03_09_19_24_09), 49 positions
2026-03-24T11:54:16.730Z OK: min DP%-PnL%=0.30% (SOL_2026_03_09_19_24_09), 49 positions
2026-03-24T11:56:16.642Z OK: min DP%-PnL%=0.30% (SOL_2026_03_09_19_24_09), 49 positions
2026-03-24T11:58:17.481Z OK: min DP%-PnL%=0.30% (SOL_2026_03_09_19_24_09), 49 positions
2026-03-24T12:00:15.801Z OK: min DP%-PnL%=0.30% (SOL_2026_03_09_19_24_09), 49 positions
2026-03-24T12:02:15.776Z OK: min DP%-PnL%=0.30% (SOL_2026_03_09_19_24_09), 49 positions
2026-03-24T12:04:16.716Z OK: min DP%-PnL%=0.30% (SOL_2026_03_09_19_24_09), 49 positions
2026-03-24T12:06:16.327Z OK: min DP%-PnL%=0.30% (SOL_2026_03_09_19_24_09), 49 positions
2026-03-24T12:08:16.649Z OK: min DP%-PnL%=0.30% (SOL_2026_03_09_19_24_09), 49 positions
2026-03-24T12:10:17.384Z OK: min DP%-PnL%=0.30% (SOL_2026_03_09_19_24_09), 49 positions
2026-03-24T12:12:16.171Z OK: min DP%-PnL%=0.30% (SOL_2026_03_09_19_24_09), 49 positions
2026-03-24T12:14:16.291Z OK: min DP%-PnL%=0.30% (SOL_2026_03_09_19_24_09), 49 positions
2026-03-24T12:16:17.032Z OK: min DP%-PnL%=0.30% (SOL_2026_03_09_19_24_09), 49 positions
2026-03-24T12:18:16.324Z OK: min DP%-PnL%=0.30% (SOL_2026_03_09_19_24_09), 49 positions
2026-03-24T12:20:16.443Z OK: min DP%-PnL%=0.30% (SOL_2026_03_09_19_24_09), 49 positions
2026-03-24T12:22:15.845Z OK: min DP%-PnL%=0.30% (SOL_2026_03_09_19_24_09), 49 positions
2026-03-24T12:24:17.056Z OK: min DP%-PnL%=0.30% (SOL_2026_03_09_19_24_09), 49 positions
2026-03-24T12:26:16.363Z OK: min DP%-PnL%=0.30% (SOL_2026_03_09_19_24_09), 49 positions
2026-03-24T12:28:16.406Z OK: min DP%-PnL%=0.30% (SOL_2026_03_09_19_24_09), 49 positions
2026-03-24T12:30:15.806Z OK: min DP%-PnL%=0.30% (SOL_2026_03_09_19_24_09), 49 positions
2026-03-24T12:32:17.697Z OK: min DP%-PnL%=0.30% (SOL_2026_03_09_19_24_09), 49 positions
2026-03-24T12:34:16.456Z OK: min DP%-PnL%=0.30% (SOL_2026_03_09_19_24_09), 49 positions
2026-03-24T12:36:15.446Z OK: min DP%-PnL%=0.30% (SOL_2026_03_09_19_24_09), 49 positions
2026-03-24T12:38:16.298Z OK: min DP%-PnL%=0.30% (SOL_2026_03_09_19_24_09), 49 positions
2026-03-24T12:40:16.913Z OK: min DP%-PnL%=0.30% (SOL_2026_03_09_19_24_09), 49 positions
2026-03-24T12:42:16.728Z OK: min DP%-PnL%=0.30% (SOL_2026_03_09_19_24_09), 49 positions
2026-03-24T12:44:15.691Z OK: min DP%-PnL%=0.30% (SOL_2026_03_09_19_24_09), 49 positions
2026-03-24T12:46:17.024Z OK: min DP%-PnL%=0.30% (SOL_2026_03_09_19_24_09), 49 positions
2026-03-24T12:48:16.091Z OK: min DP%-PnL%=0.30% (SOL_2026_03_09_19_24_09), 49 positions
2026-03-24T12:50:16.865Z OK: min DP%-PnL%=0.30% (SOL_2026_03_09_19_24_09), 49 positions
2026-03-24T12:52:16.407Z OK: min DP%-PnL%=0.30% (SOL_2026_03_09_19_24_09), 49 positions
2026-03-24T12:54:16.212Z OK: min DP%-PnL%=0.30% (SOL_2026_03_09_19_24_09), 49 positions
2026-03-24T12:56:16.123Z OK: min DP%-PnL%=0.30% (SOL_2026_03_09_19_24_09), 49 positions
2026-03-24T12:58:17.259Z OK: min DP%-PnL%=0.30% (SOL_2026_03_09_19_24_09), 49 positions
2026-03-24T13:00:16.555Z OK: min DP%-PnL%=0.30% (SOL_2026_03_09_19_24_09), 49 positions
2026-03-24T13:02:16.372Z OK: min DP%-PnL%=0.30% (SOL_2026_03_09_19_24_09), 49 positions
2026-03-24T13:04:16.909Z OK: min DP%-PnL%=0.30% (SOL_2026_03_09_19_24_09), 49 positions
2026-03-24T13:06:16.166Z OK: min DP%-PnL%=0.30% (SOL_2026_03_09_19_24_09), 49 positions
2026-03-24T13:08:16.418Z OK: min DP%-PnL%=0.30% (SOL_2026_03_09_19_24_09), 49 positions
2026-03-24T13:10:15.820Z OK: min DP%-PnL%=0.30% (SOL_2026_03_09_19_24_09), 49 positions
2026-03-24T13:12:16.759Z OK: min DP%-PnL%=0.30% (SOL_2026_03_09_19_24_09), 49 positions
2026-03-24T13:14:15.963Z OK: min DP%-PnL%=0.30% (SOL_2026_03_09_19_24_09), 49 positions
2026-03-24T13:16:16.615Z OK: min DP%-PnL%=0.30% (SOL_2026_03_09_19_24_09), 49 positions
2026-03-24T13:18:17.312Z OK: min DP%-PnL%=0.30% (SOL_2026_03_09_19_24_09), 49 positions
2026-03-24T13:20:16.199Z OK: min DP%-PnL%=0.30% (SOL_2026_03_09_19_24_09), 49 positions
2026-03-24T13:22:15.695Z OK: min DP%-PnL%=0.30% (SOL_2026_03_09_19_24_09), 49 positions
2026-03-24T13:24:16.528Z OK: min DP%-PnL%=0.30% (SOL_2026_03_09_19_24_09), 49 positions
2026-03-24T13:26:16.139Z OK: min DP%-PnL%=0.30% (SOL_2026_03_09_19_24_09), 49 positions
2026-03-24T13:28:16.555Z OK: min DP%-PnL%=0.30% (SOL_2026_03_09_19_24_09), 49 positions
2026-03-24T13:30:17.080Z OK: min DP%-PnL%=0.30% (SOL_2026_03_09_19_24_09), 49 positions
2026-03-24T13:32:16.789Z OK: min DP%-PnL%=0.30% (SOL_2026_03_09_19_24_09), 49 positions
2026-03-24T13:34:16.389Z OK: min DP%-PnL%=0.30% (SOL_2026_03_09_19_24_09), 49 positions
2026-03-24T13:36:17.239Z OK: min DP%-PnL%=0.30% (SOL_2026_03_09_19_24_09), 49 positions
2026-03-24T13:38:15.417Z OK: min DP%-PnL%=0.30% (SOL_2026_03_09_19_24_09), 49 positions
2026-03-24T13:40:16.156Z OK: min DP%-PnL%=0.30% (SOL_2026_03_09_19_24_09), 49 positions
2026-03-24T13:42:16.179Z OK: min DP%-PnL%=0.30% (SOL_2026_03_09_19_24_09), 49 positions
2026-03-24T13:44:16.655Z OK: min DP%-PnL%=0.30% (SOL_2026_03_09_19_24_09), 49 positions
2026-03-24T13:46:15.702Z OK: min DP%-PnL%=0.30% (SOL_2026_03_09_19_24_09), 49 positions
2026-03-24T13:48:17.252Z OK: min DP%-PnL%=0.30% (SOL_2026_03_09_19_24_09), 49 positions
2026-03-24T13:50:16.348Z OK: min DP%-PnL%=0.30% (SOL_2026_03_09_19_24_09), 49 positions
2026-03-24T13:52:16.140Z OK: min DP%-PnL%=0.30% (SOL_2026_03_09_19_24_09), 49 positions
2026-03-24T13:54:15.664Z OK: min DP%-PnL%=0.30% (SOL_2026_03_09_19_24_09), 49 positions
2026-03-24T13:56:16.672Z OK: min DP%-PnL%=0.30% (SOL_2026_03_09_19_24_09), 49 positions
2026-03-24T13:58:15.800Z OK: min DP%-PnL%=0.30% (SOL_2026_03_09_19_24_09), 49 positions
2026-03-24T14:00:17.091Z OK: min DP%-PnL%=0.30% (SOL_2026_03_09_19_24_09), 49 positions
2026-03-24T14:02:15.624Z OK: min DP%-PnL%=0.30% (SOL_2026_03_09_19_24_09), 49 positions
2026-03-24T14:04:15.672Z OK: min DP%-PnL%=0.30% (SOL_2026_03_09_19_24_09), 49 positions
2026-03-24T14:06:16.674Z OK: min DP%-PnL%=0.30% (SOL_2026_03_09_19_24_09), 49 positions
2026-03-24T14:08:17.204Z OK: min DP%-PnL%=0.30% (SOL_2026_03_09_19_24_09), 49 positions
2026-03-24T14:10:16.802Z OK: min DP%-PnL%=0.30% (SOL_2026_03_09_19_24_09), 49 positions
2026-03-24T14:12:16.412Z OK: min DP%-PnL%=0.30% (SOL_2026_03_09_19_24_09), 49 positions
2026-03-24T14:14:16.023Z OK: min DP%-PnL%=0.30% (SOL_2026_03_09_19_24_09), 49 positions
2026-03-24T14:16:17.256Z OK: min DP%-PnL%=0.30% (SOL_2026_03_09_19_24_09), 49 positions
2026-03-24T14:18:16.446Z OK: min DP%-PnL%=0.30% (SOL_2026_03_09_19_24_09), 49 positions
2026-03-24T14:20:16.259Z OK: min DP%-PnL%=0.30% (SOL_2026_03_09_19_24_09), 49 positions
2026-03-24T14:22:15.907Z OK: min DP%-PnL%=0.30% (SOL_2026_03_09_19_24_09), 49 positions
2026-03-24T14:24:16.600Z OK: min DP%-PnL%=0.30% (SOL_2026_03_09_19_24_09), 49 positions
2026-03-24T14:26:17.120Z OK: min DP%-PnL%=0.30% (SOL_2026_03_09_19_24_09), 49 positions
2026-03-24T14:28:15.600Z OK: min DP%-PnL%=0.30% (SOL_2026_03_09_19_24_09), 49 positions
2026-03-24T14:30:17.146Z OK: min DP%-PnL%=0.30% (SOL_2026_03_09_19_24_09), 49 positions
2026-03-24T14:32:16.317Z OK: min DP%-PnL%=0.30% (SOL_2026_03_09_19_24_09), 49 positions
2026-03-24T14:34:17.020Z OK: min DP%-PnL%=0.30% (SOL_2026_03_09_19_24_09), 49 positions
2026-03-24T14:36:15.452Z OK: min DP%-PnL%=0.30% (SOL_2026_03_09_19_24_09), 49 positions
2026-03-24T14:38:16.792Z OK: min DP%-PnL%=0.30% (SOL_2026_03_09_19_24_09), 49 positions
2026-03-24T14:40:16.398Z OK: min DP%-PnL%=0.30% (SOL_2026_03_09_19_24_09), 49 positions
2026-03-24T14:42:17.536Z OK: min DP%-PnL%=0.30% (XRP_2026_03_01_13_45_50), 49 positions
2026-03-24T14:44:16.845Z OK: min DP%-PnL%=0.30% (XRP_2026_03_01_13_45_50), 49 positions
2026-03-24T14:46:17.066Z OK: min DP%-PnL%=0.30% (XRP_2026_03_01_13_45_50), 49 positions
2026-03-24T14:48:16.786Z OK: min DP%-PnL%=0.30% (XRP_2026_03_01_13_45_50), 49 positions
2026-03-24T14:50:16.397Z OK: min DP%-PnL%=0.30% (XRP_2026_03_01_13_45_50), 49 positions
2026-03-24T14:52:16.798Z OK: min DP%-PnL%=0.30% (XRP_2026_03_01_13_45_50), 49 positions
2026-03-24T14:54:16.656Z OK: min DP%-PnL%=0.30% (XRP_2026_03_01_13_45_50), 49 positions
2026-03-24T14:56:15.544Z OK: min DP%-PnL%=0.30% (XRP_2026_03_01_13_45_50), 49 positions
2026-03-24T14:58:16.369Z OK: min DP%-PnL%=0.30% (XRP_2026_03_01_13_45_50), 49 positions
2026-03-24T15:00:15.545Z OK: min DP%-PnL%=0.30% (XRP_2026_03_01_13_45_50), 49 positions
2026-03-24T15:02:16.807Z OK: min DP%-PnL%=0.30% (XRP_2026_03_01_13_45_50), 49 positions
2026-03-24T15:04:16.557Z OK: min DP%-PnL%=0.30% (XRP_2026_03_01_13_45_50), 49 positions
2026-03-24T15:06:15.920Z OK: min DP%-PnL%=0.30% (XRP_2026_03_01_13_45_50), 49 positions
2026-03-24T15:08:16.754Z OK: min DP%-PnL%=0.30% (XRP_2026_03_01_13_45_50), 49 positions
2026-03-24T15:10:16.275Z OK: min DP%-PnL%=0.30% (XRP_2026_03_01_13_45_50), 49 positions
2026-03-24T15:12:16.566Z OK: min DP%-PnL%=0.30% (XRP_2026_03_01_13_45_50), 49 positions
2026-03-24T15:14:15.877Z OK: min DP%-PnL%=0.30% (XRP_2026_03_01_13_45_50), 49 positions
2026-03-24T15:16:16.481Z OK: min DP%-PnL%=0.30% (XRP_2026_03_01_13_45_50), 49 positions
2026-03-24T15:18:15.914Z OK: min DP%-PnL%=0.30% (XRP_2026_03_01_13_45_50), 49 positions
2026-03-24T15:20:17.061Z OK: min DP%-PnL%=0.30% (XRP_2026_03_01_13_45_50), 49 positions
2026-03-24T15:22:16.857Z OK: min DP%-PnL%=0.30% (XRP_2026_03_01_13_45_50), 49 positions
2026-03-24T15:24:16.577Z OK: min DP%-PnL%=0.30% (XRP_2026_03_01_13_45_50), 49 positions
2026-03-24T15:26:16.995Z OK: min DP%-PnL%=0.30% (XRP_2026_03_01_13_45_50), 49 positions
2026-03-24T15:28:16.398Z OK: min DP%-PnL%=0.30% (XRP_2026_03_01_13_45_50), 49 positions
2026-03-24T15:30:16.824Z OK: min DP%-PnL%=0.30% (XRP_2026_03_01_13_45_50), 49 positions
2026-03-24T15:32:15.815Z OK: min DP%-PnL%=0.30% (XRP_2026_03_01_13_45_50), 49 positions
2026-03-24T15:34:17.030Z OK: min DP%-PnL%=0.30% (XRP_2026_03_01_13_45_50), 49 positions
2026-03-24T15:36:17.533Z OK: min DP%-PnL%=0.30% (XRP_2026_03_01_13_45_50), 49 positions
2026-03-24T15:38:16.681Z OK: min DP%-PnL%=0.30% (XRP_2026_03_01_13_45_50), 49 positions
2026-03-24T15:40:16.797Z OK: min DP%-PnL%=0.30% (XRP_2026_03_01_13_45_50), 49 positions
2026-03-24T15:42:16.828Z OK: min DP%-PnL%=0.30% (XRP_2026_03_01_13_45_50), 49 positions
2026-03-24T15:44:16.011Z OK: min DP%-PnL%=0.30% (XRP_2026_03_01_13_45_50), 49 positions
2026-03-24T15:46:16.742Z OK: min DP%-PnL%=0.30% (XRP_2026_03_01_13_45_50), 49 positions
2026-03-24T15:48:16.800Z OK: min DP%-PnL%=0.30% (XRP_2026_03_01_13_45_50), 49 positions
2026-03-24T15:50:15.955Z OK: min DP%-PnL%=0.30% (XRP_2026_03_01_13_45_50), 49 positions
2026-03-24T15:52:16.781Z OK: min DP%-PnL%=0.30% (XRP_2026_03_01_13_45_50), 49 positions
2026-03-24T15:54:16.697Z OK: min DP%-PnL%=0.30% (XRP_2026_03_01_13_45_50), 49 positions
2026-03-24T15:56:15.982Z OK: min DP%-PnL%=0.30% (XRP_2026_03_01_13_45_50), 49 positions
2026-03-24T15:58:16.582Z OK: min DP%-PnL%=0.30% (XRP_2026_03_01_13_45_50), 49 positions
2026-03-24T16:00:16.112Z OK: min DP%-PnL%=0.30% (XRP_2026_03_01_13_45_50), 49 positions
2026-03-24T16:02:16.114Z OK: min DP%-PnL%=0.30% (XRP_2026_03_01_13_45_50), 49 positions
2026-03-24T16:04:17.012Z OK: min DP%-PnL%=0.30% (XRP_2026_03_01_13_45_50), 49 positions
2026-03-24T16:06:17.366Z OK: min DP%-PnL%=0.30% (XRP_2026_03_01_13_45_50), 49 positions
2026-03-24T16:08:16.353Z OK: min DP%-PnL%=0.30% (XRP_2026_03_01_13_45_50), 49 positions
2026-03-24T16:10:15.653Z OK: min DP%-PnL%=0.30% (XRP_2026_03_01_13_45_50), 49 positions
2026-03-24T16:12:15.976Z OK: min DP%-PnL%=0.30% (XRP_2026_03_01_13_45_50), 49 positions
2026-03-24T16:14:16.600Z OK: min DP%-PnL%=0.30% (XRP_2026_03_01_13_45_50), 49 positions
2026-03-24T16:16:16.141Z OK: min DP%-PnL%=0.30% (XRP_2026_03_01_13_45_50), 49 positions
2026-03-24T16:18:16.828Z OK: min DP%-PnL%=0.30% (XRP_2026_03_01_13_45_50), 49 positions
2026-03-24T16:20:16.250Z OK: min DP%-PnL%=0.30% (XRP_2026_03_01_13_45_50), 49 positions
2026-03-24T16:22:16.151Z OK: min DP%-PnL%=0.30% (XRP_2026_03_01_13_45_50), 49 positions
2026-03-24T16:24:15.895Z OK: min DP%-PnL%=0.30% (XRP_2026_03_01_13_45_50), 49 positions
2026-03-24T16:26:16.488Z OK: min DP%-PnL%=0.30% (XRP_2026_03_01_13_45_50), 49 positions
2026-03-24T16:28:17.288Z OK: min DP%-PnL%=0.30% (XRP_2026_03_01_13_45_50), 49 positions
2026-03-24T16:30:17.362Z OK: min DP%-PnL%=0.30% (XRP_2026_03_01_13_45_50), 49 positions
2026-03-24T16:32:15.878Z OK: min DP%-PnL%=0.30% (XRP_2026_03_01_13_45_50), 49 positions
2026-03-24T16:34:15.437Z OK: min DP%-PnL%=0.30% (XRP_2026_03_01_13_45_50), 49 positions
2026-03-24T16:36:16.646Z OK: min DP%-PnL%=0.30% (XRP_2026_03_01_13_45_50), 49 positions
2026-03-24T16:38:16.286Z OK: min DP%-PnL%=0.30% (XRP_2026_03_01_13_45_50), 49 positions
2026-03-24T16:40:16.308Z OK: min DP%-PnL%=0.30% (XRP_2026_03_01_13_45_50), 49 positions
2026-03-24T16:42:15.967Z OK: min DP%-PnL%=0.30% (XRP_2026_03_01_13_45_50), 49 positions
2026-03-24T16:44:16.234Z OK: min DP%-PnL%=0.30% (XRP_2026_03_01_13_45_50), 49 positions
2026-03-24T16:46:15.534Z OK: min DP%-PnL%=0.30% (XRP_2026_03_01_13_45_50), 49 positions
2026-03-24T16:48:16.372Z OK: min DP%-PnL%=0.30% (XRP_2026_03_01_13_45_50), 49 positions
2026-03-24T16:50:15.463Z OK: min DP%-PnL%=0.30% (XRP_2026_03_01_13_45_50), 49 positions
2026-03-24T16:52:16.912Z OK: min DP%-PnL%=0.30% (XRP_2026_03_01_13_45_50), 49 positions
2026-03-24T16:54:16.019Z OK: min DP%-PnL%=0.30% (XRP_2026_03_01_13_45_50), 49 positions
2026-03-24T16:56:15.716Z OK: min DP%-PnL%=0.30% (XRP_2026_03_01_13_45_50), 49 positions
2026-03-24T16:58:16.348Z OK: min DP%-PnL%=0.30% (XRP_2026_03_01_13_45_50), 49 positions
2026-03-24T17:00:17.085Z OK: min DP%-PnL%=0.30% (XRP_2026_03_01_13_45_50), 49 positions
2026-03-24T17:02:16.375Z OK: min DP%-PnL%=0.30% (XRP_2026_03_01_13_45_50), 49 positions
2026-03-24T17:04:16.591Z OK: min DP%-PnL%=0.30% (XRP_2026_03_01_13_45_50), 49 positions
2026-03-24T17:06:17.408Z OK: min DP%-PnL%=0.30% (XRP_2026_03_01_13_45_50), 49 positions
2026-03-24T17:08:16.421Z OK: min DP%-PnL%=0.30% (XRP_2026_03_01_13_45_50), 49 positions
2026-03-24T17:10:16.538Z OK: min DP%-PnL%=0.30% (XRP_2026_03_01_13_45_50), 49 positions
2026-03-24T17:12:16.243Z OK: min DP%-PnL%=0.30% (XRP_2026_03_01_13_45_50), 49 positions
2026-03-24T17:14:17.184Z OK: min DP%-PnL%=0.30% (XRP_2026_03_01_13_45_50), 49 positions
2026-03-24T17:16:17.101Z OK: min DP%-PnL%=0.30% (XRP_2026_03_01_13_45_50), 49 positions
2026-03-24T17:18:17.725Z OK: min DP%-PnL%=0.30% (XRP_2026_03_01_13_45_50), 49 positions
2026-03-24T17:20:17.433Z OK: min DP%-PnL%=0.30% (XRP_2026_03_01_13_45_50), 49 positions
2026-03-24T17:22:16.629Z OK: min DP%-PnL%=0.30% (XRP_2026_03_01_13_45_50), 49 positions
2026-03-24T17:24:18.591Z OK: min DP%-PnL%=0.30% (XRP_2026_03_01_13_45_50), 49 positions
2026-03-24T17:26:16.768Z OK: min DP%-PnL%=0.30% (XRP_2026_03_01_13_45_50), 49 positions
2026-03-24T17:28:15.665Z OK: min DP%-PnL%=0.30% (XRP_2026_03_01_13_45_50), 49 positions
2026-03-24T17:30:17.920Z OK: min DP%-PnL%=0.30% (XRP_2026_03_01_13_45_50), 49 positions
2026-03-24T17:32:17.791Z OK: min DP%-PnL%=0.30% (XRP_2026_03_01_13_45_50), 49 positions
2026-03-24T17:34:17.244Z OK: min DP%-PnL%=0.30% (XRP_2026_03_01_13_45_50), 49 positions
2026-03-24T17:36:18.078Z OK: min DP%-PnL%=0.30% (XRP_2026_03_01_13_45_50), 49 positions
2026-03-24T17:38:17.291Z OK: min DP%-PnL%=0.30% (XRP_2026_03_01_13_45_50), 49 positions
2026-03-24T17:40:16.788Z OK: min DP%-PnL%=0.30% (XRP_2026_03_01_13_45_50), 49 positions
2026-03-24T17:42:17.103Z OK: min DP%-PnL%=0.30% (XRP_2026_03_01_13_45_50), 49 positions
2026-03-24T17:44:15.929Z OK: min DP%-PnL%=0.30% (XRP_2026_03_01_13_45_50), 49 positions
2026-03-24T17:46:17.551Z OK: min DP%-PnL%=0.30% (XRP_2026_03_01_13_45_50), 49 positions
2026-03-24T17:48:18.586Z OK: min DP%-PnL%=0.30% (XRP_2026_03_01_13_45_50), 49 positions
2026-03-24T17:50:16.040Z OK: min DP%-PnL%=0.30% (XRP_2026_03_01_13_45_50), 49 positions
2026-03-24T17:52:16.465Z OK: min DP%-PnL%=0.30% (XRP_2026_03_01_13_45_50), 49 positions
2026-03-24T17:54:17.207Z OK: min DP%-PnL%=0.30% (XRP_2026_03_01_13_45_50), 49 positions
2026-03-24T17:56:16.703Z OK: min DP%-PnL%=0.30% (XRP_2026_03_01_13_45_50), 49 positions
2026-03-24T17:58:19.185Z OK: min DP%-PnL%=0.30% (XRP_2026_03_01_13_45_50), 49 positions
2026-03-24T18:00:17.826Z OK: min DP%-PnL%=0.30% (XRP_2026_03_01_13_45_50), 49 positions
2026-03-24T18:02:17.214Z OK: min DP%-PnL%=0.30% (XRP_2026_03_01_13_45_50), 49 positions
2026-03-24T18:04:17.286Z OK: min DP%-PnL%=0.30% (XRP_2026_03_01_13_45_50), 49 positions
2026-03-24T18:06:17.201Z OK: min DP%-PnL%=0.30% (XRP_2026_03_01_13_45_50), 49 positions
2026-03-24T18:08:17.738Z OK: min DP%-PnL%=0.30% (XRP_2026_03_01_13_45_50), 49 positions
2026-03-24T18:10:16.732Z OK: min DP%-PnL%=0.30% (XRP_2026_03_01_13_45_50), 49 positions
2026-03-24T18:12:16.723Z OK: min DP%-PnL%=0.30% (XRP_2026_03_01_13_45_50), 49 positions
2026-03-24T18:14:16.427Z OK: min DP%-PnL%=0.30% (XRP_2026_03_01_13_45_50), 49 positions
2026-03-24T18:16:16.337Z OK: min DP%-PnL%=0.30% (XRP_2026_03_01_13_45_50), 49 positions
2026-03-24T18:18:16.762Z OK: min DP%-PnL%=0.30% (XRP_2026_03_01_13_45_50), 49 positions
2026-03-24T18:20:17.901Z OK: min DP%-PnL%=0.30% (XRP_2026_03_01_13_45_50), 49 positions
2026-03-24T18:22:17.311Z OK: min DP%-PnL%=0.30% (XRP_2026_03_01_13_45_50), 49 positions
2026-03-24T18:24:17.034Z OK: min DP%-PnL%=0.30% (XRP_2026_03_01_13_45_50), 49 positions
2026-03-24T18:26:15.814Z OK: min DP%-PnL%=0.30% (XRP_2026_03_01_13_45_50), 49 positions
2026-03-24T18:28:17.428Z OK: min DP%-PnL%=0.30% (XRP_2026_03_01_13_45_50), 49 positions
2026-03-24T18:30:17.368Z OK: min DP%-PnL%=0.30% (XRP_2026_03_01_13_45_50), 49 positions
2026-03-24T18:32:17.180Z OK: min DP%-PnL%=0.30% (XRP_2026_03_01_13_45_50), 49 positions
2026-03-24T18:34:17.600Z OK: min DP%-PnL%=0.30% (XRP_2026_03_01_13_45_50), 49 positions
2026-03-24T18:36:17.378Z OK: min DP%-PnL%=0.30% (XRP_2026_03_01_13_45_50), 49 positions
2026-03-24T18:38:17.229Z OK: min DP%-PnL%=0.30% (XRP_2026_03_01_13_45_50), 49 positions
2026-03-24T18:40:17.244Z OK: min DP%-PnL%=0.30% (XRP_2026_03_01_13_45_50), 49 positions
2026-03-24T18:42:16.318Z OK: min DP%-PnL%=0.30% (XRP_2026_03_01_13_45_50), 49 positions
2026-03-24T18:44:15.877Z OK: min DP%-PnL%=0.30% (XRP_2026_03_01_13_45_50), 49 positions
2026-03-24T18:46:15.721Z OK: min DP%-PnL%=0.30% (XRP_2026_03_01_13_45_50), 49 positions
2026-03-24T18:48:16.539Z OK: min DP%-PnL%=0.30% (XRP_2026_03_01_13_45_50), 49 positions
2026-03-24T18:50:16.549Z OK: min DP%-PnL%=0.30% (XRP_2026_03_01_13_45_50), 49 positions
2026-03-24T18:52:17.372Z OK: min DP%-PnL%=0.30% (XRP_2026_03_01_13_45_50), 49 positions
2026-03-24T18:54:16.465Z OK: min DP%-PnL%=0.30% (XRP_2026_03_01_13_45_50), 49 positions
2026-03-24T18:56:16.371Z OK: min DP%-PnL%=0.30% (XRP_2026_03_01_13_45_50), 49 positions
2026-03-24T18:58:16.189Z OK: min DP%-PnL%=0.30% (XRP_2026_03_01_13_45_50), 49 positions
2026-03-24T19:00:17.009Z OK: min DP%-PnL%=0.30% (XRP_2026_03_01_13_45_50), 49 positions
2026-03-24T19:02:15.843Z OK: min DP%-PnL%=0.30% (XRP_2026_03_01_13_45_50), 49 positions
2026-03-24T19:04:16.299Z OK: min DP%-PnL%=0.30% (XRP_2026_03_01_13_45_50), 49 positions
2026-03-24T19:06:17.658Z OK: min DP%-PnL%=0.30% (XRP_2026_03_01_13_45_50), 49 positions
2026-03-24T19:08:15.624Z OK: min DP%-PnL%=0.30% (XRP_2026_03_01_13_45_50), 49 positions
2026-03-24T19:10:17.377Z OK: min DP%-PnL%=0.30% (XRP_2026_03_01_13_45_50), 49 positions
2026-03-24T19:12:17.697Z OK: min DP%-PnL%=0.30% (XRP_2026_03_01_13_45_50), 49 positions
2026-03-24T19:14:16.482Z OK: min DP%-PnL%=0.30% (XRP_2026_03_01_13_45_50), 49 positions
2026-03-24T19:16:16.092Z OK: min DP%-PnL%=0.30% (XRP_2026_03_01_13_45_50), 49 positions
2026-03-24T19:18:17.233Z OK: min DP%-PnL%=0.30% (XRP_2026_03_01_13_45_50), 49 positions
2026-03-24T19:20:16.934Z OK: min DP%-PnL%=0.30% (XRP_2026_03_01_13_45_50), 49 positions
2026-03-24T19:22:16.845Z OK: min DP%-PnL%=0.30% (XRP_2026_03_01_13_45_50), 49 positions
2026-03-24T19:24:16.761Z OK: min DP%-PnL%=0.30% (XRP_2026_03_01_13_45_50), 49 positions
2026-03-24T19:26:16.872Z OK: min DP%-PnL%=0.30% (XRP_2026_03_01_13_45_50), 49 positions
2026-03-24T19:28:16.472Z OK: min DP%-PnL%=0.30% (XRP_2026_03_01_13_45_50), 49 positions
2026-03-24T19:30:16.157Z OK: min DP%-PnL%=0.30% (XRP_2026_03_01_13_45_50), 49 positions
2026-03-24T19:32:16.097Z OK: min DP%-PnL%=0.30% (XRP_2026_03_01_13_45_50), 49 positions
2026-03-24T19:34:16.850Z OK: min DP%-PnL%=0.30% (XRP_2026_03_01_13_45_50), 49 positions
2026-03-24T19:36:16.005Z OK: min DP%-PnL%=0.30% (XRP_2026_03_01_13_45_50), 49 positions
2026-03-24T19:38:16.313Z OK: min DP%-PnL%=0.30% (XRP_2026_03_01_13_45_50), 49 positions
2026-03-24T19:40:16.441Z OK: min DP%-PnL%=0.30% (XRP_2026_03_01_13_45_50), 49 positions
2026-03-24T19:42:16.461Z OK: min DP%-PnL%=0.30% (XRP_2026_03_01_13_45_50), 49 positions
2026-03-24T19:44:16.481Z OK: min DP%-PnL%=0.30% (XRP_2026_03_01_13_45_50), 49 positions
2026-03-24T19:46:16.707Z OK: min DP%-PnL%=0.30% (XRP_2026_03_01_13_45_50), 49 positions
2026-03-24T19:48:16.423Z OK: min DP%-PnL%=0.30% (XRP_2026_03_01_13_45_50), 49 positions
2026-03-24T19:50:16.953Z OK: min DP%-PnL%=0.30% (XRP_2026_03_01_13_45_50), 49 positions
2026-03-24T19:52:16.773Z OK: min DP%-PnL%=0.30% (XRP_2026_03_01_13_45_50), 49 positions
2026-03-24T19:54:16.372Z OK: min DP%-PnL%=0.30% (XRP_2026_03_01_13_45_50), 49 positions
2026-03-24T19:56:16.689Z OK: min DP%-PnL%=0.30% (XRP_2026_03_01_13_45_50), 49 positions
2026-03-24T19:58:15.988Z OK: min DP%-PnL%=0.30% (XRP_2026_03_01_13_45_50), 49 positions
2026-03-24T20:00:16.006Z OK: min DP%-PnL%=0.30% (XRP_2026_03_01_13_45_50), 49 positions
2026-03-24T20:02:16.378Z OK: min DP%-PnL%=0.30% (XRP_2026_03_01_13_45_50), 49 positions
2026-03-24T20:04:16.757Z OK: min DP%-PnL%=0.30% (XRP_2026_03_01_13_45_50), 49 positions
2026-03-24T20:06:16.574Z OK: min DP%-PnL%=0.30% (XRP_2026_03_01_13_45_50), 49 positions
2026-03-24T20:08:16.872Z OK: min DP%-PnL%=0.30% (XRP_2026_03_01_13_45_50), 49 positions
2026-03-24T20:10:16.405Z OK: min DP%-PnL%=0.30% (XRP_2026_03_01_13_45_50), 49 positions
2026-03-24T20:12:16.521Z OK: min DP%-PnL%=0.30% (XRP_2026_03_01_13_45_50), 49 positions
2026-03-24T20:14:15.961Z OK: min DP%-PnL%=0.30% (XRP_2026_03_01_13_45_50), 49 positions
2026-03-24T20:16:15.842Z OK: min DP%-PnL%=0.30% (XRP_2026_03_01_13_45_50), 49 positions
2026-03-24T20:18:16.274Z OK: min DP%-PnL%=0.30% (XRP_2026_03_01_13_45_50), 49 positions
2026-03-24T20:20:16.082Z OK: min DP%-PnL%=0.30% (XRP_2026_03_01_13_45_50), 49 positions
2026-03-24T20:22:16.976Z OK: min DP%-PnL%=0.30% (XRP_2026_03_01_13_45_50), 49 positions
2026-03-24T20:24:16.218Z OK: min DP%-PnL%=0.30% (XRP_2026_03_01_13_45_50), 49 positions
2026-03-24T20:26:16.120Z OK: min DP%-PnL%=0.30% (XRP_2026_03_01_13_45_50), 49 positions
2026-03-24T20:28:15.918Z OK: min DP%-PnL%=0.30% (XRP_2026_03_01_13_45_50), 49 positions
2026-03-24T20:30:17.054Z OK: min DP%-PnL%=0.30% (XRP_2026_03_01_13_45_50), 49 positions
2026-03-24T20:32:16.042Z OK: min DP%-PnL%=0.30% (XRP_2026_03_01_13_45_50), 49 positions
2026-03-24T20:34:16.150Z OK: min DP%-PnL%=0.30% (XRP_2026_03_01_13_45_50), 49 positions
2026-03-24T20:36:17.302Z OK: min DP%-PnL%=0.30% (XRP_2026_03_01_13_45_50), 49 positions
2026-03-24T20:38:16.688Z OK: min DP%-PnL%=0.30% (XRP_2026_03_01_13_45_50), 49 positions
2026-03-24T20:40:15.973Z OK: min DP%-PnL%=0.30% (XRP_2026_03_01_13_45_50), 49 positions
2026-03-24T20:42:16.354Z OK: min DP%-PnL%=0.30% (XRP_2026_03_01_13_45_50), 49 positions
2026-03-24T20:44:16.631Z OK: min DP%-PnL%=0.30% (XRP_2026_03_01_13_45_50), 49 positions
2026-03-24T20:46:17.107Z OK: min DP%-PnL%=0.30% (XRP_2026_03_01_13_45_50), 49 positions
2026-03-24T20:48:16.150Z OK: min DP%-PnL%=0.30% (XRP_2026_03_01_13_45_50), 49 positions
2026-03-24T20:50:17.078Z OK: min DP%-PnL%=0.30% (XRP_2026_03_01_13_45_50), 49 positions
2026-03-24T20:52:16.898Z OK: min DP%-PnL%=0.30% (XRP_2026_03_01_13_45_50), 49 positions
2026-03-24T20:54:17.525Z OK: min DP%-PnL%=0.30% (XRP_2026_03_01_13_45_50), 49 positions
2026-03-24T20:56:16.206Z OK: min DP%-PnL%=0.30% (XRP_2026_03_01_13_45_50), 49 positions
2026-03-24T20:58:16.262Z OK: min DP%-PnL%=0.30% (XRP_2026_03_01_13_45_50), 49 positions
2026-03-24T21:00:16.137Z OK: min DP%-PnL%=0.30% (XRP_2026_03_01_13_45_50), 49 positions
2026-03-24T21:02:16.363Z OK: min DP%-PnL%=0.30% (XRP_2026_03_01_13_45_50), 49 positions
2026-03-24T21:04:16.475Z OK: min DP%-PnL%=0.30% (XRP_2026_03_01_13_45_50), 49 positions
2026-03-24T21:06:16.287Z OK: min DP%-PnL%=0.30% (XRP_2026_03_01_13_45_50), 49 positions
2026-03-24T21:08:17.326Z OK: min DP%-PnL%=0.30% (XRP_2026_03_01_13_45_50), 49 positions
2026-03-24T21:10:17.247Z OK: min DP%-PnL%=0.30% (XRP_2026_03_01_13_45_50), 49 positions
2026-03-24T21:12:16.745Z OK: min DP%-PnL%=0.30% (XRP_2026_03_01_13_45_50), 49 positions
2026-03-24T21:14:16.455Z OK: min DP%-PnL%=0.30% (XRP_2026_03_01_13_45_50), 49 positions
2026-03-24T21:16:16.777Z OK: min DP%-PnL%=0.30% (XRP_2026_03_01_13_45_50), 49 positions
2026-03-24T21:18:15.972Z OK: min DP%-PnL%=0.30% (XRP_2026_03_01_13_45_50), 49 positions
2026-03-24T21:20:16.228Z OK: min DP%-PnL%=0.30% (XRP_2026_03_01_13_45_50), 49 positions
2026-03-24T21:22:16.415Z OK: min DP%-PnL%=0.30% (XRP_2026_03_01_13_45_50), 49 positions
2026-03-24T21:24:17.158Z OK: min DP%-PnL%=0.30% (XRP_2026_03_01_13_45_50), 49 positions
2026-03-24T21:26:16.246Z OK: min DP%-PnL%=0.30% (XRP_2026_03_01_13_45_50), 49 positions
2026-03-24T21:28:15.843Z OK: min DP%-PnL%=0.30% (XRP_2026_03_01_13_45_50), 49 positions
2026-03-24T21:30:16.785Z OK: min DP%-PnL%=0.30% (XRP_2026_03_01_13_45_50), 49 positions
2026-03-24T21:32:16.081Z OK: min DP%-PnL%=0.30% (XRP_2026_03_01_13_45_50), 49 positions
2026-03-24T21:34:16.625Z OK: min DP%-PnL%=0.30% (XRP_2026_03_01_13_45_50), 49 positions
2026-03-24T21:36:15.711Z OK: min DP%-PnL%=0.30% (XRP_2026_03_01_13_45_50), 49 positions
2026-03-24T21:38:17.531Z OK: min DP%-PnL%=0.30% (XRP_2026_03_01_13_45_50), 49 positions
2026-03-24T21:40:16.666Z OK: min DP%-PnL%=0.30% (XRP_2026_03_01_13_45_50), 49 positions
2026-03-24T21:42:17.400Z OK: min DP%-PnL%=0.30% (XRP_2026_03_01_13_45_50), 49 positions
2026-03-24T21:44:16.391Z OK: min DP%-PnL%=0.30% (XRP_2026_03_01_13_45_50), 49 positions
2026-03-24T21:46:17.338Z OK: min DP%-PnL%=0.30% (XRP_2026_03_01_13_45_50), 49 positions
2026-03-24T21:48:16.528Z OK: min DP%-PnL%=0.30% (XRP_2026_03_01_13_45_50), 49 positions
2026-03-24T21:50:15.421Z OK: min DP%-PnL%=0.30% (XRP_2026_03_01_13_45_50), 49 positions
2026-03-24T21:52:16.767Z OK: min DP%-PnL%=0.30% (XRP_2026_03_01_13_45_50), 49 positions
2026-03-24T21:54:15.760Z OK: min DP%-PnL%=0.30% (XRP_2026_03_01_13_45_50), 49 positions
2026-03-24T21:56:15.572Z OK: min DP%-PnL%=0.30% (XRP_2026_03_01_13_45_50), 49 positions
2026-03-24T21:58:16.317Z OK: min DP%-PnL%=0.30% (XRP_2026_03_01_13_45_50), 49 positions
2026-03-24T22:00:17.246Z OK: min DP%-PnL%=0.30% (XRP_2026_03_01_13_45_50), 49 positions
2026-03-24T22:02:15.981Z OK: min DP%-PnL%=0.30% (XRP_2026_03_01_13_45_50), 49 positions
2026-03-24T22:04:17.376Z OK: min DP%-PnL%=0.30% (XRP_2026_03_01_13_45_50), 49 positions
2026-03-24T22:06:16.064Z OK: min DP%-PnL%=0.30% (XRP_2026_03_01_13_45_50), 49 positions
2026-03-24T22:08:16.572Z OK: min DP%-PnL%=0.30% (XRP_2026_03_01_13_45_50), 49 positions
2026-03-24T22:10:16.983Z OK: min DP%-PnL%=0.30% (XRP_2026_03_01_13_45_50), 49 positions
2026-03-24T22:12:16.986Z OK: min DP%-PnL%=0.30% (XRP_2026_03_01_13_45_50), 49 positions
2026-03-24T22:14:15.663Z OK: min DP%-PnL%=0.30% (XRP_2026_03_01_13_45_50), 49 positions
2026-03-24T22:16:16.898Z OK: min DP%-PnL%=0.30% (XRP_2026_03_01_13_45_50), 49 positions
2026-03-24T22:18:16.903Z OK: min DP%-PnL%=0.30% (XRP_2026_03_01_13_45_50), 49 positions
2026-03-24T22:20:16.507Z OK: min DP%-PnL%=0.30% (XRP_2026_03_01_13_45_50), 49 positions
2026-03-24T22:22:15.901Z OK: min DP%-PnL%=0.30% (XRP_2026_03_01_13_45_50), 49 positions
2026-03-24T22:24:16.527Z OK: min DP%-PnL%=0.30% (XRP_2026_03_01_13_45_50), 49 positions
2026-03-24T22:26:17.157Z OK: min DP%-PnL%=0.30% (XRP_2026_03_01_13_45_50), 49 positions
2026-03-24T22:28:16.447Z OK: min DP%-PnL%=0.30% (XRP_2026_03_01_13_45_50), 49 positions
2026-03-24T22:30:15.744Z OK: min DP%-PnL%=0.30% (XRP_2026_03_01_13_45_50), 49 positions
2026-03-24T22:32:16.368Z OK: min DP%-PnL%=0.30% (XRP_2026_03_01_13_45_50), 49 positions
2026-03-24T22:34:16.073Z OK: min DP%-PnL%=0.30% (XRP_2026_03_01_13_45_50), 49 positions
2026-03-24T22:36:16.197Z OK: min DP%-PnL%=0.30% (XRP_2026_03_01_13_45_50), 49 positions
2026-03-24T22:38:17.535Z OK: min DP%-PnL%=0.30% (XRP_2026_03_01_13_45_50), 49 positions
2026-03-24T22:40:16.517Z OK: min DP%-PnL%=0.30% (XRP_2026_03_01_13_45_50), 49 positions
2026-03-24T22:42:16.452Z OK: min DP%-PnL%=0.30% (XRP_2026_03_01_13_45_50), 49 positions
2026-03-24T22:44:16.068Z OK: min DP%-PnL%=0.30% (XRP_2026_03_01_13_45_50), 49 positions
2026-03-24T22:46:16.505Z OK: min DP%-PnL%=0.30% (XRP_2026_03_01_13_45_50), 49 positions
2026-03-24T22:48:16.428Z OK: min DP%-PnL%=0.30% (XRP_2026_03_01_13_45_50), 49 positions
2026-03-24T22:50:17.676Z OK: min DP%-PnL%=0.30% (XRP_2026_03_01_13_45_50), 49 positions
2026-03-24T22:52:16.775Z OK: min DP%-PnL%=0.30% (XRP_2026_03_01_13_45_50), 49 positions
2026-03-24T22:54:17.370Z OK: min DP%-PnL%=0.30% (XRP_2026_03_01_13_45_50), 49 positions
2026-03-24T22:56:17.018Z OK: min DP%-PnL%=0.30% (XRP_2026_03_01_13_45_50), 49 positions
2026-03-24T22:58:16.525Z OK: min DP%-PnL%=0.30% (XRP_2026_03_01_13_45_50), 49 positions
2026-03-24T23:00:17.060Z OK: min DP%-PnL%=0.30% (XRP_2026_03_01_13_45_50), 49 positions
2026-03-24T23:02:16.766Z OK: min DP%-PnL%=0.30% (XRP_2026_03_01_13_45_50), 49 positions
2026-03-24T23:04:16.476Z OK: min DP%-PnL%=0.30% (XRP_2026_03_01_13_45_50), 49 positions
2026-03-24T23:06:16.078Z OK: min DP%-PnL%=0.30% (XRP_2026_03_01_13_45_50), 49 positions
2026-03-24T23:08:16.096Z OK: min DP%-PnL%=0.30% (XRP_2026_03_01_13_45_50), 49 positions
2026-03-24T23:10:16.333Z OK: min DP%-PnL%=0.30% (XRP_2026_03_01_13_45_50), 49 positions
2026-03-24T23:12:16.129Z OK: min DP%-PnL%=0.30% (XRP_2026_03_01_13_45_50), 49 positions
2026-03-24T23:14:16.756Z OK: min DP%-PnL%=0.30% (XRP_2026_03_01_13_45_50), 49 positions
2026-03-24T23:16:16.049Z OK: min DP%-PnL%=0.30% (XRP_2026_03_01_13_45_50), 49 positions
2026-03-24T23:18:16.569Z OK: min DP%-PnL%=0.30% (XRP_2026_03_01_13_45_50), 49 positions
2026-03-24T23:20:16.279Z OK: min DP%-PnL%=0.30% (XRP_2026_03_01_13_45_50), 49 positions
2026-03-24T23:22:16.589Z OK: min DP%-PnL%=0.30% (XRP_2026_03_01_13_45_50), 49 positions
2026-03-24T23:24:17.221Z OK: min DP%-PnL%=0.30% (XRP_2026_03_01_13_45_50), 49 positions
2026-03-24T23:26:17.427Z OK: min DP%-PnL%=0.30% (XRP_2026_03_01_13_45_50), 49 positions
2026-03-24T23:28:17.952Z OK: min DP%-PnL%=0.30% (XRP_2026_03_01_13_45_50), 49 positions
2026-03-24T23:30:16.531Z OK: min DP%-PnL%=0.30% (XRP_2026_03_01_13_45_50), 49 positions
2026-03-24T23:32:16.996Z OK: min DP%-PnL%=0.30% (XRP_2026_03_01_13_45_50), 49 positions
2026-03-24T23:34:16.561Z OK: min DP%-PnL%=0.30% (XRP_2026_03_01_13_45_50), 49 positions
2026-03-24T23:36:16.370Z OK: min DP%-PnL%=0.30% (XRP_2026_03_01_13_45_50), 49 positions
2026-03-24T23:38:17.104Z OK: min DP%-PnL%=0.30% (XRP_2026_03_01_13_45_50), 49 positions
2026-03-24T23:40:17.110Z OK: min DP%-PnL%=0.30% (XRP_2026_03_01_13_45_50), 49 positions
2026-03-24T23:42:16.713Z OK: min DP%-PnL%=0.30% (XRP_2026_03_01_13_45_50), 49 positions
2026-03-24T23:44:17.137Z OK: min DP%-PnL%=0.30% (XRP_2026_03_01_13_45_50), 49 positions
2026-03-24T23:46:16.341Z OK: min DP%-PnL%=0.30% (XRP_2026_03_01_13_45_50), 49 positions
2026-03-24T23:48:16.556Z OK: min DP%-PnL%=0.30% (XRP_2026_03_01_13_45_50), 49 positions
2026-03-24T23:50:15.958Z OK: min DP%-PnL%=0.30% (XRP_2026_03_01_13_45_50), 49 positions
2026-03-24T23:52:15.783Z OK: min DP%-PnL%=0.30% (XRP_2026_03_01_13_45_50), 49 positions
2026-03-24T23:54:16.828Z OK: min DP%-PnL%=0.30% (XRP_2026_03_01_13_45_50), 49 positions
2026-03-24T23:56:16.231Z OK: min DP%-PnL%=0.30% (XRP_2026_03_01_13_45_50), 49 positions
2026-03-24T23:58:16.968Z OK: min DP%-PnL%=0.30% (XRP_2026_03_01_13_45_50), 49 positions
2026-03-25T00:00:17.096Z OK: min DP%-PnL%=0.30% (XRP_2026_03_01_13_45_50), 49 positions
2026-03-25T00:02:17.722Z OK: min DP%-PnL%=0.30% (XRP_2026_03_01_13_45_50), 49 positions
2026-03-25T00:04:16.518Z OK: min DP%-PnL%=0.30% (XRP_2026_03_01_13_45_50), 49 positions
2026-03-25T00:06:15.609Z OK: min DP%-PnL%=0.30% (XRP_2026_03_01_13_45_50), 49 positions
2026-03-25T00:08:16.752Z OK: min DP%-PnL%=0.30% (XRP_2026_03_01_13_45_50), 49 positions
2026-03-25T00:10:17.076Z OK: min DP%-PnL%=0.30% (XRP_2026_03_01_13_45_50), 49 positions
2026-03-25T00:12:17.297Z OK: min DP%-PnL%=0.30% (XRP_2026_03_01_13_45_50), 49 positions
2026-03-25T00:14:16.404Z OK: min DP%-PnL%=0.30% (XRP_2026_03_01_13_45_50), 49 positions
2026-03-25T00:16:17.023Z OK: min DP%-PnL%=0.30% (XRP_2026_03_01_13_45_50), 49 positions
2026-03-25T00:18:16.221Z OK: min DP%-PnL%=0.30% (XRP_2026_03_01_13_45_50), 49 positions
2026-03-25T00:20:16.445Z OK: min DP%-PnL%=0.30% (XRP_2026_03_01_13_45_50), 49 positions
2026-03-25T00:22:16.763Z OK: min DP%-PnL%=0.30% (XRP_2026_03_01_13_45_50), 49 positions
2026-03-25T00:24:16.771Z OK: min DP%-PnL%=0.30% (XRP_2026_03_01_13_45_50), 49 positions
2026-03-25T00:26:17.194Z OK: min DP%-PnL%=0.30% (XRP_2026_03_01_13_45_50), 49 positions
2026-03-25T00:28:15.874Z OK: min DP%-PnL%=0.30% (XRP_2026_03_01_13_45_50), 49 positions
2026-03-25T00:30:17.010Z OK: min DP%-PnL%=0.30% (XRP_2026_03_01_13_45_50), 49 positions
2026-03-25T00:32:16.411Z OK: min DP%-PnL%=0.30% (XRP_2026_03_01_13_45_50), 49 positions
2026-03-25T00:34:16.520Z OK: min DP%-PnL%=0.30% (XRP_2026_03_01_13_45_50), 49 positions
2026-03-25T00:36:16.534Z OK: min DP%-PnL%=0.30% (XRP_2026_03_01_13_45_50), 49 positions
2026-03-25T00:38:15.832Z OK: min DP%-PnL%=0.30% (XRP_2026_03_01_13_45_50), 49 positions
2026-03-25T00:40:16.363Z OK: min DP%-PnL%=0.30% (XRP_2026_03_01_13_45_50), 49 positions
2026-03-25T00:42:16.476Z OK: min DP%-PnL%=0.30% (XRP_2026_03_01_13_45_50), 49 positions
2026-03-25T00:44:16.998Z OK: min DP%-PnL%=0.30% (XRP_2026_03_01_13_45_50), 49 positions
2026-03-25T00:46:16.497Z OK: min DP%-PnL%=0.30% (XRP_2026_03_01_13_45_50), 49 positions
2026-03-25T00:48:16.614Z OK: min DP%-PnL%=0.30% (XRP_2026_03_01_13_45_50), 49 positions
2026-03-25T00:50:16.835Z OK: min DP%-PnL%=0.30% (XRP_2026_03_01_13_45_50), 49 positions
2026-03-25T00:52:16.850Z OK: min DP%-PnL%=0.30% (XRP_2026_03_01_13_45_50), 49 positions
2026-03-25T00:54:17.782Z OK: min DP%-PnL%=0.30% (XRP_2026_03_01_13_45_50), 49 positions
2026-03-25T00:56:17.397Z OK: min DP%-PnL%=0.30% (XRP_2026_03_01_13_45_50), 49 positions
2026-03-25T00:58:16.281Z OK: min DP%-PnL%=0.30% (XRP_2026_03_01_13_45_50), 49 positions
2026-03-25T01:00:16.816Z OK: min DP%-PnL%=0.30% (XRP_2026_03_01_13_45_50), 49 positions
2026-03-25T01:02:16.018Z OK: min DP%-PnL%=0.30% (XRP_2026_03_01_13_45_50), 49 positions
2026-03-25T01:04:15.935Z OK: min DP%-PnL%=0.30% (XRP_2026_03_01_13_45_50), 49 positions
2026-03-25T01:06:16.259Z OK: min DP%-PnL%=0.30% (XRP_2026_03_01_13_45_50), 49 positions
2026-03-25T01:08:16.891Z OK: min DP%-PnL%=0.30% (XRP_2026_03_01_13_45_50), 49 positions
2026-03-25T01:10:16.401Z OK: min DP%-PnL%=0.30% (XRP_2026_03_01_13_45_50), 49 positions
2026-03-25T01:12:16.705Z OK: min DP%-PnL%=0.30% (XRP_2026_03_01_13_45_50), 49 positions
2026-03-25T01:14:17.048Z OK: min DP%-PnL%=0.30% (XRP_2026_03_01_13_45_50), 49 positions
2026-03-25T01:16:16.751Z OK: min DP%-PnL%=0.30% (XRP_2026_03_01_13_45_50), 49 positions
2026-03-25T01:18:17.088Z OK: min DP%-PnL%=0.30% (XRP_2026_03_01_13_45_50), 49 positions
2026-03-25T01:20:16.483Z OK: min DP%-PnL%=0.30% (XRP_2026_03_01_13_45_50), 49 positions
2026-03-25T01:22:16.598Z OK: min DP%-PnL%=0.30% (XRP_2026_03_01_13_45_50), 49 positions
2026-03-25T01:24:16.817Z OK: min DP%-PnL%=0.30% (XRP_2026_03_01_13_45_50), 49 positions
2026-03-25T01:26:16.934Z OK: min DP%-PnL%=0.30% (XRP_2026_03_01_13_45_50), 49 positions
2026-03-25T01:28:16.237Z OK: min DP%-PnL%=0.30% (XRP_2026_03_01_13_45_50), 49 positions
2026-03-25T01:30:15.557Z OK: min DP%-PnL%=0.30% (XRP_2026_03_01_13_45_50), 49 positions
2026-03-25T01:32:16.475Z OK: min DP%-PnL%=0.30% (XRP_2026_03_01_13_45_50), 49 positions
2026-03-25T01:34:17.200Z OK: min DP%-PnL%=0.30% (XRP_2026_03_01_13_45_50), 49 positions
2026-03-25T01:36:16.400Z OK: min DP%-PnL%=0.30% (XRP_2026_03_01_13_45_50), 49 positions
2026-03-25T01:38:16.416Z OK: min DP%-PnL%=0.30% (XRP_2026_03_01_13_45_50), 49 positions
2026-03-25T01:40:16.218Z OK: min DP%-PnL%=0.30% (XRP_2026_03_01_13_45_50), 49 positions
2026-03-25T01:42:17.472Z OK: min DP%-PnL%=0.30% (XRP_2026_03_01_13_45_50), 49 positions
2026-03-25T01:44:17.581Z OK: min DP%-PnL%=0.30% (XRP_2026_03_01_13_45_50), 49 positions
2026-03-25T01:46:16.674Z OK: min DP%-PnL%=0.30% (XRP_2026_03_01_13_45_50), 49 positions
2026-03-25T01:48:16.790Z OK: min DP%-PnL%=0.30% (XRP_2026_03_01_13_45_50), 49 positions
2026-03-25T01:50:16.702Z OK: min DP%-PnL%=0.30% (XRP_2026_03_01_13_45_50), 49 positions
2026-03-25T01:52:16.924Z OK: min DP%-PnL%=0.30% (XRP_2026_03_01_13_45_50), 49 positions
2026-03-25T01:54:16.020Z OK: min DP%-PnL%=0.30% (XRP_2026_03_01_13_45_50), 49 positions
2026-03-25T01:56:16.961Z OK: min DP%-PnL%=0.30% (XRP_2026_03_01_13_45_50), 49 positions
2026-03-25T01:58:16.968Z OK: min DP%-PnL%=0.30% (XRP_2026_03_01_13_45_50), 49 positions
2026-03-25T02:00:16.376Z OK: min DP%-PnL%=0.30% (XRP_2026_03_01_13_45_50), 49 positions
2026-03-25T02:02:16.796Z OK: min DP%-PnL%=0.30% (XRP_2026_03_01_13_45_50), 49 positions
2026-03-25T02:04:16.507Z OK: min DP%-PnL%=0.30% (XRP_2026_03_01_13_45_50), 49 positions
2026-03-25T02:06:16.932Z OK: min DP%-PnL%=0.30% (XRP_2026_03_01_13_45_50), 49 positions
2026-03-25T02:08:16.332Z OK: min DP%-PnL%=0.30% (XRP_2026_03_01_13_45_50), 49 positions
2026-03-25T02:10:17.172Z OK: min DP%-PnL%=0.30% (XRP_2026_03_01_13_45_50), 49 positions
2026-03-25T02:12:16.062Z OK: min DP%-PnL%=0.30% (XRP_2026_03_01_13_45_50), 49 positions
2026-03-25T02:14:16.395Z OK: min DP%-PnL%=0.30% (XRP_2026_03_01_13_45_50), 49 positions
2026-03-25T02:16:15.994Z OK: min DP%-PnL%=0.30% (XRP_2026_03_01_13_45_50), 49 positions
2026-03-25T02:18:16.319Z OK: min DP%-PnL%=0.30% (XRP_2026_03_01_13_45_50), 49 positions
2026-03-25T02:20:17.358Z OK: min DP%-PnL%=0.30% (XRP_2026_03_01_13_45_50), 49 positions
2026-03-25T02:22:16.461Z OK: min DP%-PnL%=0.30% (XRP_2026_03_01_13_45_50), 49 positions
2026-03-25T02:24:17.191Z OK: min DP%-PnL%=0.30% (XRP_2026_03_01_13_45_50), 49 positions
2026-03-25T02:26:17.308Z OK: min DP%-PnL%=0.30% (XRP_2026_03_01_13_45_50), 49 positions
2026-03-25T02:28:16.813Z OK: min DP%-PnL%=0.30% (XRP_2026_03_01_13_45_50), 49 positions
2026-03-25T02:30:17.255Z OK: min DP%-PnL%=0.30% (XRP_2026_03_01_13_45_50), 49 positions
2026-03-25T02:32:17.051Z OK: min DP%-PnL%=0.30% (XRP_2026_03_01_13_45_50), 49 positions
2026-03-25T02:34:16.144Z OK: min DP%-PnL%=0.30% (XRP_2026_03_01_13_45_50), 49 positions
2026-03-25T02:36:16.673Z OK: min DP%-PnL%=0.30% (XRP_2026_03_01_13_45_50), 49 positions
2026-03-25T02:38:16.258Z OK: min DP%-PnL%=0.30% (XRP_2026_03_01_13_45_50), 49 positions
2026-03-25T02:40:16.602Z OK: min DP%-PnL%=0.30% (XRP_2026_03_01_13_45_50), 49 positions
2026-03-25T02:42:16.192Z OK: min DP%-PnL%=0.30% (XRP_2026_03_01_13_45_50), 49 positions
2026-03-25T02:44:16.708Z OK: min DP%-PnL%=0.30% (XRP_2026_03_01_13_45_50), 49 positions
2026-03-25T02:46:16.620Z OK: min DP%-PnL%=0.30% (XRP_2026_03_01_13_45_50), 49 positions
2026-03-25T02:48:17.139Z OK: min DP%-PnL%=0.30% (XRP_2026_03_01_13_45_50), 49 positions
2026-03-25T02:50:16.538Z OK: min DP%-PnL%=0.30% (XRP_2026_03_01_13_45_50), 49 positions
2026-03-25T02:52:16.647Z OK: min DP%-PnL%=0.30% (XRP_2026_03_01_13_45_50), 49 positions
2026-03-25T02:54:16.394Z OK: min DP%-PnL%=0.30% (XRP_2026_03_01_13_45_50), 49 positions
2026-03-25T02:56:16.980Z OK: min DP%-PnL%=0.30% (XRP_2026_03_01_13_45_50), 49 positions
2026-03-25T02:58:17.513Z OK: min DP%-PnL%=0.30% (XRP_2026_03_01_13_45_50), 49 positions
2026-03-25T03:00:16.700Z OK: min DP%-PnL%=0.30% (XRP_2026_03_01_13_45_50), 49 positions
2026-03-25T03:02:17.225Z OK: min DP%-PnL%=0.30% (XRP_2026_03_01_13_45_50), 49 positions
2026-03-25T03:04:16.929Z OK: min DP%-PnL%=0.30% (XRP_2026_03_01_13_45_50), 49 positions
2026-03-25T03:06:16.941Z OK: min DP%-PnL%=0.30% (XRP_2026_03_01_13_45_50), 49 positions
2026-03-25T03:08:16.647Z OK: min DP%-PnL%=0.30% (XRP_2026_03_01_13_45_50), 49 positions
2026-03-25T03:10:15.844Z OK: min DP%-PnL%=0.30% (XRP_2026_03_01_13_45_50), 49 positions
2026-03-25T03:12:16.061Z OK: min DP%-PnL%=0.30% (XRP_2026_03_01_13_45_50), 49 positions
2026-03-25T03:14:17.364Z OK: min DP%-PnL%=0.30% (XRP_2026_03_01_13_45_50), 49 positions
2026-03-25T03:16:17.217Z OK: min DP%-PnL%=0.30% (XRP_2026_03_01_13_45_50), 49 positions
2026-03-25T03:18:15.593Z OK: min DP%-PnL%=0.30% (XRP_2026_03_01_13_45_50), 49 positions
2026-03-25T03:20:17.142Z OK: min DP%-PnL%=0.30% (XRP_2026_03_01_13_45_50), 49 positions
2026-03-25T03:22:17.021Z OK: min DP%-PnL%=0.30% (XRP_2026_03_01_13_45_50), 49 positions
2026-03-25T03:24:17.144Z OK: min DP%-PnL%=0.30% (XRP_2026_03_01_13_45_50), 49 positions
2026-03-25T03:26:16.142Z OK: min DP%-PnL%=0.30% (XRP_2026_03_01_13_45_50), 49 positions
2026-03-25T03:28:16.681Z OK: min DP%-PnL%=0.30% (XRP_2026_03_01_13_45_50), 49 positions
2026-03-25T03:30:16.507Z OK: min DP%-PnL%=0.30% (XRP_2026_03_01_13_45_50), 49 positions
2026-03-25T03:32:16.268Z OK: min DP%-PnL%=0.30% (XRP_2026_03_01_13_45_50), 49 positions
2026-03-25T03:34:17.939Z OK: min DP%-PnL%=0.30% (XRP_2026_03_01_13_45_50), 49 positions
2026-03-25T03:36:17.446Z OK: min DP%-PnL%=0.30% (XRP_2026_03_01_13_45_50), 49 positions
2026-03-25T03:38:17.153Z OK: min DP%-PnL%=0.30% (XRP_2026_03_01_13_45_50), 49 positions
2026-03-25T03:40:16.562Z OK: min DP%-PnL%=0.30% (XRP_2026_03_01_13_45_50), 49 positions
2026-03-25T03:42:16.072Z OK: min DP%-PnL%=0.30% (XRP_2026_03_01_13_45_50), 49 positions
2026-03-25T03:44:17.308Z OK: min DP%-PnL%=0.30% (XRP_2026_03_01_13_45_50), 49 positions
2026-03-25T03:46:16.511Z OK: min DP%-PnL%=0.30% (XRP_2026_03_01_13_45_50), 49 positions
2026-03-25T03:48:17.548Z OK: min DP%-PnL%=0.30% (XRP_2026_03_01_13_45_50), 49 positions
2026-03-25T03:50:16.740Z OK: min DP%-PnL%=0.30% (XRP_2026_03_01_13_45_50), 49 positions
2026-03-25T03:52:16.044Z OK: min DP%-PnL%=0.30% (XRP_2026_03_01_13_45_50), 49 positions
2026-03-25T03:54:17.397Z OK: min DP%-PnL%=0.30% (XRP_2026_03_01_13_45_50), 49 positions
2026-03-25T03:56:16.697Z OK: min DP%-PnL%=0.30% (XRP_2026_03_01_13_45_50), 49 positions
2026-03-25T03:58:16.825Z OK: min DP%-PnL%=0.30% (XRP_2026_03_01_13_45_50), 49 positions
2026-03-25T04:00:16.555Z OK: min DP%-PnL%=0.30% (XRP_2026_03_01_13_45_50), 49 positions
2026-03-25T04:02:16.226Z OK: min DP%-PnL%=0.30% (XRP_2026_03_01_13_45_50), 49 positions
2026-03-25T04:04:16.642Z OK: min DP%-PnL%=0.30% (XRP_2026_03_01_13_45_50), 49 positions
2026-03-25T04:06:17.465Z OK: min DP%-PnL%=0.30% (XRP_2026_03_01_13_45_50), 49 positions
2026-03-25T04:08:16.757Z OK: min DP%-PnL%=0.30% (XRP_2026_03_01_13_45_50), 49 positions
2026-03-25T04:10:16.776Z OK: min DP%-PnL%=0.30% (XRP_2026_03_01_13_45_50), 49 positions
2026-03-25T04:12:15.904Z OK: min DP%-PnL%=0.30% (XRP_2026_03_01_13_45_50), 49 positions
2026-03-25T04:14:16.417Z OK: min DP%-PnL%=0.30% (XRP_2026_03_01_13_45_50), 49 positions
2026-03-25T04:16:16.632Z OK: min DP%-PnL%=0.30% (XRP_2026_03_01_13_45_50), 49 positions
2026-03-25T04:18:16.644Z OK: min DP%-PnL%=0.30% (XRP_2026_03_01_13_45_50), 49 positions
2026-03-25T04:20:16.140Z OK: min DP%-PnL%=0.30% (XRP_2026_03_01_13_45_50), 49 positions
2026-03-25T04:22:16.669Z OK: min DP%-PnL%=0.30% (XRP_2026_03_01_13_45_50), 49 positions
2026-03-25T04:24:16.166Z OK: min DP%-PnL%=0.30% (XRP_2026_03_01_13_45_50), 49 positions
2026-03-25T04:26:16.697Z OK: min DP%-PnL%=0.30% (XRP_2026_03_01_13_45_50), 49 positions
2026-03-25T04:28:17.937Z OK: min DP%-PnL%=0.30% (XRP_2026_03_01_13_45_50), 49 positions
2026-03-25T04:30:17.034Z OK: min DP%-PnL%=0.30% (XRP_2026_03_01_13_45_50), 49 positions
2026-03-25T04:32:17.458Z OK: min DP%-PnL%=0.30% (XRP_2026_03_01_13_45_50), 49 positions
2026-03-25T04:34:16.249Z OK: min DP%-PnL%=0.30% (XRP_2026_03_01_13_45_50), 49 positions
2026-03-25T04:36:16.775Z OK: min DP%-PnL%=0.30% (XRP_2026_03_01_13_45_50), 49 positions
2026-03-25T04:38:16.896Z OK: min DP%-PnL%=0.30% (XRP_2026_03_01_13_45_50), 49 positions
2026-03-25T04:40:16.500Z OK: min DP%-PnL%=0.30% (XRP_2026_03_01_13_45_50), 49 positions
2026-03-25T04:42:16.558Z OK: min DP%-PnL%=0.30% (XRP_2026_03_01_13_45_50), 49 positions
2026-03-25T04:44:16.435Z OK: min DP%-PnL%=0.30% (XRP_2026_03_01_13_45_50), 49 positions
2026-03-25T04:46:17.065Z OK: min DP%-PnL%=0.30% (XRP_2026_03_01_13_45_50), 49 positions
2026-03-25T04:48:16.368Z OK: min DP%-PnL%=0.30% (XRP_2026_03_01_13_45_50), 49 positions
2026-03-25T04:50:18.230Z OK: min DP%-PnL%=0.30% (XRP_2026_03_01_13_45_50), 49 positions
2026-03-25T04:52:15.682Z OK: min DP%-PnL%=0.30% (XRP_2026_03_01_13_45_50), 49 positions
2026-03-25T04:54:16.198Z OK: min DP%-PnL%=0.30% (XRP_2026_03_01_13_45_50), 49 positions
2026-03-25T04:56:16.923Z OK: min DP%-PnL%=0.30% (XRP_2026_03_01_13_45_50), 49 positions
2026-03-25T04:58:16.836Z OK: min DP%-PnL%=0.30% (XRP_2026_03_01_13_45_50), 49 positions
2026-03-25T05:00:16.547Z OK: min DP%-PnL%=0.30% (XRP_2026_03_01_13_45_50), 49 positions
2026-03-25T05:02:16.353Z OK: min DP%-PnL%=0.30% (XRP_2026_03_01_13_45_50), 49 positions
2026-03-25T05:04:16.266Z OK: min DP%-PnL%=0.30% (XRP_2026_03_01_13_45_50), 49 positions
2026-03-25T05:06:16.792Z OK: min DP%-PnL%=0.30% (XRP_2026_03_01_13_45_50), 49 positions
2026-03-25T05:08:16.191Z OK: min DP%-PnL%=0.30% (XRP_2026_03_01_13_45_50), 49 positions
2026-03-25T05:10:16.309Z OK: min DP%-PnL%=0.30% (XRP_2026_03_01_13_45_50), 49 positions
2026-03-25T05:12:16.835Z OK: min DP%-PnL%=0.30% (XRP_2026_03_01_13_45_50), 49 positions
2026-03-25T05:14:16.854Z OK: min DP%-PnL%=0.30% (XRP_2026_03_01_13_45_50), 49 positions
2026-03-25T05:16:16.881Z OK: min DP%-PnL%=0.30% (XRP_2026_03_01_13_45_50), 49 positions
2026-03-25T05:18:16.371Z OK: min DP%-PnL%=0.30% (XRP_2026_03_01_13_45_50), 49 positions
2026-03-25T05:20:17.004Z OK: min DP%-PnL%=0.30% (XRP_2026_03_01_13_45_50), 49 positions
2026-03-25T05:22:16.100Z OK: min DP%-PnL%=0.30% (XRP_2026_03_01_13_45_50), 49 positions
2026-03-25T05:24:17.089Z OK: min DP%-PnL%=0.30% (XRP_2026_03_01_13_45_50), 49 positions
2026-03-25T05:26:17.763Z OK: min DP%-PnL%=0.30% (XRP_2026_03_01_13_45_50), 49 positions
2026-03-25T05:28:16.784Z OK: min DP%-PnL%=0.30% (XRP_2026_03_01_13_45_50), 49 positions
2026-03-25T05:30:16.353Z OK: min DP%-PnL%=0.30% (XRP_2026_03_01_13_45_50), 49 positions
2026-03-25T05:32:16.982Z OK: min DP%-PnL%=0.30% (XRP_2026_03_01_13_45_50), 49 positions
2026-03-25T05:34:17.614Z OK: min DP%-PnL%=0.30% (XRP_2026_03_01_13_45_50), 49 positions
2026-03-25T05:36:17.111Z OK: min DP%-PnL%=0.30% (XRP_2026_03_01_13_45_50), 49 positions
2026-03-25T05:38:16.814Z OK: min DP%-PnL%=0.30% (XRP_2026_03_01_13_45_50), 49 positions
2026-03-25T05:40:16.529Z OK: min DP%-PnL%=0.30% (XRP_2026_03_01_13_45_50), 49 positions
2026-03-25T05:42:16.847Z OK: min DP%-PnL%=0.30% (XRP_2026_03_01_13_45_50), 49 positions
2026-03-25T05:44:16.861Z OK: min DP%-PnL%=0.30% (XRP_2026_03_01_13_45_50), 49 positions
2026-03-25T05:46:16.471Z OK: min DP%-PnL%=0.30% (XRP_2026_03_01_13_45_50), 49 positions
2026-03-25T05:48:17.619Z OK: min DP%-PnL%=0.30% (XRP_2026_03_01_13_45_50), 49 positions
2026-03-25T05:50:17.938Z OK: min DP%-PnL%=0.30% (XRP_2026_03_01_13_45_50), 49 positions
2026-03-25T05:52:15.877Z OK: min DP%-PnL%=0.30% (XRP_2026_03_01_13_45_50), 49 positions
2026-03-25T05:54:16.941Z OK: min DP%-PnL%=0.30% (XRP_2026_03_01_13_45_50), 49 positions
2026-03-25T05:56:16.747Z OK: min DP%-PnL%=0.30% (XRP_2026_03_01_13_45_50), 49 positions
2026-03-25T05:58:16.973Z OK: min DP%-PnL%=0.30% (XRP_2026_03_01_13_45_50), 49 positions
2026-03-25T06:00:17.192Z OK: min DP%-PnL%=0.30% (XRP_2026_03_01_13_45_50), 49 positions
2026-03-25T06:02:16.376Z OK: min DP%-PnL%=0.30% (XRP_2026_03_01_13_45_50), 49 positions
2026-03-25T06:04:16.601Z OK: min DP%-PnL%=0.30% (XRP_2026_03_01_13_45_50), 49 positions
2026-03-25T06:06:16.097Z OK: min DP%-PnL%=0.30% (XRP_2026_03_01_13_45_50), 49 positions
2026-03-25T06:08:16.212Z OK: min DP%-PnL%=0.30% (XRP_2026_03_01_13_45_50), 49 positions
2026-03-25T06:10:16.955Z OK: min DP%-PnL%=0.30% (XRP_2026_03_01_13_45_50), 49 positions
2026-03-25T06:12:16.342Z OK: min DP%-PnL%=0.30% (XRP_2026_03_01_13_45_50), 49 positions
2026-03-25T06:14:16.723Z OK: min DP%-PnL%=0.30% (XRP_2026_03_01_13_45_50), 49 positions
2026-03-25T06:16:16.263Z OK: min DP%-PnL%=0.30% (XRP_2026_03_01_13_45_50), 49 positions
2026-03-25T06:18:17.302Z OK: min DP%-PnL%=0.30% (XRP_2026_03_01_13_45_50), 49 positions
2026-03-25T06:20:16.906Z OK: min DP%-PnL%=0.30% (XRP_2026_03_01_13_45_50), 49 positions
2026-03-25T06:22:16.207Z OK: min DP%-PnL%=0.30% (XRP_2026_03_01_13_45_50), 49 positions
2026-03-25T06:24:16.220Z OK: min DP%-PnL%=0.30% (XRP_2026_03_01_13_45_50), 49 positions
2026-03-25T06:26:15.727Z OK: min DP%-PnL%=0.30% (XRP_2026_03_01_13_45_50), 49 positions
2026-03-25T06:28:15.741Z OK: min DP%-PnL%=0.30% (XRP_2026_03_01_13_45_50), 49 positions
2026-03-25T06:30:17.597Z OK: min DP%-PnL%=0.30% (XRP_2026_03_01_13_45_50), 49 positions
2026-03-25T06:32:16.695Z OK: min DP%-PnL%=0.30% (XRP_2026_03_01_13_45_50), 49 positions
2026-03-25T06:34:16.798Z OK: min DP%-PnL%=0.30% (XRP_2026_03_01_13_45_50), 49 positions
2026-03-25T06:36:17.211Z OK: min DP%-PnL%=0.30% (XRP_2026_03_01_13_45_50), 49 positions
2026-03-25T06:38:17.010Z OK: min DP%-PnL%=0.20% (XRP_2026_03_01_13_41_59), 49 positions
2026-03-25T06:40:17.428Z OK: min DP%-PnL%=0.20% (XRP_2026_03_01_13_41_59), 49 positions
2026-03-25T06:42:17.232Z OK: min DP%-PnL%=0.20% (XRP_2026_03_01_13_41_59), 49 positions
2026-03-25T06:44:16.424Z OK: min DP%-PnL%=0.20% (XRP_2026_03_01_13_41_59), 49 positions
2026-03-25T06:46:17.463Z OK: min DP%-PnL%=0.20% (XRP_2026_03_01_13_41_59), 49 positions
2026-03-25T06:48:16.345Z OK: min DP%-PnL%=0.20% (XRP_2026_03_01_13_41_59), 49 positions
2026-03-25T06:50:16.760Z OK: min DP%-PnL%=0.20% (XRP_2026_03_01_13_41_59), 49 positions
2026-03-25T06:52:15.915Z OK: min DP%-PnL%=0.20% (XRP_2026_03_01_13_41_59), 49 positions
2026-03-25T06:54:17.297Z OK: min DP%-PnL%=0.20% (XRP_2026_03_01_13_41_59), 49 positions
2026-03-25T06:56:17.453Z OK: min DP%-PnL%=0.20% (XRP_2026_03_01_13_41_59), 49 positions
2026-03-25T06:58:17.020Z OK: min DP%-PnL%=0.20% (XRP_2026_03_01_13_41_59), 49 positions
2026-03-25T07:00:16.935Z OK: min DP%-PnL%=0.20% (XRP_2026_03_01_13_41_59), 49 positions
2026-03-25T07:02:17.145Z OK: min DP%-PnL%=0.20% (XRP_2026_03_01_13_41_59), 49 positions
2026-03-25T07:04:16.952Z OK: min DP%-PnL%=0.20% (XRP_2026_03_01_13_41_59), 49 positions
2026-03-25T07:06:16.963Z OK: min DP%-PnL%=0.20% (XRP_2026_03_01_13_41_59), 49 positions
2026-03-25T07:08:16.890Z OK: min DP%-PnL%=0.20% (XRP_2026_03_01_13_41_59), 49 positions
2026-03-25T07:10:16.000Z OK: min DP%-PnL%=0.20% (XRP_2026_03_01_13_41_59), 49 positions
2026-03-25T07:12:17.257Z OK: min DP%-PnL%=0.20% (XRP_2026_03_01_13_41_59), 49 positions
2026-03-25T07:14:16.472Z OK: min DP%-PnL%=0.20% (XRP_2026_03_01_13_41_59), 49 positions
2026-03-25T07:16:16.086Z OK: min DP%-PnL%=0.20% (XRP_2026_03_01_13_41_59), 49 positions
2026-03-25T07:18:16.825Z OK: min DP%-PnL%=0.20% (XRP_2026_03_01_13_41_59), 49 positions
2026-03-25T07:20:16.647Z OK: min DP%-PnL%=0.20% (XRP_2026_03_01_13_41_59), 49 positions
2026-03-25T07:22:16.782Z OK: min DP%-PnL%=0.20% (XRP_2026_03_01_13_41_59), 49 positions
2026-03-25T07:24:16.894Z OK: min DP%-PnL%=0.20% (XRP_2026_03_01_13_41_59), 49 positions
2026-03-25T07:26:16.906Z OK: min DP%-PnL%=0.20% (XRP_2026_03_01_13_41_59), 49 positions
2026-03-25T07:28:17.646Z OK: min DP%-PnL%=0.20% (XRP_2026_03_01_13_41_59), 49 positions
2026-03-25T07:30:17.252Z OK: min DP%-PnL%=0.20% (XRP_2026_03_01_13_41_59), 49 positions
2026-03-25T07:32:16.047Z OK: min DP%-PnL%=0.20% (XRP_2026_03_01_13_41_59), 49 positions
2026-03-25T07:34:17.288Z OK: min DP%-PnL%=0.20% (XRP_2026_03_01_13_41_59), 49 positions
2026-03-25T07:36:16.901Z OK: min DP%-PnL%=0.20% (XRP_2026_03_01_13_41_59), 49 positions
2026-03-25T07:38:15.784Z OK: min DP%-PnL%=0.20% (XRP_2026_03_01_13_41_59), 49 positions
2026-03-25T07:40:16.823Z OK: min DP%-PnL%=0.20% (XRP_2026_03_01_13_41_59), 49 positions
2026-03-25T07:42:17.561Z OK: min DP%-PnL%=0.20% (XRP_2026_03_01_13_41_59), 49 positions
2026-03-25T07:44:16.751Z OK: min DP%-PnL%=0.20% (XRP_2026_03_01_13_41_59), 49 positions
2026-03-25T07:46:16.559Z OK: min DP%-PnL%=0.20% (XRP_2026_03_01_13_41_59), 49 positions
2026-03-25T07:48:15.756Z OK: min DP%-PnL%=0.20% (XRP_2026_03_01_13_41_59), 49 positions
2026-03-25T07:50:15.873Z OK: min DP%-PnL%=0.20% (XRP_2026_03_01_13_41_59), 49 positions
2026-03-25T07:52:15.842Z OK: min DP%-PnL%=0.20% (XRP_2026_03_01_13_41_59), 49 positions
2026-03-25T07:54:16.513Z OK: min DP%-PnL%=0.20% (XRP_2026_03_01_13_41_59), 49 positions
2026-03-25T07:56:16.426Z OK: min DP%-PnL%=0.20% (XRP_2026_03_01_13_41_59), 49 positions
2026-03-25T07:58:16.747Z OK: min DP%-PnL%=0.20% (XRP_2026_03_01_13_41_59), 49 positions
2026-03-25T08:00:17.477Z OK: min DP%-PnL%=0.20% (XRP_2026_03_01_13_41_59), 49 positions
2026-03-25T08:02:16.375Z OK: min DP%-PnL%=0.20% (XRP_2026_03_01_13_41_59), 49 positions
2026-03-25T08:04:17.510Z OK: min DP%-PnL%=0.20% (XRP_2026_03_01_13_41_59), 49 positions
2026-03-25T08:06:15.896Z OK: min DP%-PnL%=0.20% (XRP_2026_03_01_13_41_59), 49 positions
2026-03-25T08:08:15.594Z OK: min DP%-PnL%=0.20% (XRP_2026_03_01_13_41_59), 49 positions
2026-03-25T08:10:16.737Z OK: min DP%-PnL%=0.20% (XRP_2026_03_01_13_41_59), 49 positions
2026-03-25T08:12:16.651Z OK: min DP%-PnL%=0.20% (XRP_2026_03_01_13_41_59), 49 positions
2026-03-25T08:14:16.871Z OK: min DP%-PnL%=0.20% (XRP_2026_03_01_13_41_59), 49 positions
2026-03-25T08:16:16.683Z OK: min DP%-PnL%=0.20% (XRP_2026_03_01_13_41_59), 49 positions
2026-03-25T08:18:16.599Z OK: min DP%-PnL%=0.20% (XRP_2026_03_01_13_41_59), 49 positions
2026-03-25T08:20:17.537Z OK: min DP%-PnL%=0.20% (XRP_2026_03_01_13_41_59), 49 positions
2026-03-25T08:22:17.245Z OK: min DP%-PnL%=0.20% (XRP_2026_03_01_13_41_59), 49 positions
2026-03-25T08:24:16.239Z OK: min DP%-PnL%=0.20% (XRP_2026_03_01_13_41_59), 49 positions
2026-03-25T08:26:16.357Z OK: min DP%-PnL%=0.20% (XRP_2026_03_01_13_41_59), 49 positions
2026-03-25T08:28:16.681Z OK: min DP%-PnL%=0.20% (XRP_2026_03_01_13_41_59), 49 positions
2026-03-25T08:30:16.186Z OK: min DP%-PnL%=0.20% (XRP_2026_03_01_13_41_59), 49 positions
2026-03-25T08:32:16.718Z OK: min DP%-PnL%=0.20% (XRP_2026_03_01_13_41_59), 49 positions
2026-03-25T08:34:16.627Z OK: min DP%-PnL%=0.20% (XRP_2026_03_01_13_41_59), 49 positions
2026-03-25T08:36:16.236Z OK: min DP%-PnL%=0.20% (XRP_2026_03_01_13_41_59), 49 positions
2026-03-25T08:38:18.197Z OK: min DP%-PnL%=0.20% (XRP_2026_03_01_13_41_59), 49 positions
2026-03-25T08:40:16.168Z OK: min DP%-PnL%=0.20% (XRP_2026_03_01_13_41_59), 49 positions
2026-03-25T08:42:16.590Z OK: min DP%-PnL%=0.20% (XRP_2026_03_01_13_41_59), 49 positions
2026-03-25T08:44:16.708Z OK: min DP%-PnL%=0.20% (XRP_2026_03_01_13_41_59), 49 positions
2026-03-25T08:46:17.093Z OK: min DP%-PnL%=0.20% (XRP_2026_03_01_13_41_59), 49 positions
2026-03-25T08:48:16.738Z OK: min DP%-PnL%=0.20% (XRP_2026_03_01_13_41_59), 49 positions
2026-03-25T08:50:16.311Z OK: min DP%-PnL%=0.20% (XRP_2026_03_01_13_41_59), 49 positions
2026-03-25T08:52:16.259Z OK: min DP%-PnL%=0.20% (XRP_2026_03_01_13_41_59), 49 positions
2026-03-25T08:54:16.775Z OK: min DP%-PnL%=0.20% (XRP_2026_03_01_13_41_59), 49 positions
2026-03-25T08:56:16.454Z OK: min DP%-PnL%=0.20% (XRP_2026_03_01_13_41_59), 49 positions
2026-03-25T08:58:16.388Z OK: min DP%-PnL%=0.20% (XRP_2026_03_01_13_41_59), 49 positions
2026-03-25T09:00:16.606Z OK: min DP%-PnL%=0.20% (XRP_2026_03_01_13_41_59), 49 positions
2026-03-25T09:02:16.622Z OK: min DP%-PnL%=0.20% (XRP_2026_03_01_13_41_59), 49 positions
2026-03-25T09:04:15.642Z OK: min DP%-PnL%=0.20% (XRP_2026_03_01_13_41_59), 49 positions
2026-03-25T09:06:17.266Z OK: min DP%-PnL%=0.20% (XRP_2026_03_01_13_41_59), 49 positions
2026-03-25T09:08:17.174Z OK: min DP%-PnL%=0.20% (XRP_2026_03_01_13_41_59), 49 positions
2026-03-25T09:10:16.879Z OK: min DP%-PnL%=0.20% (XRP_2026_03_01_13_41_59), 49 positions
2026-03-25T09:12:16.491Z OK: min DP%-PnL%=0.20% (XRP_2026_03_01_13_41_59), 49 positions
2026-03-25T09:14:16.088Z OK: min DP%-PnL%=0.20% (XRP_2026_03_01_13_41_59), 49 positions
2026-03-25T09:16:16.417Z OK: min DP%-PnL%=0.20% (XRP_2026_03_01_13_41_59), 49 positions
2026-03-25T09:18:16.122Z OK: min DP%-PnL%=0.20% (XRP_2026_03_01_13_41_59), 49 positions
2026-03-25T09:20:16.137Z OK: min DP%-PnL%=0.20% (XRP_2026_03_01_13_41_59), 49 positions
2026-03-25T09:22:16.868Z OK: min DP%-PnL%=0.20% (XRP_2026_03_01_13_41_59), 49 positions
2026-03-25T09:24:16.268Z OK: min DP%-PnL%=0.20% (XRP_2026_03_01_13_41_59), 49 positions
2026-03-25T09:26:17.000Z OK: min DP%-PnL%=0.20% (XRP_2026_03_01_13_41_59), 49 positions
2026-03-25T09:28:16.799Z OK: min DP%-PnL%=0.20% (XRP_2026_03_01_13_41_59), 49 positions
2026-03-25T09:30:17.426Z OK: min DP%-PnL%=0.20% (XRP_2026_03_01_13_41_59), 49 positions
2026-03-25T09:32:16.101Z OK: min DP%-PnL%=0.20% (XRP_2026_03_01_13_41_59), 49 positions
2026-03-25T09:34:16.628Z OK: min DP%-PnL%=0.20% (XRP_2026_03_01_13_41_59), 49 positions
2026-03-25T09:36:16.034Z OK: min DP%-PnL%=0.20% (XRP_2026_03_01_13_41_59), 49 positions
2026-03-25T09:38:16.243Z OK: min DP%-PnL%=0.20% (XRP_2026_03_01_13_41_59), 49 positions
2026-03-25T09:40:16.915Z OK: min DP%-PnL%=0.20% (XRP_2026_03_01_13_41_59), 49 positions
2026-03-25T09:42:16.679Z OK: min DP%-PnL%=0.20% (XRP_2026_03_01_13_41_59), 49 positions
2026-03-25T09:44:16.280Z OK: min DP%-PnL%=0.20% (XRP_2026_03_01_13_41_59), 49 positions
2026-03-25T09:46:16.196Z OK: min DP%-PnL%=0.20% (XRP_2026_03_01_13_41_59), 49 positions
2026-03-25T09:48:16.722Z OK: min DP%-PnL%=0.20% (XRP_2026_03_01_13_41_59), 49 positions
2026-03-25T09:50:16.956Z OK: min DP%-PnL%=0.20% (XRP_2026_03_01_13_41_59), 49 positions
2026-03-25T09:52:15.725Z OK: min DP%-PnL%=0.20% (XRP_2026_03_01_13_41_59), 49 positions
2026-03-25T09:54:16.459Z OK: min DP%-PnL%=0.20% (XRP_2026_03_01_13_41_59), 49 positions
2026-03-25T09:56:16.678Z OK: min DP%-PnL%=0.20% (XRP_2026_03_01_13_41_59), 49 positions
2026-03-25T09:58:16.078Z OK: min DP%-PnL%=0.20% (XRP_2026_03_01_13_41_59), 49 positions
2026-03-25T10:00:16.101Z OK: min DP%-PnL%=0.20% (XRP_2026_03_01_13_41_59), 49 positions
2026-03-25T10:02:16.432Z OK: min DP%-PnL%=0.20% (XRP_2026_03_01_13_41_59), 49 positions
2026-03-25T10:04:17.578Z OK: min DP%-PnL%=0.20% (XRP_2026_03_01_13_41_59), 49 positions
2026-03-25T10:06:16.369Z OK: min DP%-PnL%=0.30% (XRP_2026_03_01_13_45_50), 49 positions
2026-03-25T10:08:17.818Z OK: min DP%-PnL%=0.30% (XRP_2026_03_01_13_45_50), 49 positions
2026-03-25T10:10:16.922Z OK: min DP%-PnL%=0.30% (XRP_2026_03_01_13_45_50), 49 positions
2026-03-25T10:12:17.349Z OK: min DP%-PnL%=0.30% (XRP_2026_03_01_13_45_50), 49 positions
2026-03-25T10:14:17.255Z OK: min DP%-PnL%=0.30% (XRP_2026_03_01_13_45_50), 49 positions
2026-03-25T10:16:17.477Z OK: min DP%-PnL%=0.30% (XRP_2026_03_01_13_45_50), 49 positions
2026-03-25T10:18:16.571Z OK: min DP%-PnL%=0.30% (XRP_2026_03_01_13_45_50), 49 positions
2026-03-25T10:20:17.167Z OK: min DP%-PnL%=0.30% (XRP_2026_03_01_13_45_50), 49 positions
2026-03-25T10:22:16.300Z OK: min DP%-PnL%=0.30% (XRP_2026_03_01_13_45_50), 49 positions
2026-03-25T10:24:17.134Z OK: min DP%-PnL%=0.30% (XRP_2026_03_01_13_45_50), 49 positions
2026-03-25T10:26:18.078Z OK: min DP%-PnL%=0.30% (XRP_2026_03_01_13_45_50), 49 positions
2026-03-25T10:28:16.550Z OK: min DP%-PnL%=0.30% (XRP_2026_03_01_13_45_50), 49 positions
2026-03-25T10:30:16.771Z OK: min DP%-PnL%=0.30% (XRP_2026_03_01_13_45_50), 49 positions
2026-03-25T10:32:16.889Z OK: min DP%-PnL%=0.30% (XRP_2026_03_01_13_45_50), 49 positions
2026-03-25T10:34:16.908Z OK: min DP%-PnL%=0.30% (XRP_2026_03_01_13_45_50), 49 positions
2026-03-25T10:36:16.613Z OK: min DP%-PnL%=0.30% (XRP_2026_03_01_13_45_50), 49 positions
2026-03-25T10:38:17.044Z OK: min DP%-PnL%=0.30% (XRP_2026_03_01_13_45_50), 49 positions
2026-03-25T10:40:17.357Z OK: min DP%-PnL%=0.30% (XRP_2026_03_01_13_45_50), 49 positions
2026-03-25T10:42:15.634Z OK: min DP%-PnL%=0.30% (XRP_2026_03_01_13_45_50), 49 positions
2026-03-25T10:44:16.672Z OK: min DP%-PnL%=0.30% (XRP_2026_03_01_13_45_50), 49 positions
2026-03-25T10:46:16.578Z OK: min DP%-PnL%=0.30% (XRP_2026_03_01_13_45_50), 49 positions
2026-03-25T10:48:16.871Z OK: min DP%-PnL%=0.30% (XRP_2026_03_01_13_45_50), 49 positions
2026-03-25T10:50:16.818Z OK: min DP%-PnL%=0.30% (XRP_2026_03_01_13_45_50), 49 positions
2026-03-25T10:52:16.524Z OK: min DP%-PnL%=0.30% (XRP_2026_03_01_13_45_50), 49 positions
2026-03-25T10:54:16.544Z OK: min DP%-PnL%=0.30% (XRP_2026_03_01_13_45_50), 49 positions
2026-03-25T10:56:15.948Z OK: min DP%-PnL%=0.30% (XRP_2026_03_01_13_45_50), 49 positions
2026-03-25T10:58:16.880Z OK: min DP%-PnL%=0.30% (XRP_2026_03_01_13_45_50), 49 positions
2026-03-25T11:00:17.716Z OK: min DP%-PnL%=0.30% (XRP_2026_03_01_13_45_50), 49 positions
2026-03-25T11:02:15.684Z OK: min DP%-PnL%=0.30% (XRP_2026_03_01_13_45_50), 49 positions
2026-03-25T11:04:15.905Z OK: min DP%-PnL%=0.30% (XRP_2026_03_01_13_45_50), 49 positions
2026-03-25T11:06:16.533Z OK: min DP%-PnL%=0.30% (XRP_2026_03_01_13_45_50), 49 positions
2026-03-25T11:08:17.065Z OK: min DP%-PnL%=0.30% (XRP_2026_03_01_13_45_50), 49 positions
2026-03-25T11:10:16.870Z OK: min DP%-PnL%=0.30% (XRP_2026_03_01_13_45_50), 49 positions
2026-03-25T11:12:17.092Z OK: min DP%-PnL%=0.30% (XRP_2026_03_01_13_45_50), 49 positions
2026-03-25T11:14:16.386Z OK: min DP%-PnL%=0.30% (XRP_2026_03_01_13_45_50), 49 positions
2026-03-25T11:16:17.119Z OK: min DP%-PnL%=0.30% (XRP_2026_03_01_13_45_50), 49 positions
2026-03-25T11:18:17.136Z OK: min DP%-PnL%=0.30% (XRP_2026_03_01_13_45_50), 49 positions
2026-03-25T11:20:15.718Z OK: min DP%-PnL%=0.30% (XRP_2026_03_01_13_45_50), 49 positions
2026-03-25T11:22:17.578Z OK: min DP%-PnL%=0.30% (XRP_2026_03_01_13_45_50), 49 positions
2026-03-25T11:24:17.284Z OK: min DP%-PnL%=0.30% (XRP_2026_03_01_13_45_50), 49 positions
2026-03-25T11:26:16.519Z OK: min DP%-PnL%=0.30% (XRP_2026_03_01_13_45_50), 49 positions
2026-03-25T11:28:16.192Z OK: min DP%-PnL%=0.30% (XRP_2026_03_01_13_45_50), 49 positions
2026-03-25T11:30:17.032Z OK: min DP%-PnL%=0.30% (XRP_2026_03_01_13_45_50), 49 positions
2026-03-25T11:32:17.140Z OK: min DP%-PnL%=0.30% (XRP_2026_03_01_13_45_50), 49 positions
2026-03-25T11:34:16.746Z OK: min DP%-PnL%=0.30% (XRP_2026_03_01_13_45_50), 49 positions
2026-03-25T11:36:17.075Z OK: min DP%-PnL%=0.30% (XRP_2026_03_01_13_45_50), 49 positions
2026-03-25T11:38:16.373Z OK: min DP%-PnL%=0.30% (XRP_2026_03_01_13_45_50), 49 positions
2026-03-25T11:40:16.178Z OK: min DP%-PnL%=0.30% (XRP_2026_03_01_13_45_50), 49 positions
2026-03-25T11:42:16.097Z OK: min DP%-PnL%=0.30% (XRP_2026_03_01_13_45_50), 49 positions
2026-03-25T11:44:15.501Z OK: min DP%-PnL%=0.30% (XRP_2026_03_01_13_45_50), 49 positions
2026-03-25T11:46:16.630Z OK: min DP%-PnL%=0.30% (XRP_2026_03_01_13_45_50), 49 positions
2026-03-25T11:48:18.180Z OK: min DP%-PnL%=0.30% (XRP_2026_03_01_13_45_50), 49 positions
2026-03-25T11:50:16.485Z OK: min DP%-PnL%=0.30% (XRP_2026_03_01_13_45_50), 49 positions
2026-03-25T11:52:16.673Z OK: min DP%-PnL%=0.30% (XRP_2026_03_01_13_45_50), 49 positions
2026-03-25T11:54:17.611Z OK: min DP%-PnL%=0.30% (XRP_2026_03_01_13_45_50), 49 positions
2026-03-25T11:56:17.217Z OK: min DP%-PnL%=0.30% (XRP_2026_03_01_13_45_50), 49 positions
2026-03-25T11:58:16.413Z OK: min DP%-PnL%=0.30% (XRP_2026_03_01_13_45_50), 49 positions
2026-03-25T12:00:17.452Z OK: min DP%-PnL%=0.30% (XRP_2026_03_01_13_45_50), 49 positions
2026-03-25T12:02:17.671Z OK: min DP%-PnL%=0.30% (XRP_2026_03_01_13_45_50), 49 positions
2026-03-25T12:04:15.950Z OK: min DP%-PnL%=0.30% (XRP_2026_03_01_13_45_50), 49 positions
2026-03-25T12:06:28.016Z OK: min DP%-PnL%=0.30% (XRP_2026_03_01_13_45_50), 49 positions
2026-03-25T12:08:16.590Z OK: min DP%-PnL%=0.30% (XRP_2026_03_01_13_45_50), 49 positions
2026-03-25T12:10:16.911Z OK: min DP%-PnL%=0.30% (XRP_2026_03_01_13_45_50), 49 positions
2026-03-25T12:12:17.237Z OK: min DP%-PnL%=0.30% (XRP_2026_03_01_13_45_50), 49 positions
2026-03-25T12:14:15.512Z OK: min DP%-PnL%=0.30% (XRP_2026_03_01_13_45_50), 49 positions
2026-03-25T12:16:16.546Z OK: min DP%-PnL%=0.30% (XRP_2026_03_01_13_45_50), 49 positions
2026-03-25T12:18:16.977Z OK: min DP%-PnL%=0.30% (XRP_2026_03_01_13_45_50), 49 positions
2026-03-25T12:20:15.964Z OK: min DP%-PnL%=0.30% (XRP_2026_03_01_13_45_50), 49 positions
2026-03-25T12:22:17.226Z OK: min DP%-PnL%=0.30% (XRP_2026_03_01_13_45_50), 49 positions
2026-03-25T12:24:16.507Z OK: min DP%-PnL%=0.30% (XRP_2026_03_01_13_45_50), 49 positions
2026-03-25T12:26:16.315Z OK: min DP%-PnL%=0.30% (XRP_2026_03_01_13_45_50), 49 positions
2026-03-25T12:28:17.152Z OK: min DP%-PnL%=0.30% (XRP_2026_03_01_13_45_50), 49 positions
2026-03-25T12:30:16.052Z OK: min DP%-PnL%=0.30% (XRP_2026_03_01_13_45_50), 49 positions
2026-03-25T12:32:15.983Z OK: min DP%-PnL%=0.30% (XRP_2026_03_01_13_45_50), 49 positions
2026-03-25T12:34:16.275Z OK: min DP%-PnL%=0.30% (XRP_2026_03_01_13_45_50), 49 positions
2026-03-25T12:36:17.520Z OK: min DP%-PnL%=0.30% (XRP_2026_03_01_13_45_50), 49 positions
2026-03-25T12:38:15.794Z OK: min DP%-PnL%=0.30% (XRP_2026_03_01_13_45_50), 49 positions
2026-03-25T12:40:15.829Z OK: min DP%-PnL%=0.30% (XRP_2026_03_01_13_45_50), 49 positions
2026-03-25T12:42:16.848Z OK: min DP%-PnL%=0.30% (XRP_2026_03_01_13_45_50), 49 positions
2026-03-25T12:44:16.555Z OK: min DP%-PnL%=0.30% (XRP_2026_03_01_13_45_50), 49 positions
2026-03-25T12:46:16.071Z OK: min DP%-PnL%=0.30% (XRP_2026_03_01_13_45_50), 49 positions
2026-03-25T12:48:16.305Z OK: min DP%-PnL%=0.30% (XRP_2026_03_01_13_45_50), 49 positions
2026-03-25T12:50:16.863Z OK: min DP%-PnL%=0.30% (XRP_2026_03_01_13_45_50), 49 positions
2026-03-25T12:52:16.268Z OK: min DP%-PnL%=0.30% (XRP_2026_03_01_13_45_50), 49 positions
2026-03-25T12:54:17.758Z ALERT: XRP_2026_03_25_12_52_18 DP%-PnL%=-44.40%
2026-03-25T12:56:16.442Z OK: min DP%-PnL%=0.30% (XRP_2026_03_01_13_45_50), 49 positions
2026-03-25T12:58:17.236Z OK: min DP%-PnL%=0.30% (XRP_2026_03_01_13_45_50), 49 positions
2026-03-25T13:00:17.123Z OK: min DP%-PnL%=0.30% (XRP_2026_03_01_13_45_50), 49 positions
2026-03-25T13:02:16.796Z OK: min DP%-PnL%=0.30% (XRP_2026_03_01_13_45_50), 49 positions
2026-03-25T13:04:16.197Z OK: min DP%-PnL%=0.30% (XRP_2026_03_01_13_45_50), 49 positions
2026-03-25T13:06:17.441Z OK: min DP%-PnL%=0.30% (XRP_2026_03_01_13_45_50), 49 positions
2026-03-25T13:08:16.430Z OK: min DP%-PnL%=0.30% (XRP_2026_03_01_13_45_50), 49 positions
2026-03-25T13:10:16.346Z OK: min DP%-PnL%=0.30% (XRP_2026_03_01_13_45_50), 49 positions
2026-03-25T13:12:16.022Z OK: min DP%-PnL%=0.30% (XRP_2026_03_01_13_45_50), 49 positions
2026-03-25T13:14:17.199Z OK: min DP%-PnL%=0.30% (XRP_2026_03_01_13_45_50), 49 positions
2026-03-25T13:16:16.902Z OK: min DP%-PnL%=0.30% (XRP_2026_03_01_13_45_50), 49 positions
2026-03-25T13:18:17.023Z OK: min DP%-PnL%=0.30% (XRP_2026_03_01_13_45_50), 49 positions
2026-03-25T13:20:16.726Z OK: min DP%-PnL%=0.30% (XRP_2026_03_01_13_45_50), 49 positions
2026-03-25T13:22:16.092Z OK: min DP%-PnL%=0.30% (XRP_2026_03_01_13_45_50), 49 positions
2026-03-25T13:24:16.758Z OK: min DP%-PnL%=0.30% (XRP_2026_03_01_13_45_50), 49 positions
2026-03-25T13:26:16.836Z OK: min DP%-PnL%=0.30% (XRP_2026_03_01_13_45_50), 49 positions
2026-03-25T13:28:17.505Z OK: min DP%-PnL%=0.30% (XRP_2026_03_01_13_45_50), 49 positions
2026-03-25T13:30:17.729Z OK: min DP%-PnL%=0.30% (XRP_2026_03_01_13_45_50), 49 positions
2026-03-25T13:32:16.921Z OK: min DP%-PnL%=0.30% (XRP_2026_03_01_13_45_50), 49 positions
2026-03-25T13:34:17.346Z OK: min DP%-PnL%=0.30% (XRP_2026_03_01_13_45_50), 49 positions
2026-03-25T13:36:17.841Z OK: min DP%-PnL%=0.30% (XRP_2026_03_01_13_45_50), 49 positions
2026-03-25T13:38:16.757Z OK: min DP%-PnL%=0.30% (XRP_2026_03_01_13_45_50), 49 positions
2026-03-25T13:40:16.363Z OK: min DP%-PnL%=0.30% (XRP_2026_03_01_13_45_50), 49 positions
2026-03-25T13:42:16.995Z OK: min DP%-PnL%=0.30% (XRP_2026_03_01_13_45_50), 49 positions
2026-03-25T13:44:16.296Z OK: min DP%-PnL%=0.30% (XRP_2026_03_01_13_45_50), 49 positions
2026-03-25T13:46:16.004Z OK: min DP%-PnL%=0.30% (XRP_2026_03_01_13_45_50), 49 positions
2026-03-25T13:48:16.837Z OK: min DP%-PnL%=0.30% (XRP_2026_03_01_13_45_50), 49 positions
2026-03-25T13:50:17.260Z OK: min DP%-PnL%=0.30% (XRP_2026_03_01_13_45_50), 49 positions
2026-03-25T13:52:16.765Z OK: min DP%-PnL%=0.30% (XRP_2026_03_01_13_45_50), 49 positions
2026-03-25T13:54:16.781Z OK: min DP%-PnL%=0.30% (XRP_2026_03_01_13_45_50), 49 positions
2026-03-25T13:56:15.260Z OK: min DP%-PnL%=0.30% (XRP_2026_03_01_13_45_50), 49 positions
2026-03-25T13:58:16.401Z OK: min DP%-PnL%=0.30% (XRP_2026_03_01_13_45_50), 49 positions
2026-03-25T14:00:17.751Z OK: min DP%-PnL%=0.30% (XRP_2026_03_01_13_45_50), 49 positions
2026-03-25T14:02:16.944Z OK: min DP%-PnL%=0.30% (XRP_2026_03_01_13_45_50), 49 positions
2026-03-25T14:04:16.964Z OK: min DP%-PnL%=0.30% (XRP_2026_03_01_13_45_50), 49 positions
2026-03-25T14:06:16.870Z OK: min DP%-PnL%=0.30% (XRP_2026_03_01_13_45_50), 49 positions
2026-03-25T14:08:17.201Z OK: min DP%-PnL%=0.30% (XRP_2026_03_01_13_45_50), 49 positions
2026-03-25T14:10:17.313Z OK: min DP%-PnL%=0.30% (XRP_2026_03_01_13_45_50), 49 positions
2026-03-25T14:12:17.534Z OK: min DP%-PnL%=0.30% (XRP_2026_03_01_13_45_50), 49 positions
2026-03-25T14:14:16.730Z OK: min DP%-PnL%=0.30% (XRP_2026_03_01_13_45_50), 49 positions
2026-03-25T14:16:16.333Z OK: min DP%-PnL%=0.30% (XRP_2026_03_01_13_45_50), 49 positions
2026-03-25T14:18:17.783Z OK: min DP%-PnL%=0.30% (XRP_2026_03_01_13_45_50), 49 positions
2026-03-25T14:20:16.770Z OK: min DP%-PnL%=0.30% (XRP_2026_03_01_13_45_50), 49 positions
2026-03-25T14:22:17.712Z OK: min DP%-PnL%=0.30% (XRP_2026_03_01_13_45_50), 49 positions
2026-03-25T14:24:16.465Z OK: min DP%-PnL%=0.30% (XRP_2026_03_01_13_45_50), 49 positions
2026-03-25T14:26:17.138Z OK: min DP%-PnL%=0.30% (XRP_2026_03_01_13_45_50), 49 positions
2026-03-25T14:28:16.530Z OK: min DP%-PnL%=0.30% (XRP_2026_03_01_13_45_50), 49 positions
2026-03-25T14:30:16.749Z OK: min DP%-PnL%=0.30% (XRP_2026_03_01_13_45_50), 49 positions
2026-03-25T14:32:16.764Z OK: min DP%-PnL%=0.30% (XRP_2026_03_01_13_45_50), 49 positions
2026-03-25T14:34:17.091Z OK: min DP%-PnL%=0.30% (XRP_2026_03_01_13_45_50), 49 positions
2026-03-25T14:36:15.868Z OK: min DP%-PnL%=0.30% (XRP_2026_03_01_13_45_50), 49 positions
2026-03-25T14:38:17.418Z OK: min DP%-PnL%=0.30% (XRP_2026_03_01_13_45_50), 49 positions
2026-03-25T14:40:16.714Z ALERT: XRP_2026_03_25_14_39_18 DP%-PnL%=0.00%
2026-03-25T14:42:17.958Z ALERT: XRP_2026_03_25_14_39_18 DP%-PnL%=-54.88%
2026-03-25T14:44:16.537Z ALERT: XRP_2026_03_25_14_39_18 DP%-PnL%=-54.87%
2026-03-25T14:46:16.042Z ALERT: XRP_2026_03_25_14_39_18 DP%-PnL%=-54.87%
2026-03-25T14:48:17.090Z ALERT: XRP_2026_03_25_14_39_18 DP%-PnL%=-54.87%
2026-03-25T14:50:17.813Z ALERT: XRP_2026_03_25_14_39_18 DP%-PnL%=-54.87%
2026-03-25T14:52:16.803Z ALERT: XRP_2026_03_25_14_39_18 DP%-PnL%=-54.87%
2026-03-25T14:54:16.611Z ALERT: XRP_2026_03_25_14_39_18 DP%-PnL%=-54.87%
2026-03-25T14:56:16.221Z ALERT: XRP_2026_03_25_14_39_18 DP%-PnL%=-54.88%
2026-03-25T14:58:16.952Z ALERT: XRP_2026_03_25_14_39_18 DP%-PnL%=-54.88%
2026-03-25T15:00:17.182Z ALERT: XRP_2026_03_25_14_39_18 DP%-PnL%=-48.15%
2026-03-25T15:02:16.169Z ALERT: XRP_2026_03_25_14_39_18 DP%-PnL%=-48.15%
2026-03-25T15:04:17.104Z ALERT: XRP_2026_03_25_14_39_18 DP%-PnL%=-48.15%
2026-03-25T15:06:17.315Z ALERT: XRP_2026_03_25_14_39_18 DP%-PnL%=-48.15%
2026-03-25T15:08:16.616Z ALERT: XRP_2026_03_25_14_39_18 DP%-PnL%=-48.17%
2026-03-25T15:10:15.608Z ALERT: XRP_2026_03_25_14_39_18 DP%-PnL%=-48.17%
2026-03-25T15:12:16.751Z ALERT: XRP_2026_03_25_14_39_18 DP%-PnL%=-48.17%
2026-03-25T15:14:16.557Z ALERT: XRP_2026_03_25_14_39_18 DP%-PnL%=-48.18%
2026-03-25T15:16:16.261Z ALERT: XRP_2026_03_25_14_39_18 DP%-PnL%=-48.18%
2026-03-25T15:18:17.514Z ALERT: XRP_2026_03_25_14_39_18 DP%-PnL%=-48.20%
2026-03-25T15:20:16.400Z ALERT: XRP_2026_03_25_14_39_18 DP%-PnL%=-48.19%
2026-03-25T15:22:17.030Z ALERT: XRP_2026_03_25_14_39_18 DP%-PnL%=-48.19%
2026-03-25T15:24:17.153Z ALERT: XRP_2026_03_25_14_39_18 DP%-PnL%=-48.18%
2026-03-25T15:26:15.624Z ALERT: XRP_2026_03_25_14_39_18 DP%-PnL%=-48.18%
2026-03-25T15:28:16.011Z ALERT: XRP_2026_03_25_14_39_18 DP%-PnL%=-48.18%
2026-03-25T15:30:17.910Z ALERT: XRP_2026_03_25_14_39_18 DP%-PnL%=-48.18%
2026-03-25T15:32:16.284Z ALERT: XRP_2026_03_25_14_39_18 DP%-PnL%=-48.17%
2026-03-25T15:34:15.886Z ALERT: XRP_2026_03_25_14_39_18 DP%-PnL%=-48.18%
2026-03-25T15:36:17.029Z ALERT: XRP_2026_03_25_14_39_18 DP%-PnL%=-48.18%
2026-03-25T15:38:16.532Z ALERT: XRP_2026_03_25_14_39_18 DP%-PnL%=-48.19%
2026-03-25T15:40:16.213Z ALERT: XRP_2026_03_25_14_39_18 DP%-PnL%=-48.19%
2026-03-25T15:42:16.360Z ALERT: XRP_2026_03_25_14_39_18 DP%-PnL%=-48.19%
2026-03-25T15:44:16.476Z ALERT: XRP_2026_03_25_14_39_18 DP%-PnL%=-48.19%
2026-03-25T15:46:16.901Z ALERT: XRP_2026_03_25_14_39_18 DP%-PnL%=-48.19%
2026-03-25T15:48:16.917Z ALERT: XRP_2026_03_25_14_39_18 DP%-PnL%=-48.19%
2026-03-25T15:50:16.726Z ALERT: XRP_2026_03_25_14_39_18 DP%-PnL%=-48.19%
2026-03-25T15:52:16.435Z ALERT: XRP_2026_03_25_14_39_18 DP%-PnL%=-48.19%
2026-03-25T15:54:16.253Z ALERT: XRP_2026_03_25_14_39_18 DP%-PnL%=-48.20%
2026-03-25T15:56:16.878Z ALERT: XRP_2026_03_25_14_39_18 DP%-PnL%=-48.18%
2026-03-25T15:58:16.585Z ALERT: XRP_2026_03_25_14_39_18 DP%-PnL%=-48.19%
2026-03-25T16:00:16.203Z ALERT: XRP_2026_03_25_14_39_18 DP%-PnL%=-48.18%
2026-03-25T16:02:15.857Z ALERT: XRP_2026_03_25_14_39_18 DP%-PnL%=-48.18%
2026-03-25T16:04:16.424Z ALERT: XRP_2026_03_25_14_39_18 DP%-PnL%=-48.18%
2026-03-25T16:06:16.543Z ALERT: XRP_2026_03_25_14_39_18 DP%-PnL%=-48.19%
2026-03-25T16:08:16.763Z ALERT: XRP_2026_03_25_14_39_18 DP%-PnL%=-48.18%
2026-03-25T16:10:16.857Z ALERT: XRP_2026_03_25_14_39_18 DP%-PnL%=-48.17%
2026-03-25T16:12:15.861Z ALERT: XRP_2026_03_25_14_39_18 DP%-PnL%=-48.18%
2026-03-25T16:14:15.376Z ALERT: XRP_2026_03_25_14_39_18 DP%-PnL%=-48.18%
2026-03-25T16:16:17.543Z ALERT: XRP_2026_03_25_14_39_18 DP%-PnL%=-48.18%
2026-03-25T16:18:16.738Z ALERT: XRP_2026_03_25_14_39_18 DP%-PnL%=-48.18%
2026-03-25T16:20:15.245Z ALERT: XRP_2026_03_25_14_39_18 DP%-PnL%=-48.18%
2026-03-25T16:22:16.771Z ALERT: XRP_2026_03_25_14_39_18 DP%-PnL%=-48.18%
2026-03-25T16:24:16.483Z ALERT: XRP_2026_03_25_14_39_18 DP%-PnL%=-48.17%
2026-03-25T16:26:17.229Z ALERT: XRP_2026_03_25_14_39_18 DP%-PnL%=-54.89%
2026-03-25T16:28:16.307Z ALERT: XRP_2026_03_25_14_39_18 DP%-PnL%=-54.87%
2026-03-25T16:30:17.147Z ALERT: XRP_2026_03_25_14_39_18 DP%-PnL%=-54.87%
2026-03-25T16:32:16.646Z ALERT: XRP_2026_03_25_14_39_18 DP%-PnL%=-54.88%
2026-03-25T16:34:17.278Z ALERT: XRP_2026_03_25_14_39_18 DP%-PnL%=-54.87%
2026-03-25T16:36:16.786Z ALERT: XRP_2026_03_25_14_39_18 DP%-PnL%=-41.41%
2026-03-25T16:38:16.139Z ALERT: XRP_2026_03_25_14_39_18 DP%-PnL%=-54.88%
2026-03-25T16:40:16.500Z ALERT: XRP_2026_03_25_14_39_18 DP%-PnL%=-54.88%
2026-03-25T16:42:15.580Z ERROR: page.evaluate: TypeError: Cannot convert undefined or null to object
    at Object.keys (<anonymous>)
    at eval (eval at evaluate (:290:30), <anonymous>:3:23)
    at UtilityScript.evaluate (<anonymous>:292:16)
    at UtilityScript.<anonymous> (<anonymous>:1:44)
2026-03-25T16:44:16.739Z ALERT: XRP_2026_03_25_14_39_18 DP%-PnL%=-54.87%
2026-03-25T16:46:17.269Z ALERT: XRP_2026_03_25_14_39_18 DP%-PnL%=-54.87%
2026-03-25T16:48:16.974Z ALERT: XRP_2026_03_25_14_39_18 DP%-PnL%=-41.41%
2026-03-25T16:50:17.094Z ALERT: XRP_2026_03_25_14_39_18 DP%-PnL%=-54.88%
2026-03-25T16:52:17.618Z ALERT: XRP_2026_03_25_14_39_18 DP%-PnL%=-48.15%
2026-03-25T16:54:16.920Z ALERT: XRP_2026_03_25_14_39_18 DP%-PnL%=-54.88%
2026-03-25T16:56:17.855Z ALERT: XRP_2026_03_25_14_39_18 DP%-PnL%=-54.87%
2026-03-25T16:58:17.634Z ALERT: XRP_2026_03_25_14_39_18 DP%-PnL%=-48.14%
2026-03-25T17:00:16.965Z ALERT: XRP_2026_03_25_14_39_18 DP%-PnL%=-48.15%
2026-03-25T17:02:16.199Z ALERT: XRP_2026_03_25_14_39_18 DP%-PnL%=-48.15%
2026-03-25T17:04:17.404Z ALERT: XRP_2026_03_25_14_39_18 DP%-PnL%=-48.15%
2026-03-25T17:06:16.935Z ALERT: XRP_2026_03_25_14_39_18 DP%-PnL%=-48.15%
2026-03-25T17:08:17.022Z ALERT: XRP_2026_03_25_14_39_18 DP%-PnL%=-48.15%
2026-03-25T17:10:16.015Z ALERT: XRP_2026_03_25_14_39_18 DP%-PnL%=-48.15%
2026-03-25T17:12:17.270Z ALERT: XRP_2026_03_25_14_39_18 DP%-PnL%=-48.15%
2026-03-25T17:14:15.739Z ALERT: XRP_2026_03_25_14_39_18 DP%-PnL%=-48.15%
2026-03-25T17:16:16.262Z ERROR: page.evaluate: TypeError: Cannot convert undefined or null to object
    at Object.keys (<anonymous>)
    at eval (eval at evaluate (:290:30), <anonymous>:3:23)
    at UtilityScript.evaluate (<anonymous>:292:16)
    at UtilityScript.<anonymous> (<anonymous>:1:44)
2026-03-25T17:18:16.287Z ALERT: XRP_2026_03_25_14_39_18 DP%-PnL%=-48.16%
2026-03-25T17:20:16.604Z ALERT: XRP_2026_03_25_14_39_18 DP%-PnL%=-48.15%
2026-03-25T17:22:15.869Z ALERT: XRP_2026_03_25_14_39_18 DP%-PnL%=-48.15%
2026-03-25T17:24:16.635Z ALERT: XRP_2026_03_25_14_39_18 DP%-PnL%=-48.15%
2026-03-25T17:26:16.958Z ALERT: XRP_2026_03_25_14_39_18 DP%-PnL%=-48.15%
2026-03-25T17:28:16.461Z ALERT: XRP_2026_03_25_14_39_18 DP%-PnL%=-48.14%
2026-03-25T17:30:16.281Z ALERT: XRP_2026_03_25_14_39_18 DP%-PnL%=-48.15%
2026-03-25T17:32:16.490Z ALERT: XRP_2026_03_25_14_39_18 DP%-PnL%=-48.16%
2026-03-25T17:34:16.227Z ALERT: XRP_2026_03_25_14_39_18 DP%-PnL%=-48.16%
2026-03-25T17:36:16.831Z ALERT: XRP_2026_03_25_14_39_18 DP%-PnL%=-48.16%
2026-03-25T17:38:16.946Z ALERT: XRP_2026_03_25_14_39_18 DP%-PnL%=-48.16%
2026-03-25T17:40:16.041Z ALERT: XRP_2026_03_25_14_39_18 DP%-PnL%=-48.16%
2026-03-25T17:42:16.053Z ALERT: XRP_2026_03_25_14_39_18 DP%-PnL%=-48.16%
2026-03-25T17:44:15.558Z ALERT: XRP_2026_03_25_14_39_18 DP%-PnL%=-48.15%
2026-03-25T17:46:17.623Z ALERT: XRP_2026_03_25_14_39_18 DP%-PnL%=-48.16%
2026-03-25T17:48:17.124Z ALERT: XRP_2026_03_25_14_39_18 DP%-PnL%=-48.15%
2026-03-25T17:50:17.140Z ALERT: XRP_2026_03_25_14_39_18 DP%-PnL%=-48.15%
2026-03-25T17:52:17.266Z ALERT: XRP_2026_03_25_14_39_18 DP%-PnL%=-48.16%
2026-03-25T17:54:17.172Z ALERT: XRP_2026_03_25_14_39_18 DP%-PnL%=-48.17%
2026-03-25T17:56:16.278Z ALERT: XRP_2026_03_25_14_39_18 DP%-PnL%=-48.17%
2026-03-25T17:58:16.848Z ALERT: XRP_2026_03_25_14_39_18 DP%-PnL%=-48.17%
2026-03-25T18:00:17.282Z ALERT: XRP_2026_03_25_14_39_18 DP%-PnL%=-48.17%
2026-03-25T18:02:16.980Z ALERT: XRP_2026_03_25_14_39_18 DP%-PnL%=-48.17%
2026-03-25T18:04:17.265Z ALERT: XRP_2026_03_25_14_39_18 DP%-PnL%=-48.17%
2026-03-25T18:06:15.989Z ALERT: XRP_2026_03_25_14_39_18 DP%-PnL%=-48.16%
2026-03-25T18:08:17.533Z ALERT: XRP_2026_03_25_14_39_18 DP%-PnL%=-48.16%
2026-03-25T18:10:16.903Z ALERT: XRP_2026_03_25_14_39_18 DP%-PnL%=-48.16%
2026-03-25T18:12:16.406Z ALERT: XRP_2026_03_25_14_39_18 DP%-PnL%=-48.16%
2026-03-25T18:14:16.832Z ALERT: XRP_2026_03_25_14_39_18 DP%-PnL%=-48.16%
2026-03-25T18:16:16.129Z ALERT: XRP_2026_03_25_14_39_18 DP%-PnL%=-48.15%
2026-03-25T18:18:16.147Z ALERT: XRP_2026_03_25_14_39_18 DP%-PnL%=-48.15%
2026-03-25T18:20:16.728Z ALERT: XRP_2026_03_25_14_39_18 DP%-PnL%=-48.15%
2026-03-25T18:22:16.996Z ALERT: XRP_2026_03_25_14_39_18 DP%-PnL%=-48.14%
2026-03-25T18:24:16.808Z ALERT: XRP_2026_03_25_14_39_18 DP%-PnL%=-48.14%
2026-03-25T18:26:17.539Z ALERT: XRP_2026_03_25_14_39_18 DP%-PnL%=-48.14%
2026-03-25T18:28:16.939Z ALERT: XRP_2026_03_25_14_39_18 DP%-PnL%=-48.14%
2026-03-25T18:30:16.137Z ALERT: XRP_2026_03_25_14_39_18 DP%-PnL%=-48.14%
2026-03-25T18:32:16.765Z ALERT: XRP_2026_03_25_14_39_18 DP%-PnL%=-48.14%
2026-03-25T18:34:17.402Z ALERT: XRP_2026_03_25_14_39_18 DP%-PnL%=-48.14%
2026-03-25T18:36:16.593Z ALERT: XRP_2026_03_25_14_39_18 DP%-PnL%=-48.14%
2026-03-25T18:38:16.713Z ALERT: XRP_2026_03_25_14_39_18 DP%-PnL%=-48.15%
2026-03-25T18:40:17.039Z ALERT: XRP_2026_03_25_14_39_18 DP%-PnL%=-48.15%
2026-03-25T18:42:16.948Z ALERT: XRP_2026_03_25_14_39_18 DP%-PnL%=-48.16%
2026-03-25T18:44:16.451Z ALERT: XRP_2026_03_25_14_39_18 DP%-PnL%=-48.16%
2026-03-25T18:46:16.373Z ALERT: XRP_2026_03_25_14_39_18 DP%-PnL%=-48.15%
2026-03-25T18:48:16.385Z ALERT: XRP_2026_03_25_14_39_18 DP%-PnL%=-48.15%
2026-03-25T18:50:16.911Z ALERT: XRP_2026_03_25_14_39_18 DP%-PnL%=-48.15%
2026-03-25T18:52:16.418Z ALERT: XRP_2026_03_25_14_39_18 DP%-PnL%=-48.15%
2026-03-25T18:54:16.337Z ALERT: XRP_2026_03_25_14_39_18 DP%-PnL%=-48.15%
2026-03-25T18:56:16.547Z ALERT: XRP_2026_03_25_14_39_18 DP%-PnL%=-48.17%
2026-03-25T18:58:16.370Z ALERT: XRP_2026_03_25_14_39_18 DP%-PnL%=-48.17%
2026-03-25T19:00:16.887Z ALERT: XRP_2026_03_25_14_39_18 DP%-PnL%=-48.16%
2026-03-25T19:02:17.621Z ALERT: XRP_2026_03_25_14_39_18 DP%-PnL%=-48.17%
2026-03-25T19:04:16.309Z ALERT: XRP_2026_03_25_14_39_18 DP%-PnL%=-48.16%
2026-03-25T19:06:17.025Z ALERT: XRP_2026_03_25_14_39_18 DP%-PnL%=-48.15%
2026-03-25T19:08:17.352Z ALERT: XRP_2026_03_25_14_39_18 DP%-PnL%=-48.16%
2026-03-25T19:10:15.983Z ALERT: XRP_2026_03_25_14_39_18 DP%-PnL%=-48.16%
2026-03-25T19:12:16.540Z ALERT: XRP_2026_03_25_14_39_18 DP%-PnL%=-48.17%
2026-03-25T19:14:16.448Z ALERT: XRP_2026_03_25_14_39_18 DP%-PnL%=-48.16%
2026-03-25T19:16:16.977Z ALERT: XRP_2026_03_25_14_39_18 DP%-PnL%=-48.16%
2026-03-25T19:18:17.501Z ALERT: XRP_2026_03_25_14_39_18 DP%-PnL%=-48.16%
2026-03-25T19:20:17.511Z ALERT: XRP_2026_03_25_14_39_18 DP%-PnL%=-48.16%
2026-03-25T19:22:18.038Z ALERT: XRP_2026_03_25_14_39_18 DP%-PnL%=-48.15%
2026-03-25T19:24:16.846Z ALERT: XRP_2026_03_25_14_39_18 DP%-PnL%=-48.15%
2026-03-25T19:26:17.245Z ALERT: XRP_2026_03_25_14_39_18 DP%-PnL%=-48.15%
2026-03-25T19:28:17.465Z ALERT: XRP_2026_03_25_14_39_18 DP%-PnL%=-48.16%
2026-03-25T19:30:16.863Z ALERT: XRP_2026_03_25_14_39_18 DP%-PnL%=-48.16%
2026-03-25T19:32:16.471Z ALERT: XRP_2026_03_25_14_39_18 DP%-PnL%=-48.16%
2026-03-25T19:34:16.997Z ALERT: XRP_2026_03_25_14_39_18 DP%-PnL%=-48.16%
2026-03-25T19:36:15.881Z ALERT: XRP_2026_03_25_14_39_18 DP%-PnL%=-48.16%
2026-03-25T19:38:16.410Z ALERT: XRP_2026_03_25_14_39_18 DP%-PnL%=-48.16%
2026-03-25T19:40:16.837Z ALERT: XRP_2026_03_25_14_39_18 DP%-PnL%=-48.16%
2026-03-25T19:42:16.241Z ALERT: XRP_2026_03_25_14_39_18 DP%-PnL%=-48.15%
2026-03-25T19:44:15.944Z ALERT: XRP_2026_03_25_14_39_18 DP%-PnL%=-48.16%
2026-03-25T19:46:16.779Z ALERT: XRP_2026_03_25_14_39_18 DP%-PnL%=-48.16%
2026-03-25T19:48:16.692Z ALERT: XRP_2026_03_25_14_39_18 DP%-PnL%=-48.16%
2026-03-25T19:50:16.692Z ERROR: page.evaluate: TypeError: Cannot convert undefined or null to object
    at Object.keys (<anonymous>)
    at eval (eval at evaluate (:290:30), <anonymous>:3:23)
    at UtilityScript.evaluate (<anonymous>:292:16)
    at UtilityScript.<anonymous> (<anonymous>:1:44)
2026-03-25T19:52:17.032Z ALERT: XRP_2026_03_25_14_39_18 DP%-PnL%=-48.16%
2026-03-25T19:54:16.740Z ALERT: XRP_2026_03_25_14_39_18 DP%-PnL%=-48.17%
2026-03-25T19:56:17.267Z ALERT: XRP_2026_03_25_14_39_18 DP%-PnL%=-48.17%
2026-03-25T19:58:17.591Z ALERT: XRP_2026_03_25_14_39_18 DP%-PnL%=-48.18%
2026-03-25T20:00:16.580Z ALERT: XRP_2026_03_25_14_39_18 DP%-PnL%=-48.17%
2026-03-25T20:02:16.187Z ALERT: XRP_2026_03_25_14_39_18 DP%-PnL%=-48.16%
2026-03-25T20:04:16.712Z ALERT: XRP_2026_03_25_14_39_18 DP%-PnL%=-48.16%
2026-03-25T20:06:17.353Z ALERT: XRP_2026_03_25_14_39_18 DP%-PnL%=-48.16%
2026-03-25T20:08:16.234Z ALERT: XRP_2026_03_25_14_39_18 DP%-PnL%=-48.16%
2026-03-25T20:10:17.376Z ALERT: XRP_2026_03_25_14_39_18 DP%-PnL%=-48.16%
2026-03-25T20:12:17.309Z ALERT: XRP_2026_03_25_14_39_18 DP%-PnL%=-48.16%
2026-03-25T20:14:16.744Z ALERT: XRP_2026_03_25_14_39_18 DP%-PnL%=-48.17%
2026-03-25T20:16:16.540Z ALERT: XRP_2026_03_25_14_39_18 DP%-PnL%=-48.16%
2026-03-25T20:18:16.007Z OK: min DP%-PnL%=0.30% (XRP_2026_03_01_13_45_50), 49 positions
2026-03-25T20:20:17.450Z OK: min DP%-PnL%=0.30% (XRP_2026_03_01_13_45_50), 49 positions
2026-03-25T20:22:15.863Z OK: min DP%-PnL%=0.30% (XRP_2026_03_01_13_45_50), 49 positions
2026-03-25T20:24:16.871Z OK: min DP%-PnL%=0.30% (XRP_2026_03_01_13_45_50), 49 positions
2026-03-25T20:26:16.882Z OK: min DP%-PnL%=0.30% (XRP_2026_03_01_13_45_50), 49 positions
2026-03-25T20:28:17.104Z OK: min DP%-PnL%=0.30% (XRP_2026_03_01_13_45_50), 49 positions
2026-03-25T20:30:16.515Z OK: min DP%-PnL%=0.30% (XRP_2026_03_01_13_45_50), 49 positions
2026-03-25T20:32:17.240Z OK: min DP%-PnL%=0.30% (XRP_2026_03_01_13_45_50), 49 positions
2026-03-25T20:34:16.643Z OK: min DP%-PnL%=0.30% (XRP_2026_03_01_13_45_50), 49 positions
2026-03-25T20:36:16.197Z OK: min DP%-PnL%=0.30% (XRP_2026_03_01_13_45_50), 49 positions
2026-03-25T20:38:17.398Z OK: min DP%-PnL%=0.30% (XRP_2026_03_01_13_45_50), 49 positions
2026-03-25T20:40:17.218Z OK: min DP%-PnL%=0.30% (XRP_2026_03_01_13_45_50), 49 positions
2026-03-25T20:42:17.329Z OK: min DP%-PnL%=0.30% (XRP_2026_03_01_13_45_50), 49 positions
2026-03-25T20:44:16.511Z OK: min DP%-PnL%=0.30% (XRP_2026_03_01_13_45_50), 49 positions
2026-03-25T20:46:16.831Z OK: min DP%-PnL%=0.30% (XRP_2026_03_01_13_45_50), 49 positions
2026-03-25T20:48:17.367Z OK: min DP%-PnL%=0.30% (XRP_2026_03_01_13_45_50), 49 positions
2026-03-25T20:50:16.150Z OK: min DP%-PnL%=0.30% (XRP_2026_03_01_13_45_50), 49 positions
2026-03-25T20:52:15.880Z OK: min DP%-PnL%=0.30% (XRP_2026_03_01_13_45_50), 49 positions
2026-03-25T20:54:17.021Z OK: min DP%-PnL%=0.30% (XRP_2026_03_01_13_45_50), 49 positions
2026-03-25T20:56:16.941Z OK: min DP%-PnL%=0.30% (XRP_2026_03_01_13_45_50), 49 positions
2026-03-25T20:58:16.863Z OK: min DP%-PnL%=0.30% (XRP_2026_03_01_13_45_50), 49 positions
2026-03-25T21:00:16.937Z OK: min DP%-PnL%=0.30% (XRP_2026_03_01_13_45_50), 49 positions
2026-03-25T21:02:17.156Z OK: min DP%-PnL%=0.30% (XRP_2026_03_01_13_45_50), 49 positions
2026-03-25T21:04:16.761Z OK: min DP%-PnL%=0.30% (XRP_2026_03_01_13_45_50), 49 positions
2026-03-25T21:06:16.879Z OK: min DP%-PnL%=0.30% (XRP_2026_03_01_13_45_50), 49 positions
2026-03-25T21:08:16.074Z OK: min DP%-PnL%=0.30% (XRP_2026_03_01_13_45_50), 49 positions
2026-03-25T21:10:17.106Z OK: min DP%-PnL%=0.30% (XRP_2026_03_01_13_45_50), 49 positions
2026-03-25T21:12:17.233Z OK: min DP%-PnL%=0.30% (XRP_2026_03_01_13_45_50), 49 positions
2026-03-25T21:14:16.265Z OK: min DP%-PnL%=0.30% (XRP_2026_03_01_13_45_50), 49 positions
2026-03-25T21:16:16.748Z OK: min DP%-PnL%=0.30% (XRP_2026_03_01_13_45_50), 49 positions
2026-03-25T21:18:16.957Z ERROR: page.evaluate: TypeError: Cannot convert undefined or null to object
    at Object.keys (<anonymous>)
    at eval (eval at evaluate (:290:30), <anonymous>:3:23)
    at UtilityScript.evaluate (<anonymous>:292:16)
    at UtilityScript.<anonymous> (<anonymous>:1:44)
2026-03-25T21:20:17.191Z OK: min DP%-PnL%=0.30% (XRP_2026_03_01_13_45_50), 49 positions
2026-03-25T21:22:16.593Z OK: min DP%-PnL%=0.30% (XRP_2026_03_01_13_45_50), 49 positions
2026-03-25T21:24:16.306Z OK: min DP%-PnL%=0.30% (XRP_2026_03_01_13_45_50), 49 positions
2026-03-25T21:26:17.136Z OK: min DP%-PnL%=0.30% (XRP_2026_03_01_13_45_50), 49 positions
2026-03-25T21:28:16.747Z OK: min DP%-PnL%=0.30% (XRP_2026_03_01_13_45_50), 49 positions
2026-03-25T21:30:04.838Z ERROR: page.evaluate: TypeError: Cannot convert undefined or null to object
    at Object.keys (<anonymous>)
    at setProps (eval at evaluate (:290:30), <anonymous>:4:25)
    at eval (eval at evaluate (:290:30), <anonymous>:12:5)
    at UtilityScript.evaluate (<anonymous>:292:16)
    at UtilityScript.<anonymous> (<anonymous>:1:44)
2026-03-25T21:32:17.497Z OK: min DP%-PnL%=0.30% (XRP_2026_03_01_13_45_50), 49 positions
2026-03-25T21:34:17.100Z OK: min DP%-PnL%=0.30% (XRP_2026_03_01_13_45_50), 49 positions
2026-03-25T21:36:17.217Z OK: min DP%-PnL%=0.30% (XRP_2026_03_01_13_45_50), 49 positions
2026-03-25T21:38:16.721Z OK: min DP%-PnL%=0.30% (XRP_2026_03_01_13_45_50), 49 positions
2026-03-25T21:40:15.903Z ERROR: page.evaluate: TypeError: Cannot convert undefined or null to object
    at Object.keys (<anonymous>)
    at eval (eval at evaluate (:290:30), <anonymous>:3:23)
    at UtilityScript.evaluate (<anonymous>:292:16)
    at UtilityScript.<anonymous> (<anonymous>:1:44)
2026-03-25T21:42:16.955Z OK: min DP%-PnL%=0.30% (XRP_2026_03_01_13_45_50), 49 positions
2026-03-25T21:44:17.074Z OK: min DP%-PnL%=0.30% (XRP_2026_03_01_13_45_50), 49 positions
2026-03-25T21:46:15.461Z OK: min DP%-PnL%=0.30% (XRP_2026_03_01_13_45_50), 49 positions
2026-03-25T21:48:16.594Z OK: min DP%-PnL%=0.30% (XRP_2026_03_01_13_45_50), 49 positions
2026-03-25T21:50:17.536Z OK: min DP%-PnL%=0.30% (XRP_2026_03_01_13_45_50), 49 positions
2026-03-25T21:52:15.701Z OK: min DP%-PnL%=0.30% (XRP_2026_03_01_13_45_50), 49 positions
2026-03-25T21:54:15.717Z OK: min DP%-PnL%=0.30% (XRP_2026_03_01_13_45_50), 49 positions
2026-03-25T21:56:17.061Z OK: min DP%-PnL%=0.30% (XRP_2026_03_01_13_45_50), 49 positions
2026-03-25T21:58:15.949Z OK: min DP%-PnL%=0.30% (XRP_2026_03_01_13_45_50), 49 positions
2026-03-25T22:00:16.986Z OK: min DP%-PnL%=0.30% (XRP_2026_03_01_13_45_50), 49 positions
2026-03-25T22:02:16.792Z OK: min DP%-PnL%=0.30% (XRP_2026_03_01_13_45_50), 49 positions
2026-03-25T22:04:15.681Z OK: min DP%-PnL%=0.30% (XRP_2026_03_01_13_45_50), 49 positions
2026-03-25T22:06:16.415Z OK: min DP%-PnL%=0.30% (XRP_2026_03_01_13_45_50), 49 positions
2026-03-25T22:08:17.038Z OK: min DP%-PnL%=0.30% (XRP_2026_03_01_13_45_50), 49 positions
2026-03-25T22:10:16.032Z OK: min DP%-PnL%=0.30% (XRP_2026_03_01_13_45_50), 49 positions
2026-03-25T22:12:17.580Z OK: min DP%-PnL%=0.30% (XRP_2026_03_01_13_45_50), 49 positions
2026-03-25T22:14:17.696Z OK: min DP%-PnL%=0.30% (XRP_2026_03_01_13_45_50), 49 positions
2026-03-25T22:16:16.488Z OK: min DP%-PnL%=0.30% (XRP_2026_03_01_13_45_50), 49 positions
2026-03-25T22:18:17.215Z OK: min DP%-PnL%=0.30% (XRP_2026_03_01_13_45_50), 49 positions
2026-03-25T22:20:16.364Z OK: min DP%-PnL%=0.30% (XRP_2026_03_01_13_45_50), 49 positions
2026-03-25T22:22:17.240Z OK: min DP%-PnL%=0.30% (XRP_2026_03_01_13_45_50), 49 positions
2026-03-25T22:24:16.947Z OK: min DP%-PnL%=0.30% (XRP_2026_03_01_13_45_50), 49 positions
2026-03-25T22:26:16.658Z OK: min DP%-PnL%=0.30% (XRP_2026_03_01_13_45_50), 49 positions
2026-03-25T22:28:17.186Z OK: min DP%-PnL%=0.30% (XRP_2026_03_01_13_45_50), 49 positions
2026-03-25T22:30:16.282Z OK: min DP%-PnL%=0.30% (XRP_2026_03_01_13_45_50), 49 positions
2026-03-25T22:32:17.013Z OK: min DP%-PnL%=0.30% (XRP_2026_03_01_13_45_50), 49 positions
2026-03-25T22:34:17.131Z OK: min DP%-PnL%=0.30% (XRP_2026_03_01_13_45_50), 49 positions
2026-03-25T22:36:16.335Z OK: min DP%-PnL%=0.30% (XRP_2026_03_01_13_45_50), 49 positions
2026-03-25T22:38:16.145Z OK: min DP%-PnL%=0.30% (XRP_2026_03_01_13_45_50), 49 positions
2026-03-25T22:40:16.670Z OK: min DP%-PnL%=0.30% (XRP_2026_03_01_13_45_50), 49 positions
2026-03-25T22:42:17.091Z OK: min DP%-PnL%=0.30% (XRP_2026_03_01_13_45_50), 49 positions
2026-03-25T22:44:15.578Z OK: min DP%-PnL%=0.30% (XRP_2026_03_01_13_45_50), 49 positions
2026-03-25T22:46:16.102Z OK: min DP%-PnL%=0.30% (XRP_2026_03_01_13_45_50), 49 positions
2026-03-25T22:48:16.014Z OK: min DP%-PnL%=0.30% (XRP_2026_03_01_13_45_50), 49 positions
2026-03-25T22:50:16.133Z OK: min DP%-PnL%=0.30% (XRP_2026_03_01_13_45_50), 49 positions
2026-03-25T22:52:18.197Z OK: min DP%-PnL%=0.30% (XRP_2026_03_01_13_45_50), 49 positions
2026-03-25T22:54:17.800Z OK: min DP%-PnL%=0.30% (XRP_2026_03_01_13_45_50), 49 positions
2026-03-25T22:56:17.100Z OK: min DP%-PnL%=0.30% (XRP_2026_03_01_13_45_50), 49 positions
2026-03-25T22:58:17.938Z OK: min DP%-PnL%=0.30% (XRP_2026_03_01_13_45_50), 49 positions
2026-03-25T23:00:17.237Z OK: min DP%-PnL%=0.30% (XRP_2026_03_01_13_45_50), 49 positions
2026-03-25T23:02:15.866Z OK: min DP%-PnL%=0.30% (XRP_2026_03_01_13_45_50), 49 positions
2026-03-25T23:04:17.673Z OK: min DP%-PnL%=0.30% (XRP_2026_03_01_13_45_50), 49 positions
2026-03-25T23:06:16.665Z OK: min DP%-PnL%=0.30% (XRP_2026_03_01_13_45_50), 49 positions
2026-03-25T23:08:15.962Z OK: min DP%-PnL%=0.30% (XRP_2026_03_01_13_45_50), 49 positions
2026-03-25T23:10:16.908Z OK: min DP%-PnL%=0.30% (XRP_2026_03_01_13_45_50), 49 positions
2026-03-25T23:12:17.844Z OK: min DP%-PnL%=0.30% (XRP_2026_03_01_13_45_50), 49 positions
2026-03-25T23:14:16.111Z OK: min DP%-PnL%=0.30% (XRP_2026_03_01_13_45_50), 49 positions
2026-03-25T23:16:17.157Z OK: min DP%-PnL%=0.30% (XRP_2026_03_01_13_45_50), 49 positions
2026-03-25T23:18:16.369Z OK: min DP%-PnL%=0.30% (XRP_2026_03_01_13_45_50), 49 positions
2026-03-25T23:20:16.979Z OK: min DP%-PnL%=0.30% (XRP_2026_03_01_13_45_50), 49 positions
2026-03-25T23:22:15.981Z OK: min DP%-PnL%=0.30% (XRP_2026_03_01_13_45_50), 49 positions
2026-03-25T23:24:15.782Z OK: min DP%-PnL%=0.30% (XRP_2026_03_01_13_45_50), 49 positions
2026-03-25T23:26:17.438Z OK: min DP%-PnL%=0.30% (XRP_2026_03_01_13_45_50), 49 positions
2026-03-25T23:28:16.635Z OK: min DP%-PnL%=0.30% (XRP_2026_03_01_13_45_50), 49 positions
2026-03-25T23:30:16.854Z OK: min DP%-PnL%=0.30% (XRP_2026_03_01_13_45_50), 49 positions
2026-03-25T23:32:17.278Z OK: min DP%-PnL%=0.30% (XRP_2026_03_01_13_45_50), 49 positions
2026-03-25T23:34:15.751Z OK: min DP%-PnL%=0.30% (XRP_2026_03_01_13_45_50), 49 positions
2026-03-25T23:36:16.284Z OK: min DP%-PnL%=0.30% (XRP_2026_03_01_13_45_50), 49 positions
2026-03-25T23:38:16.918Z OK: min DP%-PnL%=0.30% (XRP_2026_03_01_13_45_50), 49 positions
2026-03-25T23:40:16.583Z OK: min DP%-PnL%=0.30% (XRP_2026_03_01_13_45_50), 49 positions
2026-03-25T23:42:16.740Z OK: min DP%-PnL%=0.30% (XRP_2026_03_01_13_45_50), 49 positions
2026-03-25T23:44:16.754Z OK: min DP%-PnL%=0.30% (XRP_2026_03_01_13_45_50), 49 positions
2026-03-25T23:46:16.568Z OK: min DP%-PnL%=0.30% (XRP_2026_03_01_13_45_50), 49 positions
2026-03-25T23:48:16.374Z OK: min DP%-PnL%=0.30% (XRP_2026_03_01_13_45_50), 49 positions
2026-03-25T23:50:15.780Z OK: min DP%-PnL%=0.30% (XRP_2026_03_01_13_45_50), 49 positions
2026-03-25T23:52:16.191Z ERROR: page.evaluate: TypeError: Cannot convert undefined or null to object
    at Object.keys (<anonymous>)
    at eval (eval at evaluate (:290:30), <anonymous>:3:23)
    at UtilityScript.evaluate (<anonymous>:292:16)
    at UtilityScript.<anonymous> (<anonymous>:1:44)
2026-03-25T23:54:16.555Z OK: min DP%-PnL%=0.30% (XRP_2026_03_01_13_45_50), 49 positions
2026-03-25T23:56:17.152Z OK: min DP%-PnL%=0.30% (XRP_2026_03_01_13_45_50), 49 positions
2026-03-25T23:58:16.666Z OK: min DP%-PnL%=0.30% (XRP_2026_03_01_13_45_50), 49 positions
2026-03-26T00:00:17.795Z OK: min DP%-PnL%=0.30% (XRP_2026_03_01_13_45_50), 49 positions
2026-03-26T00:02:16.178Z OK: min DP%-PnL%=0.30% (XRP_2026_03_01_13_45_50), 49 positions
2026-03-26T00:04:16.294Z OK: min DP%-PnL%=0.30% (XRP_2026_03_01_13_45_50), 49 positions
2026-03-26T00:06:16.163Z OK: min DP%-PnL%=0.30% (XRP_2026_03_01_13_45_50), 49 positions
2026-03-26T00:08:17.244Z OK: min DP%-PnL%=0.30% (XRP_2026_03_01_13_45_50), 49 positions
2026-03-26T00:10:17.482Z OK: min DP%-PnL%=0.30% (XRP_2026_03_01_13_45_50), 49 positions
2026-03-26T00:12:16.045Z OK: min DP%-PnL%=0.30% (XRP_2026_03_01_13_45_50), 49 positions
2026-03-26T00:14:16.472Z OK: min DP%-PnL%=0.30% (XRP_2026_03_01_13_45_50), 49 positions
2026-03-26T00:16:17.918Z OK: min DP%-PnL%=0.30% (XRP_2026_03_01_13_45_50), 49 positions
2026-03-26T00:18:17.632Z OK: min DP%-PnL%=0.30% (XRP_2026_03_01_13_45_50), 49 positions
2026-03-26T00:20:17.742Z OK: min DP%-PnL%=0.30% (XRP_2026_03_01_13_45_50), 49 positions
2026-03-26T00:22:17.862Z OK: min DP%-PnL%=0.30% (XRP_2026_03_01_13_45_50), 49 positions
2026-03-26T00:24:16.787Z OK: min DP%-PnL%=0.30% (XRP_2026_03_01_13_45_50), 49 positions
2026-03-26T00:26:17.599Z ERROR: page.evaluate: TypeError: Cannot convert undefined or null to object
    at Object.keys (<anonymous>)
    at eval (eval at evaluate (:290:30), <anonymous>:3:23)
    at UtilityScript.evaluate (<anonymous>:292:16)
    at UtilityScript.<anonymous> (<anonymous>:1:44)
2026-03-26T00:28:16.325Z OK: min DP%-PnL%=0.30% (XRP_2026_03_01_13_45_50), 49 positions
2026-03-26T00:30:16.796Z OK: min DP%-PnL%=0.30% (XRP_2026_03_01_13_45_50), 49 positions
2026-03-26T00:32:16.914Z OK: min DP%-PnL%=0.30% (XRP_2026_03_01_13_45_50), 49 positions
2026-03-26T00:34:18.058Z OK: min DP%-PnL%=0.30% (XRP_2026_03_01_13_45_50), 49 positions
2026-03-26T00:36:17.152Z OK: min DP%-PnL%=0.30% (XRP_2026_03_01_13_45_50), 49 positions
2026-03-26T00:38:16.447Z OK: min DP%-PnL%=0.30% (XRP_2026_03_01_13_45_50), 49 positions
2026-03-26T00:40:16.975Z OK: min DP%-PnL%=0.30% (XRP_2026_03_01_13_45_50), 49 positions
2026-03-26T00:42:17.398Z OK: min DP%-PnL%=0.30% (XRP_2026_03_01_13_45_50), 49 positions
2026-03-26T00:44:16.083Z OK: min DP%-PnL%=0.30% (XRP_2026_03_01_13_45_50), 49 positions
2026-03-26T00:46:16.616Z OK: min DP%-PnL%=0.30% (XRP_2026_03_01_13_45_50), 49 positions
2026-03-26T00:48:17.033Z OK: min DP%-PnL%=0.30% (XRP_2026_03_01_13_45_50), 49 positions
2026-03-26T00:50:16.434Z OK: min DP%-PnL%=0.30% (XRP_2026_03_01_13_45_50), 49 positions
2026-03-26T00:52:17.474Z OK: min DP%-PnL%=0.30% (XRP_2026_03_01_13_45_50), 49 positions
2026-03-26T00:54:17.078Z OK: min DP%-PnL%=0.30% (XRP_2026_03_01_13_45_50), 49 positions
2026-03-26T00:56:17.199Z OK: min DP%-PnL%=0.30% (XRP_2026_03_01_13_45_50), 49 positions
2026-03-26T00:58:16.806Z OK: min DP%-PnL%=0.30% (XRP_2026_03_01_13_45_50), 49 positions
2026-03-26T01:00:16.305Z OK: min DP%-PnL%=0.30% (XRP_2026_03_01_13_45_50), 49 positions
2026-03-26T01:02:16.422Z OK: min DP%-PnL%=0.30% (XRP_2026_03_01_13_45_50), 49 positions
2026-03-26T01:04:16.746Z OK: min DP%-PnL%=0.30% (XRP_2026_03_01_13_45_50), 49 positions
2026-03-26T01:06:17.888Z OK: min DP%-PnL%=0.30% (XRP_2026_03_01_13_45_50), 49 positions
2026-03-26T01:08:16.675Z OK: min DP%-PnL%=0.30% (XRP_2026_03_01_13_45_50), 49 positions
2026-03-26T01:10:15.768Z OK: min DP%-PnL%=0.30% (XRP_2026_03_01_13_45_50), 49 positions
2026-03-26T01:12:16.784Z OK: min DP%-PnL%=0.30% (XRP_2026_03_01_13_45_50), 49 positions
2026-03-26T01:14:17.336Z OK: min DP%-PnL%=0.30% (XRP_2026_03_01_13_45_50), 49 positions
2026-03-26T01:16:17.041Z OK: min DP%-PnL%=0.30% (XRP_2026_03_01_13_45_50), 49 positions
2026-03-26T01:18:17.158Z OK: min DP%-PnL%=0.30% (XRP_2026_03_01_13_45_50), 49 positions
2026-03-26T01:20:17.690Z OK: min DP%-PnL%=0.30% (XRP_2026_03_01_13_45_50), 49 positions
2026-03-26T01:22:17.709Z OK: min DP%-PnL%=0.30% (XRP_2026_03_01_13_45_50), 49 positions
2026-03-26T01:24:16.699Z OK: min DP%-PnL%=0.30% (XRP_2026_03_01_13_45_50), 49 positions
2026-03-26T01:26:16.794Z ERROR: page.evaluate: TypeError: Cannot convert undefined or null to object
    at Object.keys (<anonymous>)
    at eval (eval at evaluate (:290:30), <anonymous>:3:23)
    at UtilityScript.evaluate (<anonymous>:292:16)
    at UtilityScript.<anonymous> (<anonymous>:1:44)
2026-03-26T01:28:17.136Z OK: min DP%-PnL%=0.30% (XRP_2026_03_01_13_45_50), 49 positions
2026-03-26T01:30:15.724Z OK: min DP%-PnL%=0.30% (XRP_2026_03_01_13_45_50), 49 positions
2026-03-26T01:32:16.243Z OK: min DP%-PnL%=0.30% (XRP_2026_03_01_13_45_50), 49 positions
2026-03-26T01:34:16.359Z OK: min DP%-PnL%=0.30% (XRP_2026_03_01_13_45_50), 49 positions
2026-03-26T01:36:16.585Z OK: min DP%-PnL%=0.30% (XRP_2026_03_01_13_45_50), 49 positions
2026-03-26T01:38:16.904Z OK: min DP%-PnL%=0.30% (XRP_2026_03_01_13_45_50), 49 positions
2026-03-26T01:40:16.922Z OK: min DP%-PnL%=0.30% (XRP_2026_03_01_13_45_50), 49 positions
2026-03-26T01:42:17.548Z OK: min DP%-PnL%=0.30% (XRP_2026_03_01_13_45_50), 49 positions
2026-03-26T01:44:16.335Z OK: min DP%-PnL%=0.30% (XRP_2026_03_01_13_45_50), 49 positions
2026-03-26T01:46:16.759Z OK: min DP%-PnL%=0.30% (XRP_2026_03_01_13_45_50), 49 positions
2026-03-26T01:48:16.466Z OK: min DP%-PnL%=0.30% (XRP_2026_03_01_13_45_50), 49 positions
2026-03-26T01:50:17.305Z OK: min DP%-PnL%=0.30% (XRP_2026_03_01_13_45_50), 49 positions
2026-03-26T01:52:17.217Z OK: min DP%-PnL%=0.30% (XRP_2026_03_01_13_45_50), 49 positions
2026-03-26T01:54:16.095Z OK: min DP%-PnL%=0.30% (XRP_2026_03_01_13_45_50), 49 positions
2026-03-26T01:56:16.834Z OK: min DP%-PnL%=0.30% (XRP_2026_03_01_13_45_50), 49 positions
2026-03-26T01:58:17.976Z OK: min DP%-PnL%=0.30% (XRP_2026_03_01_13_45_50), 49 positions
2026-03-26T02:00:16.251Z OK: min DP%-PnL%=0.30% (XRP_2026_03_01_13_45_50), 49 positions
2026-03-26T02:02:16.263Z OK: min DP%-PnL%=0.30% (XRP_2026_03_01_13_45_50), 49 positions
2026-03-26T02:04:16.279Z OK: min DP%-PnL%=0.30% (XRP_2026_03_01_13_45_50), 49 positions
2026-03-26T02:06:16.710Z OK: min DP%-PnL%=0.30% (XRP_2026_03_01_13_45_50), 49 positions
2026-03-26T02:08:16.622Z OK: min DP%-PnL%=0.30% (XRP_2026_03_01_13_45_50), 49 positions
2026-03-26T02:10:17.245Z OK: min DP%-PnL%=0.30% (XRP_2026_03_01_13_45_50), 49 positions
2026-03-26T02:12:16.955Z OK: min DP%-PnL%=0.30% (XRP_2026_03_01_13_45_50), 49 positions
2026-03-26T02:14:17.695Z OK: min DP%-PnL%=0.30% (XRP_2026_03_01_13_45_50), 49 positions
2026-03-26T02:16:16.981Z OK: min DP%-PnL%=0.30% (XRP_2026_03_01_13_45_50), 49 positions
2026-03-26T02:18:17.616Z OK: min DP%-PnL%=0.30% (XRP_2026_03_01_13_45_50), 49 positions
2026-03-26T02:20:16.608Z OK: min DP%-PnL%=0.30% (XRP_2026_03_01_13_45_50), 49 positions
2026-03-26T02:22:16.726Z OK: min DP%-PnL%=0.30% (XRP_2026_03_01_13_45_50), 49 positions
2026-03-26T02:24:16.531Z OK: min DP%-PnL%=0.30% (XRP_2026_03_01_13_45_50), 49 positions
2026-03-26T02:26:17.366Z OK: min DP%-PnL%=0.30% (XRP_2026_03_01_13_45_50), 49 positions
2026-03-26T02:28:17.584Z OK: min DP%-PnL%=0.30% (XRP_2026_03_01_13_45_50), 49 positions
2026-03-26T02:30:16.788Z OK: min DP%-PnL%=0.30% (XRP_2026_03_01_13_45_50), 49 positions
2026-03-26T02:32:17.312Z OK: min DP%-PnL%=0.30% (XRP_2026_03_01_13_45_50), 49 positions
2026-03-26T02:34:15.937Z OK: min DP%-PnL%=0.30% (XRP_2026_03_01_13_45_50), 49 positions
2026-03-26T02:36:17.128Z OK: min DP%-PnL%=0.30% (XRP_2026_03_01_13_45_50), 49 positions
2026-03-26T02:38:16.537Z OK: min DP%-PnL%=0.30% (XRP_2026_03_01_13_45_50), 49 positions
2026-03-26T02:40:16.039Z OK: min DP%-PnL%=0.30% (XRP_2026_03_01_13_45_50), 49 positions
2026-03-26T02:42:18.104Z OK: min DP%-PnL%=0.30% (XRP_2026_03_01_13_45_50), 49 positions
2026-03-26T02:44:16.174Z OK: min DP%-PnL%=0.30% (XRP_2026_03_01_13_45_50), 49 positions
2026-03-26T02:46:16.395Z OK: min DP%-PnL%=0.30% (XRP_2026_03_01_13_45_50), 49 positions
2026-03-26T02:48:17.228Z OK: min DP%-PnL%=0.30% (XRP_2026_03_01_13_45_50), 49 positions
2026-03-26T02:50:16.737Z OK: min DP%-PnL%=0.30% (XRP_2026_03_01_13_45_50), 49 positions
2026-03-26T02:52:16.951Z OK: min DP%-PnL%=0.30% (XRP_2026_03_01_13_45_50), 49 positions
2026-03-26T02:54:16.671Z OK: min DP%-PnL%=0.30% (XRP_2026_03_01_13_45_50), 49 positions
2026-03-26T02:56:16.575Z OK: min DP%-PnL%=0.30% (XRP_2026_03_01_13_45_50), 49 positions
2026-03-26T02:58:16.078Z OK: min DP%-PnL%=0.30% (XRP_2026_03_01_13_45_50), 49 positions
2026-03-26T03:00:16.497Z OK: min DP%-PnL%=0.30% (XRP_2026_03_01_13_45_50), 49 positions
2026-03-26T03:02:16.410Z OK: min DP%-PnL%=0.30% (XRP_2026_03_01_13_45_50), 49 positions
2026-03-26T03:04:16.532Z OK: min DP%-PnL%=0.30% (XRP_2026_03_01_13_45_50), 49 positions
2026-03-26T03:06:17.676Z OK: min DP%-PnL%=0.30% (XRP_2026_03_01_13_45_50), 49 positions
2026-03-26T03:08:16.769Z OK: min DP%-PnL%=0.30% (XRP_2026_03_01_13_45_50), 49 positions
2026-03-26T03:10:16.686Z OK: min DP%-PnL%=0.30% (XRP_2026_03_01_13_45_50), 49 positions
2026-03-26T03:12:16.885Z ERROR: page.evaluate: TypeError: Cannot convert undefined or null to object
    at Object.keys (<anonymous>)
    at eval (eval at evaluate (:290:30), <anonymous>:3:23)
    at UtilityScript.evaluate (<anonymous>:292:16)
    at UtilityScript.<anonymous> (<anonymous>:1:44)
2026-03-26T03:14:16.296Z OK: min DP%-PnL%=0.30% (XRP_2026_03_01_13_45_50), 49 positions
2026-03-26T03:16:16.733Z OK: min DP%-PnL%=0.30% (XRP_2026_03_01_13_45_50), 49 positions
2026-03-26T03:18:16.532Z OK: min DP%-PnL%=0.30% (XRP_2026_03_01_13_45_50), 49 positions
2026-03-26T03:20:16.140Z OK: min DP%-PnL%=0.30% (XRP_2026_03_01_13_45_50), 49 positions
2026-03-26T03:22:17.380Z OK: min DP%-PnL%=0.30% (XRP_2026_03_01_13_45_50), 49 positions
2026-03-26T03:24:16.268Z OK: min DP%-PnL%=0.30% (XRP_2026_03_01_13_45_50), 49 positions
2026-03-26T03:26:17.309Z OK: min DP%-PnL%=0.30% (XRP_2026_03_01_13_45_50), 49 positions
2026-03-26T03:28:17.747Z OK: min DP%-PnL%=0.30% (XRP_2026_03_01_13_45_50), 49 positions
2026-03-26T03:30:16.417Z OK: min DP%-PnL%=0.30% (XRP_2026_03_01_13_45_50), 49 positions
2026-03-26T03:32:16.945Z OK: min DP%-PnL%=0.30% (XRP_2026_03_01_13_45_50), 49 positions
2026-03-26T03:34:16.551Z OK: min DP%-PnL%=0.30% (XRP_2026_03_01_13_45_50), 49 positions
2026-03-26T03:36:17.181Z OK: min DP%-PnL%=0.30% (XRP_2026_03_01_13_45_50), 49 positions
2026-03-26T03:38:16.581Z OK: min DP%-PnL%=0.30% (XRP_2026_03_01_13_45_50), 49 positions
2026-03-26T03:40:16.965Z ERROR: page.evaluate: TypeError: Cannot convert undefined or null to object
    at Object.keys (<anonymous>)
    at eval (eval at evaluate (:290:30), <anonymous>:3:23)
    at UtilityScript.evaluate (<anonymous>:292:16)
    at UtilityScript.<anonymous> (<anonymous>:1:44)
2026-03-26T03:42:17.027Z OK: min DP%-PnL%=0.30% (XRP_2026_03_01_13_45_50), 49 positions
2026-03-26T03:44:16.317Z OK: min DP%-PnL%=0.30% (XRP_2026_03_01_13_45_50), 49 positions
2026-03-26T03:46:16.339Z OK: min DP%-PnL%=0.30% (XRP_2026_03_01_13_45_50), 49 positions
2026-03-26T03:48:17.178Z OK: min DP%-PnL%=0.30% (XRP_2026_03_01_13_45_50), 49 positions
2026-03-26T03:50:16.574Z OK: min DP%-PnL%=0.30% (XRP_2026_03_01_13_45_50), 49 positions
2026-03-26T03:52:16.488Z OK: min DP%-PnL%=0.30% (XRP_2026_03_01_13_45_50), 49 positions
2026-03-26T03:54:16.817Z OK: min DP%-PnL%=0.30% (XRP_2026_03_01_13_45_50), 49 positions
2026-03-26T03:56:16.210Z OK: min DP%-PnL%=0.30% (XRP_2026_03_01_13_45_50), 49 positions
2026-03-26T03:58:17.453Z OK: min DP%-PnL%=0.30% (XRP_2026_03_01_13_45_50), 49 positions
2026-03-26T04:00:17.267Z OK: min DP%-PnL%=0.30% (XRP_2026_03_01_13_45_50), 49 positions
2026-03-26T04:02:17.179Z OK: min DP%-PnL%=0.30% (XRP_2026_03_01_13_45_50), 49 positions
2026-03-26T04:04:17.093Z OK: min DP%-PnL%=0.30% (XRP_2026_03_01_13_45_50), 49 positions
2026-03-26T04:06:16.594Z OK: min DP%-PnL%=0.30% (XRP_2026_03_01_13_45_50), 49 positions
2026-03-26T04:08:16.718Z OK: min DP%-PnL%=0.30% (XRP_2026_03_01_13_45_50), 49 positions
2026-03-26T04:10:17.445Z OK: min DP%-PnL%=0.30% (XRP_2026_03_01_13_45_50), 49 positions
2026-03-26T04:12:16.948Z OK: min DP%-PnL%=0.30% (XRP_2026_03_01_13_45_50), 49 positions
2026-03-26T04:14:17.573Z OK: min DP%-PnL%=0.30% (XRP_2026_03_01_13_45_50), 49 positions
2026-03-26T04:16:17.286Z OK: min DP%-PnL%=0.30% (XRP_2026_03_01_13_45_50), 49 positions
2026-03-26T04:18:16.277Z OK: min DP%-PnL%=0.30% (XRP_2026_03_01_13_45_50), 49 positions
2026-03-26T04:20:17.517Z OK: min DP%-PnL%=0.30% (XRP_2026_03_01_13_45_50), 49 positions
2026-03-26T04:22:17.532Z OK: min DP%-PnL%=0.30% (XRP_2026_03_01_13_45_50), 49 positions
2026-03-26T04:24:16.834Z OK: min DP%-PnL%=0.30% (XRP_2026_03_01_13_45_50), 49 positions
2026-03-26T04:26:17.357Z OK: min DP%-PnL%=0.30% (XRP_2026_03_01_13_45_50), 49 positions
2026-03-26T04:28:17.685Z OK: min DP%-PnL%=0.30% (XRP_2026_03_01_13_45_50), 49 positions
2026-03-26T04:30:16.367Z OK: min DP%-PnL%=0.30% (XRP_2026_03_01_13_45_50), 49 positions
2026-03-26T04:32:16.692Z OK: min DP%-PnL%=0.30% (XRP_2026_03_01_13_45_50), 49 positions
2026-03-26T04:34:16.497Z OK: min DP%-PnL%=0.30% (XRP_2026_03_01_13_45_50), 49 positions
2026-03-26T04:36:17.538Z OK: min DP%-PnL%=0.30% (XRP_2026_03_01_13_45_50), 49 positions
2026-03-26T04:38:16.736Z OK: min DP%-PnL%=0.30% (XRP_2026_03_01_13_45_50), 49 positions
2026-03-26T04:40:16.756Z OK: min DP%-PnL%=0.30% (XRP_2026_03_01_13_45_50), 49 positions
2026-03-26T04:42:16.148Z OK: min DP%-PnL%=0.30% (XRP_2026_03_01_13_45_50), 49 positions
2026-03-26T04:44:16.884Z OK: min DP%-PnL%=0.30% (XRP_2026_03_01_13_45_50), 49 positions
2026-03-26T04:46:17.610Z OK: min DP%-PnL%=0.30% (XRP_2026_03_01_13_45_50), 49 positions
2026-03-26T04:48:17.113Z OK: min DP%-PnL%=0.30% (XRP_2026_03_01_13_45_50), 49 positions
2026-03-26T04:50:17.166Z OK: min DP%-PnL%=0.30% (XRP_2026_03_01_13_45_50), 49 positions
2026-03-26T04:52:16.939Z OK: min DP%-PnL%=0.30% (XRP_2026_03_01_13_45_50), 49 positions
2026-03-26T04:54:17.780Z OK: min DP%-PnL%=0.30% (XRP_2026_03_01_13_45_50), 49 positions
2026-03-26T04:56:16.872Z OK: min DP%-PnL%=0.30% (XRP_2026_03_01_13_45_50), 49 positions
2026-03-26T04:58:16.577Z OK: min DP%-PnL%=0.30% (XRP_2026_03_01_13_45_50), 49 positions
2026-03-26T05:00:17.433Z OK: min DP%-PnL%=0.30% (XRP_2026_03_01_13_45_50), 49 positions
2026-03-26T05:02:16.183Z ERROR: page.evaluate: TypeError: Cannot convert undefined or null to object
    at Object.keys (<anonymous>)
    at eval (eval at evaluate (:290:30), <anonymous>:3:23)
    at UtilityScript.evaluate (<anonymous>:292:16)
    at UtilityScript.<anonymous> (<anonymous>:1:44)
2026-03-26T05:04:16.618Z OK: min DP%-PnL%=0.30% (XRP_2026_03_01_13_45_50), 49 positions
2026-03-26T05:06:17.456Z OK: min DP%-PnL%=0.30% (XRP_2026_03_01_13_45_50), 49 positions
2026-03-26T05:08:16.653Z OK: min DP%-PnL%=0.30% (XRP_2026_03_01_13_45_50), 49 positions
2026-03-26T05:10:17.800Z OK: min DP%-PnL%=0.30% (XRP_2026_03_01_13_45_50), 49 positions
2026-03-26T05:12:16.071Z OK: min DP%-PnL%=0.30% (XRP_2026_03_01_13_45_50), 49 positions
2026-03-26T05:14:16.697Z OK: min DP%-PnL%=0.30% (XRP_2026_03_01_13_45_50), 49 positions
2026-03-26T05:16:16.405Z OK: min DP%-PnL%=0.30% (XRP_2026_03_01_13_45_50), 49 positions
2026-03-26T05:18:16.215Z OK: min DP%-PnL%=0.30% (XRP_2026_03_01_13_45_50), 49 positions
2026-03-26T05:20:16.335Z OK: min DP%-PnL%=0.30% (XRP_2026_03_01_13_45_50), 49 positions
2026-03-26T05:22:16.964Z OK: min DP%-PnL%=0.30% (XRP_2026_03_01_13_45_50), 49 positions
2026-03-26T05:24:16.777Z OK: min DP%-PnL%=0.30% (XRP_2026_03_01_13_45_50), 49 positions
2026-03-26T05:26:16.688Z OK: min DP%-PnL%=0.30% (XRP_2026_03_01_13_45_50), 49 positions
2026-03-26T05:28:16.601Z OK: min DP%-PnL%=0.30% (XRP_2026_03_01_13_45_50), 49 positions
2026-03-26T05:30:16.927Z OK: min DP%-PnL%=0.30% (XRP_2026_03_01_13_45_50), 49 positions
2026-03-26T05:32:17.037Z OK: min DP%-PnL%=0.30% (XRP_2026_03_01_13_45_50), 49 positions
2026-03-26T05:34:16.029Z OK: min DP%-PnL%=0.30% (XRP_2026_03_01_13_45_50), 49 positions
2026-03-26T05:36:17.070Z OK: min DP%-PnL%=0.30% (XRP_2026_03_01_13_45_50), 49 positions
2026-03-26T05:38:17.189Z OK: min DP%-PnL%=0.30% (XRP_2026_03_01_13_45_50), 49 positions
2026-03-26T05:40:16.587Z OK: min DP%-PnL%=0.30% (XRP_2026_03_01_13_45_50), 49 positions
2026-03-26T05:42:15.936Z OK: min DP%-PnL%=0.30% (XRP_2026_03_01_13_45_50), 49 positions
2026-03-26T05:44:17.024Z OK: min DP%-PnL%=0.30% (XRP_2026_03_01_13_45_50), 49 positions
2026-03-26T05:46:16.738Z OK: min DP%-PnL%=0.30% (XRP_2026_03_01_13_45_50), 49 positions
2026-03-26T05:48:16.340Z OK: min DP%-PnL%=0.30% (XRP_2026_03_01_13_45_50), 49 positions
2026-03-26T05:50:16.967Z OK: min DP%-PnL%=0.30% (XRP_2026_03_01_13_45_50), 49 positions
2026-03-26T05:52:17.585Z ERROR: page.evaluate: TypeError: Cannot convert undefined or null to object
    at Object.keys (<anonymous>)
    at eval (eval at evaluate (:290:30), <anonymous>:3:23)
    at UtilityScript.evaluate (<anonymous>:292:16)
    at UtilityScript.<anonymous> (<anonymous>:1:44)
2026-03-26T05:54:17.512Z OK: min DP%-PnL%=0.30% (XRP_2026_03_01_13_45_50), 49 positions
2026-03-26T05:56:16.816Z OK: min DP%-PnL%=0.30% (XRP_2026_03_01_13_45_50), 49 positions
2026-03-26T05:58:16.213Z OK: min DP%-PnL%=0.30% (XRP_2026_03_01_13_45_50), 49 positions
2026-03-26T06:00:17.047Z OK: min DP%-PnL%=0.30% (XRP_2026_03_01_13_45_50), 49 positions
2026-03-26T06:02:16.556Z OK: min DP%-PnL%=0.30% (XRP_2026_03_01_13_45_50), 49 positions
2026-03-26T06:04:16.463Z OK: min DP%-PnL%=0.30% (XRP_2026_03_01_13_45_50), 49 positions
2026-03-26T06:06:16.171Z OK: min DP%-PnL%=0.30% (XRP_2026_03_01_13_45_50), 49 positions
2026-03-26T06:08:17.622Z OK: min DP%-PnL%=0.30% (XRP_2026_03_01_13_45_50), 49 positions
2026-03-26T06:10:15.796Z OK: min DP%-PnL%=0.30% (XRP_2026_03_01_13_45_50), 49 positions
2026-03-26T06:12:16.421Z OK: min DP%-PnL%=0.30% (XRP_2026_03_01_13_45_50), 49 positions
2026-03-26T06:14:16.337Z OK: min DP%-PnL%=0.30% (XRP_2026_03_01_13_45_50), 49 positions
2026-03-26T06:16:17.373Z OK: min DP%-PnL%=0.30% (XRP_2026_03_01_13_45_50), 49 positions
2026-03-26T06:18:16.780Z OK: min DP%-PnL%=0.30% (XRP_2026_03_01_13_45_50), 49 positions
2026-03-26T06:20:16.988Z OK: min DP%-PnL%=0.30% (XRP_2026_03_01_13_45_50), 49 positions
2026-03-26T06:22:16.600Z OK: min DP%-PnL%=0.30% (XRP_2026_03_01_13_45_50), 49 positions
2026-03-26T06:24:16.618Z OK: min DP%-PnL%=0.30% (XRP_2026_03_01_13_45_50), 49 positions
2026-03-26T06:26:16.528Z OK: min DP%-PnL%=0.30% (XRP_2026_03_01_13_45_50), 49 positions
2026-03-26T06:28:16.221Z OK: min DP%-PnL%=0.30% (XRP_2026_03_01_13_45_50), 49 positions
2026-03-26T06:30:17.226Z OK: min DP%-PnL%=0.30% (XRP_2026_03_01_13_45_50), 49 positions
2026-03-26T06:32:16.474Z OK: min DP%-PnL%=0.30% (XRP_2026_03_01_13_45_50), 49 positions
2026-03-26T06:34:16.692Z OK: min DP%-PnL%=0.30% (XRP_2026_03_01_13_45_50), 49 positions
2026-03-26T06:36:17.019Z OK: min DP%-PnL%=0.30% (XRP_2026_03_01_13_45_50), 49 positions
2026-03-26T06:38:16.507Z OK: min DP%-PnL%=0.30% (XRP_2026_03_01_13_45_50), 49 positions
2026-03-26T06:40:16.430Z OK: min DP%-PnL%=0.30% (XRP_2026_03_01_13_45_50), 49 positions
2026-03-26T06:42:16.047Z OK: min DP%-PnL%=0.30% (XRP_2026_03_01_13_45_50), 49 positions
2026-03-26T06:44:16.360Z OK: min DP%-PnL%=0.30% (XRP_2026_03_01_13_45_50), 49 positions
2026-03-26T06:46:17.303Z OK: min DP%-PnL%=0.30% (XRP_2026_03_01_13_45_50), 49 positions
2026-03-26T06:48:16.288Z OK: min DP%-PnL%=0.30% (XRP_2026_03_01_13_45_50), 49 positions
2026-03-26T06:50:15.914Z OK: min DP%-PnL%=0.30% (XRP_2026_03_01_13_45_50), 49 positions
2026-03-26T06:52:16.830Z OK: min DP%-PnL%=0.30% (XRP_2026_03_01_13_45_50), 49 positions
2026-03-26T06:54:17.982Z OK: min DP%-PnL%=0.26% (XRP_2026_01_10_08_40_29), 49 positions
2026-03-26T06:56:16.761Z OK: min DP%-PnL%=0.26% (XRP_2026_01_10_08_40_29), 49 positions
2026-03-26T06:58:16.669Z OK: min DP%-PnL%=0.24% (XRP_2026_01_10_08_40_29), 49 positions
2026-03-26T07:00:17.001Z OK: min DP%-PnL%=0.24% (XRP_2026_01_10_08_40_29), 49 positions
2026-03-26T07:02:17.110Z OK: min DP%-PnL%=0.24% (XRP_2026_01_10_08_40_29), 49 positions
2026-03-26T07:04:17.404Z OK: min DP%-PnL%=0.24% (XRP_2026_01_10_08_40_29), 49 positions
2026-03-26T07:06:18.068Z OK: min DP%-PnL%=0.24% (XRP_2026_01_10_08_40_29), 49 positions
2026-03-26T07:08:16.745Z OK: min DP%-PnL%=0.23% (XRP_2026_01_10_08_40_29), 49 positions
2026-03-26T07:10:17.073Z OK: min DP%-PnL%=0.22% (XRP_2026_01_10_08_40_29), 49 positions
2026-03-26T07:12:17.492Z OK: min DP%-PnL%=0.22% (XRP_2026_01_10_08_40_29), 49 positions
2026-03-26T07:14:17.536Z OK: min DP%-PnL%=0.22% (XRP_2026_01_10_08_40_29), 49 positions
2026-03-26T07:16:16.502Z OK: min DP%-PnL%=0.22% (XRP_2026_01_10_08_40_29), 49 positions
2026-03-26T07:18:16.687Z OK: min DP%-PnL%=0.22% (XRP_2026_01_10_08_40_29), 49 positions
2026-03-26T07:20:17.656Z OK: min DP%-PnL%=0.22% (XRP_2026_01_10_08_40_29), 49 positions
2026-03-26T07:22:17.147Z ERROR: page.evaluate: TypeError: Cannot convert undefined or null to object
    at Object.keys (<anonymous>)
    at eval (eval at evaluate (:290:30), <anonymous>:3:23)
    at UtilityScript.evaluate (<anonymous>:292:16)
    at UtilityScript.<anonymous> (<anonymous>:1:44)
2026-03-26T07:24:16.954Z OK: min DP%-PnL%=0.21% (XRP_2026_01_10_08_40_29), 49 positions
2026-03-26T07:26:17.957Z FILTER NOT APPLIED: owners=lazarevsky,parilov2026,vm2026,DatafundV2,OreshinDM,AntonDM total=1641. Skipping.
2026-03-26T07:28:16.694Z OK: min DP%-PnL%=0.21% (XRP_2026_01_10_08_40_29), 49 positions
2026-03-26T07:30:17.529Z OK: min DP%-PnL%=0.21% (XRP_2026_01_10_08_40_29), 49 positions
2026-03-26T07:32:16.419Z OK: min DP%-PnL%=0.21% (XRP_2026_01_10_08_40_29), 49 positions
2026-03-26T07:34:16.638Z OK: min DP%-PnL%=0.21% (XRP_2026_01_10_08_40_29), 49 positions
2026-03-26T07:36:17.371Z OK: min DP%-PnL%=0.21% (XRP_2026_01_10_08_40_29), 49 positions
2026-03-26T07:38:16.043Z OK: min DP%-PnL%=0.21% (XRP_2026_01_10_08_40_29), 49 positions
2026-03-26T07:40:16.375Z OK: min DP%-PnL%=0.21% (XRP_2026_01_10_08_40_29), 49 positions
2026-03-26T07:42:17.515Z OK: min DP%-PnL%=0.21% (XRP_2026_01_10_08_40_29), 49 positions
2026-03-26T07:44:16.698Z ERROR: page.evaluate: TypeError: Cannot convert undefined or null to object
    at Object.keys (<anonymous>)
    at eval (eval at evaluate (:290:30), <anonymous>:3:23)
    at UtilityScript.evaluate (<anonymous>:292:16)
    at UtilityScript.<anonymous> (<anonymous>:1:44)
2026-03-26T07:46:17.646Z OK: min DP%-PnL%=0.21% (XRP_2026_01_10_08_40_29), 49 positions
2026-03-26T07:48:16.845Z OK: min DP%-PnL%=0.21% (XRP_2026_01_10_08_40_29), 49 positions
2026-03-26T07:50:17.679Z OK: min DP%-PnL%=0.21% (XRP_2026_01_10_08_40_29), 49 positions
2026-03-26T07:52:17.081Z OK: min DP%-PnL%=0.21% (XRP_2026_01_10_08_40_29), 49 positions
2026-03-26T07:54:17.703Z OK: min DP%-PnL%=0.21% (XRP_2026_01_10_08_40_29), 49 positions
2026-03-26T07:56:17.134Z OK: min DP%-PnL%=0.21% (XRP_2026_01_10_08_40_29), 49 positions
2026-03-26T07:58:17.326Z OK: min DP%-PnL%=0.20% (XRP_2026_01_10_08_40_29), 49 positions
2026-03-26T08:00:17.445Z OK: min DP%-PnL%=0.20% (XRP_2026_01_10_08_40_29), 49 positions
2026-03-26T08:02:16.337Z OK: min DP%-PnL%=0.20% (XRP_2026_01_10_08_40_29), 49 positions
2026-03-26T08:04:16.656Z OK: min DP%-PnL%=0.20% (XRP_2026_01_10_08_40_29), 49 positions
2026-03-26T08:06:16.159Z OK: min DP%-PnL%=0.20% (XRP_2026_01_10_08_40_29), 49 positions
2026-03-26T08:08:15.979Z OK: min DP%-PnL%=0.20% (XRP_2026_01_10_08_40_29), 49 positions
2026-03-26T08:10:17.013Z OK: min DP%-PnL%=0.20% (XRP_2026_01_10_08_40_29), 49 positions
2026-03-26T08:12:16.464Z OK: min DP%-PnL%=0.20% (XRP_2026_01_10_08_40_29), 49 positions
2026-03-26T08:14:17.249Z OK: min DP%-PnL%=0.20% (XRP_2026_01_10_08_40_29), 49 positions
2026-03-26T08:16:16.856Z OK: min DP%-PnL%=0.20% (XRP_2026_01_10_08_40_29), 49 positions
2026-03-26T08:18:15.847Z OK: min DP%-PnL%=0.20% (XRP_2026_01_10_08_40_29), 49 positions
2026-03-26T08:20:17.500Z OK: min DP%-PnL%=0.20% (XRP_2026_01_10_08_40_29), 49 positions
2026-03-26T08:22:17.531Z OK: min DP%-PnL%=0.20% (XRP_2026_01_10_08_40_29), 49 positions
2026-03-26T08:24:16.202Z OK: min DP%-PnL%=0.20% (XRP_2026_01_10_08_40_29), 49 positions
2026-03-26T08:26:17.346Z OK: min DP%-PnL%=0.20% (XRP_2026_01_10_08_40_29), 49 positions
2026-03-26T08:28:17.441Z OK: min DP%-PnL%=0.20% (XRP_2026_01_10_08_40_29), 49 positions
2026-03-26T08:30:17.171Z OK: min DP%-PnL%=0.20% (XRP_2026_01_10_08_40_29), 49 positions
2026-03-26T08:32:17.083Z OK: min DP%-PnL%=0.20% (XRP_2026_01_10_08_40_29), 49 positions
2026-03-26T08:34:16.458Z OK: min DP%-PnL%=0.20% (XRP_2026_01_10_08_40_29), 49 positions
2026-03-26T08:36:17.219Z OK: min DP%-PnL%=0.20% (XRP_2026_01_10_08_40_29), 49 positions
2026-03-26T08:38:17.032Z OK: min DP%-PnL%=0.20% (XRP_2026_01_10_08_40_29), 49 positions
2026-03-26T08:40:17.554Z OK: min DP%-PnL%=0.20% (XRP_2026_01_10_08_40_29), 49 positions
2026-03-26T08:42:17.774Z OK: min DP%-PnL%=0.20% (XRP_2026_01_10_08_40_29), 49 positions
2026-03-26T08:44:16.840Z OK: min DP%-PnL%=0.20% (XRP_2026_01_10_08_40_29), 49 positions
2026-03-26T08:46:17.193Z OK: min DP%-PnL%=0.20% (XRP_2026_01_10_08_40_29), 49 positions
2026-03-26T08:48:17.013Z OK: min DP%-PnL%=0.20% (XRP_2026_01_10_08_40_29), 49 positions
2026-03-26T08:50:16.710Z OK: min DP%-PnL%=0.20% (XRP_2026_01_10_08_40_29), 49 positions
2026-03-26T08:52:16.315Z OK: min DP%-PnL%=0.20% (XRP_2026_01_10_08_40_29), 49 positions
2026-03-26T08:54:15.929Z OK: min DP%-PnL%=0.20% (XRP_2026_01_10_08_40_29), 49 positions
2026-03-26T08:56:16.141Z OK: min DP%-PnL%=0.20% (XRP_2026_01_10_08_40_29), 49 positions
2026-03-26T08:58:17.084Z OK: min DP%-PnL%=0.20% (XRP_2026_01_10_08_40_29), 49 positions
2026-03-26T09:00:17.506Z OK: min DP%-PnL%=0.20% (XRP_2026_01_10_08_40_29), 49 positions
2026-03-26T09:02:17.114Z OK: min DP%-PnL%=0.20% (XRP_2026_01_10_08_40_29), 49 positions
2026-03-26T09:04:15.953Z OK: min DP%-PnL%=0.20% (XRP_2026_01_10_08_40_29), 49 positions
2026-03-26T09:06:16.322Z OK: min DP%-PnL%=0.20% (XRP_2026_01_10_08_40_29), 49 positions
2026-03-26T09:08:16.646Z OK: min DP%-PnL%=0.20% (XRP_2026_01_10_08_40_29), 49 positions
2026-03-26T09:10:16.974Z OK: min DP%-PnL%=0.20% (XRP_2026_01_10_08_40_29), 49 positions
2026-03-26T09:12:17.596Z OK: min DP%-PnL%=0.20% (XRP_2026_01_10_08_40_29), 49 positions
2026-03-26T09:14:17.511Z OK: min DP%-PnL%=0.20% (XRP_2026_01_10_08_40_29), 49 positions
2026-03-26T09:16:17.528Z OK: min DP%-PnL%=0.20% (XRP_2026_01_10_08_40_29), 49 positions
2026-03-26T09:18:18.155Z OK: min DP%-PnL%=0.20% (XRP_2026_01_10_08_40_29), 49 positions
2026-03-26T09:20:16.943Z OK: min DP%-PnL%=0.20% (XRP_2026_01_10_08_40_29), 49 positions
2026-03-26T09:22:16.439Z OK: min DP%-PnL%=0.20% (XRP_2026_01_10_08_40_29), 49 positions
2026-03-26T09:24:17.633Z OK: min DP%-PnL%=0.20% (XRP_2026_01_10_08_40_29), 49 positions
2026-03-26T09:26:17.085Z OK: min DP%-PnL%=0.20% (XRP_2026_01_10_08_40_29), 49 positions
2026-03-26T09:28:17.707Z OK: min DP%-PnL%=0.20% (XRP_2026_01_10_08_40_29), 49 positions
2026-03-26T09:30:16.802Z OK: min DP%-PnL%=0.20% (XRP_2026_01_10_08_40_29), 49 positions
2026-03-26T09:32:17.001Z OK: min DP%-PnL%=0.20% (XRP_2026_01_10_08_40_29), 49 positions
2026-03-26T09:34:16.576Z OK: min DP%-PnL%=0.20% (XRP_2026_01_10_08_40_29), 49 positions
2026-03-26T09:36:17.353Z OK: min DP%-PnL%=0.20% (XRP_2026_01_10_08_40_29), 49 positions
2026-03-26T09:38:17.065Z OK: min DP%-PnL%=0.20% (XRP_2026_01_10_08_40_29), 49 positions
2026-03-26T09:40:16.666Z OK: min DP%-PnL%=0.20% (XRP_2026_01_10_08_40_29), 49 positions
2026-03-26T09:42:17.096Z OK: min DP%-PnL%=0.20% (XRP_2026_01_10_08_40_29), 49 positions
2026-03-26T09:44:16.593Z OK: min DP%-PnL%=0.20% (XRP_2026_01_10_08_40_29), 49 positions
2026-03-26T09:46:16.711Z OK: min DP%-PnL%=0.20% (XRP_2026_01_10_08_40_29), 49 positions
2026-03-26T09:48:17.337Z OK: min DP%-PnL%=0.20% (XRP_2026_01_10_08_40_29), 49 positions
2026-03-26T09:50:16.947Z OK: min DP%-PnL%=0.20% (XRP_2026_01_10_08_40_29), 49 positions
2026-03-26T09:52:16.141Z OK: min DP%-PnL%=0.20% (XRP_2026_01_10_08_40_29), 49 positions
2026-03-26T09:54:17.384Z OK: min DP%-PnL%=0.20% (XRP_2026_01_10_08_40_29), 49 positions
2026-03-26T09:56:15.972Z OK: min DP%-PnL%=0.20% (XRP_2026_01_10_08_40_29), 49 positions
2026-03-26T09:58:17.414Z OK: min DP%-PnL%=0.20% (XRP_2026_01_10_08_40_29), 49 positions
2026-03-26T10:00:18.058Z OK: min DP%-PnL%=0.20% (XRP_2026_01_10_08_40_29), 49 positions
2026-03-26T10:02:16.732Z OK: min DP%-PnL%=0.20% (XRP_2026_01_10_08_40_29), 49 positions
2026-03-26T10:04:17.465Z OK: min DP%-PnL%=0.20% (XRP_2026_01_10_08_40_29), 49 positions
2026-03-26T10:06:17.293Z OK: min DP%-PnL%=0.20% (XRP_2026_01_10_08_40_29), 49 positions
2026-03-26T10:08:17.024Z OK: min DP%-PnL%=0.20% (XRP_2026_01_10_08_40_29), 49 positions
2026-03-26T10:10:16.794Z OK: min DP%-PnL%=0.20% (XRP_2026_01_10_08_40_29), 49 positions
2026-03-26T10:12:17.318Z OK: min DP%-PnL%=0.20% (XRP_2026_01_10_08_40_29), 49 positions
2026-03-26T10:14:16.194Z ERROR: page.evaluate: TypeError: Cannot convert undefined or null to object
    at Object.keys (<anonymous>)
    at eval (eval at evaluate (:290:30), <anonymous>:3:23)
    at UtilityScript.evaluate (<anonymous>:292:16)
    at UtilityScript.<anonymous> (<anonymous>:1:44)
2026-03-26T10:16:16.836Z OK: min DP%-PnL%=0.20% (XRP_2026_01_10_08_40_29), 49 positions
2026-03-26T10:18:16.443Z OK: min DP%-PnL%=0.20% (XRP_2026_01_10_08_40_29), 49 positions
2026-03-26T10:20:16.253Z OK: min DP%-PnL%=0.20% (XRP_2026_01_10_08_40_29), 49 positions
2026-03-26T10:22:17.092Z OK: min DP%-PnL%=0.20% (XRP_2026_01_10_08_40_29), 49 positions
2026-03-26T10:24:17.009Z OK: min DP%-PnL%=0.20% (XRP_2026_01_10_08_40_29), 49 positions
2026-03-26T10:26:16.503Z OK: min DP%-PnL%=0.20% (XRP_2026_01_10_08_40_29), 49 positions
2026-03-26T10:28:15.593Z OK: min DP%-PnL%=0.20% (XRP_2026_01_10_08_40_29), 49 positions
2026-03-26T10:30:16.840Z OK: min DP%-PnL%=0.20% (XRP_2026_01_10_08_40_29), 49 positions
2026-03-26T10:32:16.448Z OK: min DP%-PnL%=0.20% (XRP_2026_01_10_08_40_29), 49 positions
2026-03-26T10:34:17.489Z OK: min DP%-PnL%=0.20% (XRP_2026_01_10_08_40_29), 49 positions
2026-03-26T10:36:16.689Z OK: min DP%-PnL%=0.20% (XRP_2026_01_10_08_40_29), 49 positions
2026-03-26T10:38:17.516Z OK: min DP%-PnL%=0.20% (XRP_2026_01_10_08_40_29), 49 positions
2026-03-26T10:40:17.223Z OK: min DP%-PnL%=0.20% (XRP_2026_01_10_08_40_29), 49 positions
2026-03-26T10:42:17.049Z OK: min DP%-PnL%=0.20% (XRP_2026_01_10_08_40_29), 49 positions
2026-03-26T10:44:17.151Z OK: min DP%-PnL%=0.20% (XRP_2026_01_10_08_40_29), 49 positions
2026-03-26T10:46:16.655Z OK: min DP%-PnL%=0.20% (XRP_2026_01_10_08_40_29), 49 positions
2026-03-26T10:48:17.182Z OK: min DP%-PnL%=0.20% (XRP_2026_01_10_08_40_29), 49 positions
2026-03-26T10:50:17.299Z OK: min DP%-PnL%=0.20% (XRP_2026_01_10_08_40_29), 49 positions
2026-03-26T10:52:16.803Z OK: min DP%-PnL%=0.20% (XRP_2026_01_10_08_40_29), 49 positions
2026-03-26T10:54:18.092Z OK: min DP%-PnL%=0.20% (XRP_2026_01_10_08_40_29), 49 positions
2026-03-26T10:56:17.144Z OK: min DP%-PnL%=0.20% (XRP_2026_01_10_08_40_29), 49 positions
2026-03-26T10:58:16.540Z OK: min DP%-PnL%=0.20% (XRP_2026_01_10_08_40_29), 49 positions
2026-03-26T11:00:17.272Z OK: min DP%-PnL%=0.20% (XRP_2026_01_10_08_40_29), 49 positions
2026-03-26T11:02:16.981Z OK: min DP%-PnL%=0.20% (XRP_2026_01_10_08_40_29), 49 positions
2026-03-26T11:04:17.103Z OK: min DP%-PnL%=0.20% (XRP_2026_01_10_08_40_29), 49 positions
2026-03-26T11:06:17.419Z OK: min DP%-PnL%=0.20% (XRP_2026_01_10_08_40_29), 49 positions
2026-03-26T11:08:17.952Z OK: min DP%-PnL%=0.20% (XRP_2026_01_10_08_40_29), 49 positions
2026-03-26T11:10:17.766Z OK: min DP%-PnL%=0.20% (XRP_2026_01_10_08_40_29), 49 positions
2026-03-26T11:12:16.386Z OK: min DP%-PnL%=0.20% (XRP_2026_01_10_08_40_29), 49 positions
2026-03-26T11:14:16.460Z OK: min DP%-PnL%=0.20% (XRP_2026_01_10_08_40_29), 49 positions
2026-03-26T11:16:17.191Z OK: min DP%-PnL%=0.20% (XRP_2026_01_10_08_40_29), 49 positions
2026-03-26T11:18:15.568Z OK: min DP%-PnL%=0.20% (XRP_2026_01_10_08_40_29), 49 positions
2026-03-26T11:20:17.370Z OK: min DP%-PnL%=0.20% (XRP_2026_01_10_08_40_29), 49 positions
2026-03-26T11:22:18.366Z OK: min DP%-PnL%=0.20% (XRP_2026_01_10_08_40_29), 49 positions
2026-03-26T11:24:16.507Z OK: min DP%-PnL%=0.20% (XRP_2026_01_10_08_40_29), 49 positions
2026-03-26T11:26:17.076Z OK: min DP%-PnL%=0.20% (XRP_2026_01_10_08_40_29), 49 positions
2026-03-26T11:28:16.063Z OK: min DP%-PnL%=0.20% (XRP_2026_01_10_08_40_29), 49 positions
2026-03-26T11:30:16.813Z OK: min DP%-PnL%=0.20% (XRP_2026_01_10_08_40_29), 49 positions
2026-03-26T11:32:16.495Z OK: min DP%-PnL%=0.20% (XRP_2026_01_10_08_40_29), 49 positions
2026-03-26T11:34:16.922Z OK: min DP%-PnL%=0.20% (XRP_2026_01_10_08_40_29), 49 positions
2026-03-26T11:36:16.219Z OK: min DP%-PnL%=0.20% (XRP_2026_01_10_08_40_29), 49 positions
2026-03-26T11:38:17.414Z OK: min DP%-PnL%=0.20% (XRP_2026_01_10_08_40_29), 49 positions
2026-03-26T11:40:16.246Z OK: min DP%-PnL%=0.20% (XRP_2026_01_10_08_40_29), 49 positions
2026-03-26T11:42:18.329Z OK: min DP%-PnL%=0.20% (XRP_2026_01_10_08_40_29), 49 positions
2026-03-26T11:44:17.386Z OK: min DP%-PnL%=0.20% (XRP_2026_01_10_08_40_29), 49 positions
2026-03-26T11:46:17.827Z OK: min DP%-PnL%=0.20% (XRP_2026_01_10_08_40_29), 49 positions
2026-03-26T11:48:17.436Z OK: min DP%-PnL%=0.20% (XRP_2026_01_10_08_40_29), 49 positions
2026-03-26T11:50:16.983Z OK: min DP%-PnL%=0.20% (XRP_2026_01_10_08_40_29), 49 positions
2026-03-26T11:52:17.463Z OK: min DP%-PnL%=0.20% (XRP_2026_01_10_08_40_29), 49 positions
2026-03-26T11:54:17.276Z OK: min DP%-PnL%=0.20% (XRP_2026_01_10_08_40_29), 49 positions
2026-03-26T11:56:17.188Z OK: min DP%-PnL%=0.20% (XRP_2026_01_10_08_40_29), 49 positions
2026-03-26T11:58:17.818Z OK: min DP%-PnL%=0.20% (XRP_2026_01_10_08_40_29), 49 positions
2026-03-26T12:00:18.052Z OK: min DP%-PnL%=0.20% (XRP_2026_01_10_08_40_29), 49 positions
2026-03-26T12:02:17.029Z OK: min DP%-PnL%=0.20% (XRP_2026_01_10_08_40_29), 49 positions
2026-03-26T12:04:17.968Z OK: min DP%-PnL%=0.20% (XRP_2026_01_10_08_40_29), 49 positions
2026-03-26T12:06:17.266Z OK: min DP%-PnL%=0.20% (XRP_2026_01_10_08_40_29), 49 positions
2026-03-26T12:08:16.771Z OK: min DP%-PnL%=0.20% (XRP_2026_01_10_08_40_29), 49 positions
2026-03-26T12:10:16.242Z OK: min DP%-PnL%=0.20% (XRP_2026_01_10_08_40_29), 49 positions
2026-03-26T12:12:16.703Z OK: min DP%-PnL%=0.20% (XRP_2026_01_10_08_40_29), 49 positions
2026-03-26T12:14:18.015Z OK: min DP%-PnL%=0.20% (XRP_2026_01_10_08_40_29), 49 positions
2026-03-26T12:16:17.207Z OK: min DP%-PnL%=0.20% (XRP_2026_01_10_08_40_29), 49 positions
2026-03-26T12:18:16.368Z OK: min DP%-PnL%=0.20% (XRP_2026_01_10_08_40_29), 49 positions
2026-03-26T12:20:16.639Z OK: min DP%-PnL%=0.20% (XRP_2026_01_10_08_40_29), 49 positions
2026-03-26T12:22:17.922Z OK: min DP%-PnL%=0.20% (XRP_2026_01_10_08_40_29), 49 positions
2026-03-26T12:24:17.810Z OK: min DP%-PnL%=0.20% (XRP_2026_01_10_08_40_29), 49 positions
2026-03-26T12:26:17.765Z OK: min DP%-PnL%=0.20% (XRP_2026_01_10_08_40_29), 49 positions
2026-03-26T12:28:17.414Z OK: min DP%-PnL%=0.20% (XRP_2026_01_10_08_40_29), 49 positions
2026-03-26T12:30:17.306Z OK: min DP%-PnL%=0.20% (XRP_2026_01_10_08_40_29), 49 positions
2026-03-26T12:32:17.580Z OK: min DP%-PnL%=0.20% (XRP_2026_01_10_08_40_29), 49 positions
2026-03-26T12:34:18.023Z OK: min DP%-PnL%=0.20% (XRP_2026_01_10_08_40_29), 49 positions
2026-03-26T12:36:17.227Z OK: min DP%-PnL%=0.20% (XRP_2026_01_10_08_40_29), 49 positions
2026-03-26T12:38:17.787Z OK: min DP%-PnL%=0.20% (XRP_2026_01_10_08_40_29), 49 positions
2026-03-26T12:40:18.358Z OK: min DP%-PnL%=0.20% (XRP_2026_01_10_08_40_29), 49 positions
2026-03-26T12:42:16.121Z OK: min DP%-PnL%=0.20% (XRP_2026_01_10_08_40_29), 49 positions
2026-03-26T12:44:17.491Z OK: min DP%-PnL%=0.20% (XRP_2026_01_10_08_40_29), 49 positions
2026-03-26T12:46:17.992Z OK: min DP%-PnL%=0.20% (XRP_2026_01_10_08_40_29), 49 positions
2026-03-26T12:48:17.368Z OK: min DP%-PnL%=0.20% (XRP_2026_01_10_08_40_29), 49 positions
2026-03-26T12:50:17.358Z OK: min DP%-PnL%=0.20% (XRP_2026_01_10_08_40_29), 49 positions
2026-03-26T12:52:16.140Z OK: min DP%-PnL%=0.20% (XRP_2026_01_10_08_40_29), 49 positions
2026-03-26T12:54:17.466Z OK: min DP%-PnL%=0.20% (XRP_2026_01_10_08_40_29), 49 positions
2026-03-26T12:56:17.769Z OK: min DP%-PnL%=0.20% (XRP_2026_01_10_08_40_29), 49 positions
2026-03-26T12:58:17.425Z OK: min DP%-PnL%=0.20% (XRP_2026_01_10_08_40_29), 49 positions
2026-03-26T13:00:17.657Z OK: min DP%-PnL%=0.20% (XRP_2026_01_10_08_40_29), 49 positions
2026-03-26T13:02:17.261Z OK: min DP%-PnL%=0.20% (XRP_2026_01_10_08_40_29), 49 positions
2026-03-26T13:04:17.481Z OK: min DP%-PnL%=0.20% (XRP_2026_01_10_08_40_29), 49 positions
2026-03-26T13:06:17.491Z OK: min DP%-PnL%=0.20% (XRP_2026_01_10_08_40_29), 49 positions
2026-03-26T13:08:17.104Z OK: min DP%-PnL%=0.20% (XRP_2026_01_10_08_40_29), 49 positions
2026-03-26T13:10:17.324Z OK: min DP%-PnL%=0.20% (XRP_2026_01_10_08_40_29), 49 positions
2026-03-26T13:12:16.820Z OK: min DP%-PnL%=0.20% (XRP_2026_01_10_08_40_29), 49 positions
2026-03-26T13:14:16.933Z OK: min DP%-PnL%=0.20% (XRP_2026_01_10_08_40_29), 49 positions
2026-03-26T13:16:17.054Z OK: min DP%-PnL%=0.20% (XRP_2026_01_10_08_40_29), 49 positions
2026-03-26T13:18:16.855Z OK: min DP%-PnL%=0.20% (XRP_2026_01_10_08_40_29), 49 positions
2026-03-26T13:20:17.529Z OK: min DP%-PnL%=0.20% (XRP_2026_01_10_08_40_29), 49 positions
2026-03-26T13:22:17.510Z OK: min DP%-PnL%=0.20% (XRP_2026_01_10_08_40_29), 49 positions
2026-03-26T13:24:16.905Z OK: min DP%-PnL%=0.20% (XRP_2026_01_10_08_40_29), 49 positions
2026-03-26T13:26:16.818Z OK: min DP%-PnL%=0.20% (XRP_2026_01_10_08_40_29), 49 positions
2026-03-26T13:28:17.446Z OK: min DP%-PnL%=0.20% (XRP_2026_01_10_08_40_29), 49 positions
2026-03-26T13:30:16.538Z OK: min DP%-PnL%=0.20% (XRP_2026_01_10_08_40_29), 49 positions
2026-03-26T13:32:17.578Z OK: min DP%-PnL%=0.20% (XRP_2026_01_10_08_40_29), 49 positions
2026-03-26T13:34:17.387Z OK: min DP%-PnL%=0.20% (XRP_2026_01_10_08_40_29), 49 positions
2026-03-26T13:36:16.789Z OK: min DP%-PnL%=0.20% (XRP_2026_01_10_08_40_29), 49 positions
2026-03-26T13:38:17.003Z OK: min DP%-PnL%=0.20% (XRP_2026_01_10_08_40_29), 49 positions
2026-03-26T13:40:16.817Z OK: min DP%-PnL%=0.20% (XRP_2026_01_10_08_40_29), 49 positions
2026-03-26T13:42:29.448Z ERROR: page.evaluate: TypeError: Cannot convert undefined or null to object
    at Object.keys (<anonymous>)
    at setProps (eval at evaluate (:290:30), <anonymous>:4:25)
    at eval (eval at evaluate (:290:30), <anonymous>:12:5)
    at UtilityScript.evaluate (<anonymous>:292:16)
    at UtilityScript.<anonymous> (<anonymous>:1:44)
2026-03-26T13:44:31.741Z ERROR: page.goto: Timeout 30000ms exceeded.
Call log:
  - navigating to "https://inv.ondatamint.com/dashboard/", waiting until "networkidle"

2026-03-26T13:46:32.227Z ERROR: page.goto: Timeout 30000ms exceeded.
Call log:
  - navigating to "https://inv.ondatamint.com/dashboard/", waiting until "networkidle"

2026-03-26T13:48:31.554Z ERROR: page.goto: Timeout 30000ms exceeded.
Call log:
  - navigating to "https://inv.ondatamint.com/dashboard/", waiting until "networkidle"

2026-03-26T13:50:31.864Z ERROR: page.goto: Timeout 30000ms exceeded.
Call log:
  - navigating to "https://inv.ondatamint.com/dashboard/", waiting until "networkidle"

2026-03-26T13:52:32.163Z ERROR: page.goto: Timeout 30000ms exceeded.
Call log:
  - navigating to "https://inv.ondatamint.com/dashboard/", waiting until "networkidle"

2026-03-26T13:54:31.454Z ERROR: page.goto: Timeout 30000ms exceeded.
Call log:
  - navigating to "https://inv.ondatamint.com/dashboard/", waiting until "networkidle"

2026-03-26T13:56:31.770Z ERROR: page.goto: Timeout 30000ms exceeded.
Call log:
  - navigating to "https://inv.ondatamint.com/dashboard/", waiting until "networkidle"

2026-03-26T13:58:13.063Z ERROR: page.evaluate: TypeError: Cannot convert undefined or null to object
    at Object.keys (<anonymous>)
    at setProps (eval at evaluate (:290:30), <anonymous>:4:25)
    at eval (eval at evaluate (:290:30), <anonymous>:12:5)
    at UtilityScript.evaluate (<anonymous>:292:16)
    at UtilityScript.<anonymous> (<anonymous>:1:44)
2026-03-26T14:00:18.020Z OK: min DP%-PnL%=0.20% (XRP_2026_01_10_08_40_29), 49 positions
2026-03-26T14:02:16.445Z OK: min DP%-PnL%=0.20% (XRP_2026_01_10_08_40_29), 49 positions
2026-03-26T14:04:16.217Z OK: min DP%-PnL%=0.20% (XRP_2026_01_10_08_40_29), 49 positions
2026-03-26T14:06:16.824Z OK: min DP%-PnL%=0.20% (XRP_2026_01_10_08_40_29), 49 positions
2026-03-26T14:08:17.263Z OK: min DP%-PnL%=0.20% (XRP_2026_01_10_08_40_29), 49 positions
2026-03-26T14:10:17.488Z OK: min DP%-PnL%=0.20% (XRP_2026_01_10_08_40_29), 49 positions
2026-03-26T14:12:16.055Z OK: min DP%-PnL%=0.20% (XRP_2026_01_10_08_40_29), 49 positions
2026-03-26T14:14:17.299Z OK: min DP%-PnL%=0.20% (XRP_2026_01_10_08_40_29), 49 positions
2026-03-26T14:16:17.531Z OK: min DP%-PnL%=0.20% (XRP_2026_01_10_08_40_29), 49 positions
2026-03-26T14:18:17.131Z OK: min DP%-PnL%=0.20% (XRP_2026_01_10_08_40_29), 50 positions
2026-03-26T14:20:16.835Z OK: min DP%-PnL%=0.20% (XRP_2026_01_10_08_40_29), 50 positions
2026-03-26T14:22:17.664Z OK: min DP%-PnL%=0.20% (XRP_2026_01_10_08_40_29), 50 positions
2026-03-26T14:24:16.250Z OK: min DP%-PnL%=0.20% (XRP_2026_01_10_08_40_29), 50 positions
2026-03-26T14:26:17.208Z OK: min DP%-PnL%=0.20% (XRP_2026_01_10_08_40_29), 50 positions
2026-03-26T14:28:16.078Z OK: min DP%-PnL%=0.20% (XRP_2026_01_10_08_40_29), 50 positions
2026-03-26T14:30:15.867Z OK: min DP%-PnL%=0.20% (XRP_2026_01_10_08_40_29), 50 positions
2026-03-26T14:32:16.696Z OK: min DP%-PnL%=0.20% (XRP_2026_01_10_08_40_29), 50 positions
2026-03-26T14:34:16.923Z OK: min DP%-PnL%=0.20% (XRP_2026_01_10_08_40_29), 50 positions
2026-03-26T14:36:17.344Z OK: min DP%-PnL%=0.20% (XRP_2026_01_10_08_40_29), 50 positions
2026-03-26T14:38:17.257Z OK: min DP%-PnL%=0.20% (XRP_2026_01_10_08_40_29), 50 positions
2026-03-26T14:40:17.576Z OK: min DP%-PnL%=0.20% (XRP_2026_01_10_08_40_29), 50 positions
2026-03-26T14:42:17.496Z OK: min DP%-PnL%=0.20% (XRP_2026_01_10_08_40_29), 50 positions
2026-03-26T14:44:17.300Z OK: min DP%-PnL%=0.20% (XRP_2026_01_10_08_40_29), 50 positions
2026-03-26T14:46:16.960Z OK: min DP%-PnL%=0.20% (XRP_2026_01_10_08_40_29), 50 positions
2026-03-26T14:48:17.230Z OK: min DP%-PnL%=0.20% (XRP_2026_01_10_08_40_29), 50 positions
2026-03-26T14:50:16.630Z OK: min DP%-PnL%=0.20% (XRP_2026_01_10_08_40_29), 50 positions
2026-03-26T14:52:16.655Z OK: min DP%-PnL%=0.20% (XRP_2026_01_10_08_40_29), 50 positions
2026-03-26T14:54:16.661Z ERROR: page.evaluate: TypeError: Cannot convert undefined or null to object
    at Object.keys (<anonymous>)
    at eval (eval at evaluate (:290:30), <anonymous>:3:23)
    at UtilityScript.evaluate (<anonymous>:292:16)
    at UtilityScript.<anonymous> (<anonymous>:1:44)
2026-03-26T14:56:18.356Z OK: min DP%-PnL%=0.20% (XRP_2026_01_10_08_40_29), 50 positions
2026-03-26T14:58:16.307Z OK: min DP%-PnL%=0.20% (XRP_2026_01_10_08_40_29), 50 positions
2026-03-26T15:00:17.046Z OK: min DP%-PnL%=0.20% (XRP_2026_01_10_08_40_29), 50 positions
2026-03-26T15:02:17.473Z OK: min DP%-PnL%=0.20% (XRP_2026_01_10_08_40_29), 50 positions
2026-03-26T15:04:17.080Z OK: min DP%-PnL%=0.20% (XRP_2026_01_10_08_40_29), 50 positions
2026-03-26T15:06:18.235Z OK: min DP%-PnL%=0.20% (XRP_2026_01_10_08_40_29), 50 positions
2026-03-26T15:08:17.113Z OK: min DP%-PnL%=0.20% (XRP_2026_01_10_08_40_29), 50 positions
2026-03-26T15:10:17.335Z OK: min DP%-PnL%=0.20% (XRP_2026_01_10_08_40_29), 50 positions
2026-03-26T15:12:16.329Z OK: min DP%-PnL%=0.20% (XRP_2026_01_10_08_40_29), 50 positions
2026-03-26T15:14:16.655Z OK: min DP%-PnL%=0.20% (XRP_2026_01_10_08_40_29), 50 positions
2026-03-26T15:16:17.386Z OK: min DP%-PnL%=0.20% (XRP_2026_01_10_08_40_29), 50 positions
2026-03-26T15:18:17.406Z OK: min DP%-PnL%=0.20% (XRP_2026_01_10_08_40_29), 50 positions
2026-03-26T15:20:17.110Z OK: min DP%-PnL%=0.20% (XRP_2026_01_10_08_40_29), 50 positions
2026-03-26T15:22:16.721Z OK: min DP%-PnL%=0.20% (XRP_2026_01_10_08_40_29), 50 positions
2026-03-26T15:24:16.781Z OK: min DP%-PnL%=0.20% (XRP_2026_01_10_08_40_29), 50 positions
2026-03-26T15:26:17.768Z OK: min DP%-PnL%=0.20% (XRP_2026_01_10_08_40_29), 50 positions
2026-03-26T15:28:17.781Z OK: min DP%-PnL%=0.20% (XRP_2026_01_10_08_40_29), 50 positions
2026-03-26T15:30:17.247Z OK: min DP%-PnL%=0.20% (XRP_2026_01_10_08_40_29), 50 positions
2026-03-26T15:32:17.685Z OK: min DP%-PnL%=0.20% (XRP_2026_01_10_08_40_29), 50 positions
2026-03-26T15:34:17.417Z OK: min DP%-PnL%=0.20% (XRP_2026_01_10_08_40_29), 50 positions
2026-03-26T15:36:16.879Z OK: min DP%-PnL%=0.20% (XRP_2026_01_10_08_40_29), 50 positions
2026-03-26T15:38:17.554Z OK: min DP%-PnL%=0.20% (XRP_2026_01_10_08_40_29), 50 positions
2026-03-26T15:40:17.153Z OK: min DP%-PnL%=0.20% (XRP_2026_01_10_08_40_29), 50 positions
2026-03-26T15:42:16.724Z OK: min DP%-PnL%=0.20% (XRP_2026_01_10_08_40_29), 50 positions
2026-03-26T15:44:17.394Z OK: min DP%-PnL%=0.20% (XRP_2026_01_10_08_40_29), 50 positions
2026-03-26T15:46:18.181Z OK: min DP%-PnL%=0.20% (XRP_2026_01_10_08_40_29), 50 positions
2026-03-26T15:48:18.030Z OK: min DP%-PnL%=0.20% (XRP_2026_01_10_08_40_29), 50 positions
2026-03-26T15:50:17.432Z OK: min DP%-PnL%=0.20% (XRP_2026_01_10_08_40_29), 50 positions
2026-03-26T15:52:17.138Z OK: min DP%-PnL%=0.20% (XRP_2026_01_10_08_40_29), 50 positions
2026-03-26T15:54:17.265Z OK: min DP%-PnL%=0.20% (XRP_2026_01_10_08_40_29), 50 positions
2026-03-26T15:56:16.148Z OK: min DP%-PnL%=0.20% (XRP_2026_01_10_08_40_29), 50 positions
2026-03-26T15:58:16.551Z OK: min DP%-PnL%=0.20% (XRP_2026_01_10_08_40_29), 50 positions
2026-03-26T16:00:17.402Z OK: min DP%-PnL%=0.20% (XRP_2026_01_10_08_40_29), 50 positions
2026-03-26T16:02:16.521Z OK: min DP%-PnL%=0.20% (XRP_2026_01_10_08_40_29), 50 positions
2026-03-26T16:04:17.338Z OK: min DP%-PnL%=0.20% (XRP_2026_01_10_08_40_29), 50 positions
2026-03-26T16:06:17.622Z OK: min DP%-PnL%=0.20% (XRP_2026_01_10_08_40_29), 50 positions
2026-03-26T16:08:18.185Z OK: min DP%-PnL%=0.20% (XRP_2026_01_10_08_40_29), 50 positions
2026-03-26T16:10:16.444Z OK: min DP%-PnL%=0.20% (XRP_2026_01_10_08_40_29), 50 positions
2026-03-26T16:12:18.103Z OK: min DP%-PnL%=0.20% (XRP_2026_01_10_08_40_29), 50 positions
2026-03-26T16:14:16.850Z OK: min DP%-PnL%=0.20% (XRP_2026_01_10_08_40_29), 50 positions
2026-03-26T16:16:16.648Z OK: min DP%-PnL%=0.20% (XRP_2026_01_10_08_40_29), 50 positions
2026-03-26T16:18:16.913Z OK: min DP%-PnL%=0.20% (XRP_2026_01_10_08_40_29), 50 positions
2026-03-26T16:20:16.634Z OK: min DP%-PnL%=0.20% (XRP_2026_01_10_08_40_29), 50 positions
2026-03-26T16:22:16.755Z OK: min DP%-PnL%=0.20% (XRP_2026_01_10_08_40_29), 50 positions
2026-03-26T16:24:16.520Z OK: min DP%-PnL%=0.20% (XRP_2026_01_10_08_40_29), 50 positions
2026-03-26T16:26:17.809Z OK: min DP%-PnL%=0.20% (XRP_2026_01_10_08_40_29), 50 positions
2026-03-26T16:28:15.916Z OK: min DP%-PnL%=0.20% (XRP_2026_01_10_08_40_29), 50 positions
2026-03-26T16:30:16.870Z OK: min DP%-PnL%=0.20% (XRP_2026_01_10_08_40_29), 50 positions
2026-03-26T16:32:16.654Z OK: min DP%-PnL%=0.20% (XRP_2026_01_10_08_40_29), 50 positions
2026-03-26T16:34:17.052Z OK: min DP%-PnL%=0.20% (XRP_2026_01_10_08_40_29), 50 positions
2026-03-26T16:36:16.655Z OK: min DP%-PnL%=0.20% (XRP_2026_01_10_08_40_29), 50 positions
2026-03-26T16:38:16.878Z OK: min DP%-PnL%=0.20% (XRP_2026_01_10_08_40_29), 50 positions
2026-03-26T16:40:17.511Z OK: min DP%-PnL%=0.20% (XRP_2026_01_10_08_40_29), 50 positions
2026-03-26T16:42:17.523Z OK: min DP%-PnL%=0.20% (XRP_2026_01_10_08_40_29), 50 positions
2026-03-26T16:44:16.124Z OK: min DP%-PnL%=0.20% (XRP_2026_01_10_08_40_29), 50 positions
2026-03-26T16:46:17.356Z OK: min DP%-PnL%=0.20% (XRP_2026_01_10_08_40_29), 50 positions
2026-03-26T16:48:17.372Z OK: min DP%-PnL%=0.20% (XRP_2026_01_10_08_40_29), 50 positions
2026-03-26T16:50:16.767Z OK: min DP%-PnL%=0.20% (XRP_2026_01_10_08_40_29), 50 positions
2026-03-26T16:52:17.195Z OK: min DP%-PnL%=0.20% (XRP_2026_01_10_08_40_29), 50 positions
2026-03-26T16:54:18.027Z OK: min DP%-PnL%=0.20% (XRP_2026_01_10_08_40_29), 50 positions
2026-03-26T16:56:16.814Z OK: min DP%-PnL%=0.20% (XRP_2026_01_10_08_40_29), 50 positions
2026-03-26T16:58:05.229Z ERROR: page.evaluate: TypeError: Cannot convert undefined or null to object
    at Object.keys (<anonymous>)
    at setProps (eval at evaluate (:290:30), <anonymous>:4:25)
    at eval (eval at evaluate (:290:30), <anonymous>:12:5)
    at UtilityScript.evaluate (<anonymous>:292:16)
    at UtilityScript.<anonymous> (<anonymous>:1:44)
2026-03-26T17:00:16.946Z OK: min DP%-PnL%=0.20% (XRP_2026_01_10_08_40_29), 50 positions
2026-03-26T17:02:16.958Z OK: min DP%-PnL%=0.20% (XRP_2026_01_10_08_40_29), 50 positions
2026-03-26T17:04:17.795Z OK: min DP%-PnL%=0.20% (XRP_2026_01_10_08_40_29), 50 positions
2026-03-26T17:06:15.981Z OK: min DP%-PnL%=0.20% (XRP_2026_01_10_08_40_29), 50 positions
2026-03-26T17:08:16.196Z OK: min DP%-PnL%=0.20% (XRP_2026_01_10_08_40_29), 50 positions
2026-03-26T17:10:17.833Z OK: min DP%-PnL%=0.20% (XRP_2026_01_10_08_40_29), 50 positions
2026-03-26T17:12:16.723Z OK: min DP%-PnL%=0.20% (XRP_2026_01_10_08_40_29), 50 positions
2026-03-26T17:14:17.457Z OK: min DP%-PnL%=0.20% (XRP_2026_01_10_08_40_29), 50 positions
2026-03-26T17:16:16.359Z OK: min DP%-PnL%=0.20% (XRP_2026_01_10_08_40_29), 50 positions
2026-03-26T17:18:17.582Z OK: min DP%-PnL%=0.20% (XRP_2026_01_10_08_40_29), 50 positions
2026-03-26T17:20:16.280Z OK: min DP%-PnL%=0.20% (XRP_2026_01_10_08_40_29), 50 positions
2026-03-26T17:22:17.924Z OK: min DP%-PnL%=0.20% (XRP_2026_01_10_08_40_29), 50 positions
2026-03-26T17:24:17.006Z OK: min DP%-PnL%=0.20% (XRP_2026_01_10_08_40_29), 50 positions
2026-03-26T17:26:17.091Z OK: min DP%-PnL%=0.20% (XRP_2026_01_10_08_40_29), 50 positions
2026-03-26T17:28:16.141Z OK: min DP%-PnL%=0.20% (XRP_2026_01_10_08_40_29), 50 positions
2026-03-26T17:30:17.678Z OK: min DP%-PnL%=0.20% (XRP_2026_01_10_08_40_29), 50 positions
2026-03-26T17:32:17.180Z OK: min DP%-PnL%=0.20% (XRP_2026_01_10_08_40_29), 50 positions
2026-03-26T17:34:16.580Z OK: min DP%-PnL%=0.20% (XRP_2026_01_10_08_40_29), 50 positions
2026-03-26T17:36:17.217Z OK: min DP%-PnL%=0.20% (XRP_2026_01_10_08_40_29), 50 positions
2026-03-26T17:38:16.356Z OK: min DP%-PnL%=0.20% (XRP_2026_01_10_08_40_29), 50 positions
2026-03-26T17:40:17.094Z OK: min DP%-PnL%=0.20% (XRP_2026_01_10_08_40_29), 50 positions
2026-03-26T17:42:17.406Z OK: min DP%-PnL%=0.20% (XRP_2026_01_10_08_40_29), 50 positions
2026-03-26T17:44:16.660Z OK: min DP%-PnL%=0.20% (XRP_2026_01_10_08_40_29), 50 positions
2026-03-26T17:46:16.258Z OK: min DP%-PnL%=0.20% (XRP_2026_01_10_08_40_29), 50 positions
2026-03-26T17:48:17.305Z OK: min DP%-PnL%=0.20% (XRP_2026_01_10_08_40_29), 50 positions
2026-03-26T17:50:17.724Z OK: min DP%-PnL%=0.20% (XRP_2026_01_10_08_40_29), 50 positions
2026-03-26T17:52:17.123Z OK: min DP%-PnL%=0.20% (XRP_2026_01_10_08_40_29), 50 positions
2026-03-26T17:54:17.952Z OK: min DP%-PnL%=0.20% (XRP_2026_01_10_08_40_29), 50 positions
2026-03-26T17:56:16.836Z OK: min DP%-PnL%=0.20% (XRP_2026_01_10_08_40_29), 50 positions
2026-03-26T17:58:16.751Z OK: min DP%-PnL%=0.20% (XRP_2026_01_10_08_40_29), 50 positions
2026-03-26T18:00:17.583Z OK: min DP%-PnL%=0.20% (XRP_2026_01_10_08_40_29), 50 positions
2026-03-26T18:02:16.222Z OK: min DP%-PnL%=0.20% (XRP_2026_01_10_08_40_29), 50 positions
2026-03-26T18:04:17.001Z OK: min DP%-PnL%=0.20% (XRP_2026_01_10_08_40_29), 50 positions
2026-03-26T18:06:16.605Z OK: min DP%-PnL%=0.20% (XRP_2026_01_10_08_40_29), 50 positions
2026-03-26T18:08:17.540Z OK: min DP%-PnL%=0.20% (XRP_2026_01_10_08_40_29), 50 positions
2026-03-26T18:10:16.530Z OK: min DP%-PnL%=0.20% (XRP_2026_01_10_08_40_29), 50 positions
2026-03-26T18:12:16.026Z OK: min DP%-PnL%=0.20% (XRP_2026_01_10_08_40_29), 50 positions
2026-03-26T18:14:16.871Z OK: min DP%-PnL%=0.20% (XRP_2026_01_10_08_40_29), 50 positions
2026-03-26T18:16:16.883Z OK: min DP%-PnL%=0.20% (XRP_2026_01_10_08_40_29), 50 positions
2026-03-26T18:18:16.492Z OK: min DP%-PnL%=0.20% (XRP_2026_01_10_08_40_29), 50 positions
2026-03-26T18:20:16.503Z OK: min DP%-PnL%=0.20% (XRP_2026_01_10_08_40_29), 50 positions
2026-03-26T18:22:17.440Z OK: min DP%-PnL%=0.22% (XRP_2026_01_10_08_40_29), 50 positions
2026-03-26T18:24:17.959Z OK: min DP%-PnL%=0.22% (XRP_2026_01_10_08_40_29), 50 positions
2026-03-26T18:26:16.966Z OK: min DP%-PnL%=0.22% (XRP_2026_01_10_08_40_29), 50 positions
2026-03-26T18:28:17.692Z OK: min DP%-PnL%=0.20% (XRP_2026_03_01_13_45_50), 50 positions
2026-03-26T18:30:17.303Z OK: min DP%-PnL%=0.20% (XRP_2026_03_01_13_45_50), 50 positions
2026-03-26T18:32:16.790Z OK: min DP%-PnL%=0.20% (XRP_2026_03_01_13_45_50), 50 positions
2026-03-26T18:34:17.737Z OK: min DP%-PnL%=0.20% (XRP_2026_03_01_13_45_50), 50 positions
2026-03-26T18:36:16.591Z OK: min DP%-PnL%=0.20% (XRP_2026_03_01_13_45_50), 50 positions
2026-03-26T18:38:17.949Z OK: min DP%-PnL%=0.20% (XRP_2026_03_01_13_45_50), 50 positions
2026-03-26T18:40:16.757Z OK: min DP%-PnL%=0.20% (XRP_2026_03_01_13_45_50), 50 positions
2026-03-26T18:42:16.567Z OK: min DP%-PnL%=0.20% (XRP_2026_03_01_13_45_50), 50 positions
2026-03-26T18:44:17.607Z OK: min DP%-PnL%=0.20% (XRP_2026_03_01_13_45_50), 50 positions
2026-03-26T18:46:18.032Z OK: min DP%-PnL%=0.20% (XRP_2026_03_01_13_45_50), 50 positions
2026-03-26T18:48:17.520Z OK: min DP%-PnL%=0.20% (XRP_2026_03_01_13_45_50), 50 positions
2026-03-26T18:50:16.738Z OK: min DP%-PnL%=0.20% (XRP_2026_03_01_13_45_50), 50 positions
2026-03-26T18:52:17.162Z OK: min DP%-PnL%=0.20% (XRP_2026_03_01_13_45_50), 50 positions
2026-03-26T18:54:16.876Z OK: min DP%-PnL%=0.20% (XRP_2026_03_01_13_45_50), 50 positions
2026-03-26T18:56:18.026Z OK: min DP%-PnL%=0.20% (XRP_2026_03_01_13_45_50), 50 positions
2026-03-26T18:58:16.815Z OK: min DP%-PnL%=0.20% (XRP_2026_03_01_13_45_50), 50 positions
2026-03-26T19:00:17.454Z OK: min DP%-PnL%=0.20% (XRP_2026_03_01_13_45_50), 50 positions
2026-03-26T19:02:17.257Z OK: min DP%-PnL%=0.20% (XRP_2026_03_01_13_45_50), 50 positions
2026-03-26T19:04:17.177Z OK: min DP%-PnL%=0.20% (XRP_2026_03_01_13_45_50), 50 positions
2026-03-26T19:06:17.410Z OK: min DP%-PnL%=0.20% (XRP_2026_03_01_13_45_50), 50 positions
2026-03-26T19:08:17.214Z OK: min DP%-PnL%=0.20% (XRP_2026_03_01_13_45_50), 50 positions
2026-03-26T19:10:17.129Z OK: min DP%-PnL%=0.20% (XRP_2026_03_01_13_45_50), 50 positions
2026-03-26T19:12:17.817Z OK: min DP%-PnL%=0.20% (XRP_2026_03_01_13_45_50), 50 positions
2026-03-26T19:14:16.858Z OK: min DP%-PnL%=0.20% (XRP_2026_03_01_13_45_50), 50 positions
2026-03-26T19:16:17.587Z OK: min DP%-PnL%=0.20% (XRP_2026_03_01_13_45_50), 50 positions
2026-03-26T19:18:16.486Z OK: min DP%-PnL%=0.20% (XRP_2026_03_01_13_45_50), 50 positions
2026-03-26T19:20:16.690Z ERROR: page.evaluate: TypeError: Cannot convert undefined or null to object
    at Object.keys (<anonymous>)
    at eval (eval at evaluate (:290:30), <anonymous>:3:23)
    at UtilityScript.evaluate (<anonymous>:292:16)
    at UtilityScript.<anonymous> (<anonymous>:1:44)
2026-03-26T19:22:17.409Z ERROR: page.evaluate: TypeError: Cannot convert undefined or null to object
    at Object.keys (<anonymous>)
    at eval (eval at evaluate (:290:30), <anonymous>:3:23)
    at UtilityScript.evaluate (<anonymous>:292:16)
    at UtilityScript.<anonymous> (<anonymous>:1:44)
2026-03-26T19:24:17.756Z OK: min DP%-PnL%=0.20% (XRP_2026_03_01_13_45_50), 50 positions
2026-03-26T19:32:31.762Z ERROR: page.goto: Timeout 30000ms exceeded.
Call log:
  - navigating to "https://inv.ondatamint.com/dashboard/", waiting until "networkidle"

2026-03-26T19:34:32.059Z ERROR: page.goto: Timeout 30000ms exceeded.
Call log:
  - navigating to "https://inv.ondatamint.com/dashboard/", waiting until "networkidle"

2026-03-26T19:36:31.374Z ERROR: page.goto: Timeout 30000ms exceeded.
Call log:
  - navigating to "https://inv.ondatamint.com/dashboard/", waiting until "networkidle"

2026-03-26T19:38:31.668Z ERROR: page.goto: Timeout 30000ms exceeded.
Call log:
  - navigating to "https://inv.ondatamint.com/dashboard/", waiting until "networkidle"

2026-03-26T19:40:32.163Z ERROR: page.goto: Timeout 30000ms exceeded.
Call log:
  - navigating to "https://inv.ondatamint.com/dashboard/", waiting until "networkidle"

2026-03-26T19:42:31.566Z ERROR: page.goto: Timeout 30000ms exceeded.
Call log:
  - navigating to "https://inv.ondatamint.com/dashboard/", waiting until "networkidle"

2026-03-26T19:45:57.281Z ERROR: page.goto: Timeout 30000ms exceeded.
Call log:
  - navigating to "https://inv.ondatamint.com/dashboard/", waiting until "networkidle"

2026-03-26T19:46:31.587Z ERROR: page.goto: Timeout 30000ms exceeded.
Call log:
  - navigating to "https://inv.ondatamint.com/dashboard/", waiting until "networkidle"

2026-03-26T19:48:31.899Z ERROR: page.goto: Timeout 30000ms exceeded.
Call log:
  - navigating to "https://inv.ondatamint.com/dashboard/", waiting until "networkidle"

2026-03-26T19:50:32.203Z ERROR: page.goto: Timeout 30000ms exceeded.
Call log:
  - navigating to "https://inv.ondatamint.com/dashboard/", waiting until "networkidle"

2026-03-26T19:52:31.513Z ERROR: page.goto: Timeout 30000ms exceeded.
Call log:
  - navigating to "https://inv.ondatamint.com/dashboard/", waiting until "networkidle"

2026-03-26T19:54:31.821Z ERROR: page.goto: Timeout 30000ms exceeded.
Call log:
  - navigating to "https://inv.ondatamint.com/dashboard/", waiting until "networkidle"

2026-03-26T19:56:32.141Z ERROR: page.goto: Timeout 30000ms exceeded.
Call log:
  - navigating to "https://inv.ondatamint.com/dashboard/", waiting until "networkidle"

2026-03-26T19:58:31.740Z ERROR: page.goto: Timeout 30000ms exceeded.
Call log:
  - navigating to "https://inv.ondatamint.com/dashboard/", waiting until "networkidle"

2026-03-26T20:00:32.237Z ERROR: page.goto: Timeout 30000ms exceeded.
Call log:
  - navigating to "https://inv.ondatamint.com/dashboard/", waiting until "networkidle"

2026-03-26T20:02:31.658Z ERROR: page.goto: Timeout 30000ms exceeded.
Call log:
  - navigating to "https://inv.ondatamint.com/dashboard/", waiting until "networkidle"

2026-03-26T20:04:32.113Z ERROR: page.goto: Timeout 30000ms exceeded.
Call log:
  - navigating to "https://inv.ondatamint.com/dashboard/", waiting until "networkidle"

2026-03-26T20:06:31.565Z ERROR: page.goto: Timeout 30000ms exceeded.
Call log:
  - navigating to "https://inv.ondatamint.com/dashboard/", waiting until "networkidle"

2026-03-26T20:08:31.993Z ERROR: page.goto: Timeout 30000ms exceeded.
Call log:
  - navigating to "https://inv.ondatamint.com/dashboard/", waiting until "networkidle"

2026-03-26T20:10:31.460Z ERROR: page.goto: Timeout 30000ms exceeded.
Call log:
  - navigating to "https://inv.ondatamint.com/dashboard/", waiting until "networkidle"

2026-03-26T20:12:31.850Z ERROR: page.goto: Timeout 30000ms exceeded.
Call log:
  - navigating to "https://inv.ondatamint.com/dashboard/", waiting until "networkidle"

2026-03-26T20:14:32.297Z ERROR: page.goto: Timeout 30000ms exceeded.
Call log:
  - navigating to "https://inv.ondatamint.com/dashboard/", waiting until "networkidle"

2026-03-26T20:16:31.937Z ERROR: page.goto: Timeout 30000ms exceeded.
Call log:
  - navigating to "https://inv.ondatamint.com/dashboard/", waiting until "networkidle"

2026-03-26T20:18:32.426Z ERROR: page.goto: Timeout 30000ms exceeded.
Call log:
  - navigating to "https://inv.ondatamint.com/dashboard/", waiting until "networkidle"

2026-03-26T20:20:31.871Z ERROR: page.goto: Timeout 30000ms exceeded.
Call log:
  - navigating to "https://inv.ondatamint.com/dashboard/", waiting until "networkidle"

2026-03-26T20:22:32.286Z ERROR: page.goto: Timeout 30000ms exceeded.
Call log:
  - navigating to "https://inv.ondatamint.com/dashboard/", waiting until "networkidle"

2026-03-26T20:24:31.695Z ERROR: page.goto: Timeout 30000ms exceeded.
Call log:
  - navigating to "https://inv.ondatamint.com/dashboard/", waiting until "networkidle"

2026-03-26T20:26:32.152Z ERROR: page.goto: Timeout 30000ms exceeded.
Call log:
  - navigating to "https://inv.ondatamint.com/dashboard/", waiting until "networkidle"

2026-03-26T20:28:31.573Z ERROR: page.goto: Timeout 30000ms exceeded.
Call log:
  - navigating to "https://inv.ondatamint.com/dashboard/", waiting until "networkidle"

2026-03-26T20:30:31.890Z ERROR: page.goto: Timeout 30000ms exceeded.
Call log:
  - navigating to "https://inv.ondatamint.com/dashboard/", waiting until "networkidle"

2026-03-26T20:32:32.193Z ERROR: page.goto: Timeout 30000ms exceeded.
Call log:
  - navigating to "https://inv.ondatamint.com/dashboard/", waiting until "networkidle"

2026-03-26T20:34:31.491Z ERROR: page.goto: Timeout 30000ms exceeded.
Call log:
  - navigating to "https://inv.ondatamint.com/dashboard/", waiting until "networkidle"

2026-03-26T20:36:31.803Z ERROR: page.goto: Timeout 30000ms exceeded.
Call log:
  - navigating to "https://inv.ondatamint.com/dashboard/", waiting until "networkidle"

2026-03-26T20:38:32.243Z ERROR: page.goto: Timeout 30000ms exceeded.
Call log:
  - navigating to "https://inv.ondatamint.com/dashboard/", waiting until "networkidle"

2026-03-26T20:40:31.769Z ERROR: page.goto: Timeout 30000ms exceeded.
Call log:
  - navigating to "https://inv.ondatamint.com/dashboard/", waiting until "networkidle"

2026-03-26T20:42:32.194Z ERROR: page.goto: Timeout 30000ms exceeded.
Call log:
  - navigating to "https://inv.ondatamint.com/dashboard/", waiting until "networkidle"

2026-03-26T20:44:31.601Z ERROR: page.goto: Timeout 30000ms exceeded.
Call log:
  - navigating to "https://inv.ondatamint.com/dashboard/", waiting until "networkidle"

2026-03-26T20:46:32.038Z ERROR: page.goto: Timeout 30000ms exceeded.
Call log:
  - navigating to "https://inv.ondatamint.com/dashboard/", waiting until "networkidle"

2026-03-26T20:48:31.524Z ERROR: page.goto: Timeout 30000ms exceeded.
Call log:
  - navigating to "https://inv.ondatamint.com/dashboard/", waiting until "networkidle"

2026-03-26T20:50:31.966Z ERROR: page.goto: Timeout 30000ms exceeded.
Call log:
  - navigating to "https://inv.ondatamint.com/dashboard/", waiting until "networkidle"

2026-03-26T20:52:31.278Z ERROR: page.goto: Timeout 30000ms exceeded.
Call log:
  - navigating to "https://inv.ondatamint.com/dashboard/", waiting until "networkidle"

2026-03-26T20:54:31.671Z ERROR: page.goto: Timeout 30000ms exceeded.
Call log:
  - navigating to "https://inv.ondatamint.com/dashboard/", waiting until "networkidle"

2026-03-26T20:56:32.206Z ERROR: page.goto: Timeout 30000ms exceeded.
Call log:
  - navigating to "https://inv.ondatamint.com/dashboard/", waiting until "networkidle"

2026-03-26T20:59:08.714Z ERROR: page.goto: Timeout 30000ms exceeded.
Call log:
  - navigating to "https://inv.ondatamint.com/dashboard/", waiting until "networkidle"

2026-03-26T21:00:32.117Z ERROR: page.goto: Timeout 30000ms exceeded.
Call log:
  - navigating to "https://inv.ondatamint.com/dashboard/", waiting until "networkidle"

2026-03-26T21:02:31.418Z ERROR: page.goto: Timeout 30000ms exceeded.
Call log:
  - navigating to "https://inv.ondatamint.com/dashboard/", waiting until "networkidle"

2026-03-26T21:04:31.947Z ERROR: page.goto: Timeout 30000ms exceeded.
Call log:
  - navigating to "https://inv.ondatamint.com/dashboard/", waiting until "networkidle"

2026-03-26T21:06:32.388Z ERROR: page.goto: Timeout 30000ms exceeded.
Call log:
  - navigating to "https://inv.ondatamint.com/dashboard/", waiting until "networkidle"

2026-03-26T21:08:31.834Z ERROR: page.goto: Timeout 30000ms exceeded.
Call log:
  - navigating to "https://inv.ondatamint.com/dashboard/", waiting until "networkidle"

2026-03-26T21:10:32.200Z ERROR: page.goto: Timeout 30000ms exceeded.
Call log:
  - navigating to "https://inv.ondatamint.com/dashboard/", waiting until "networkidle"

2026-03-26T21:12:31.641Z ERROR: page.goto: Timeout 30000ms exceeded.
Call log:
  - navigating to "https://inv.ondatamint.com/dashboard/", waiting until "networkidle"

2026-03-26T21:14:32.036Z ERROR: page.goto: Timeout 30000ms exceeded.
Call log:
  - navigating to "https://inv.ondatamint.com/dashboard/", waiting until "networkidle"

2026-03-26T21:16:31.595Z ERROR: page.goto: Timeout 30000ms exceeded.
Call log:
  - navigating to "https://inv.ondatamint.com/dashboard/", waiting until "networkidle"

2026-03-26T21:18:31.989Z ERROR: page.goto: Timeout 30000ms exceeded.
Call log:
  - navigating to "https://inv.ondatamint.com/dashboard/", waiting until "networkidle"

2026-03-26T21:20:31.454Z ERROR: page.goto: Timeout 30000ms exceeded.
Call log:
  - navigating to "https://inv.ondatamint.com/dashboard/", waiting until "networkidle"

2026-03-26T21:22:31.885Z ERROR: page.goto: Timeout 30000ms exceeded.
Call log:
  - navigating to "https://inv.ondatamint.com/dashboard/", waiting until "networkidle"

2026-03-26T21:24:32.335Z ERROR: page.goto: Timeout 30000ms exceeded.
Call log:
  - navigating to "https://inv.ondatamint.com/dashboard/", waiting until "networkidle"

2026-03-26T21:26:31.771Z ERROR: page.goto: Timeout 30000ms exceeded.
Call log:
  - navigating to "https://inv.ondatamint.com/dashboard/", waiting until "networkidle"

2026-03-26T21:28:32.170Z ERROR: page.goto: Timeout 30000ms exceeded.
Call log:
  - navigating to "https://inv.ondatamint.com/dashboard/", waiting until "networkidle"

2026-03-26T21:30:31.593Z ERROR: page.goto: Timeout 30000ms exceeded.
Call log:
  - navigating to "https://inv.ondatamint.com/dashboard/", waiting until "networkidle"

2026-03-26T21:32:32.048Z ERROR: page.goto: Timeout 30000ms exceeded.
Call log:
  - navigating to "https://inv.ondatamint.com/dashboard/", waiting until "networkidle"

2026-03-26T21:34:31.430Z ERROR: page.goto: Timeout 30000ms exceeded.
Call log:
  - navigating to "https://inv.ondatamint.com/dashboard/", waiting until "networkidle"

2026-03-26T21:36:31.839Z ERROR: page.goto: Timeout 30000ms exceeded.
Call log:
  - navigating to "https://inv.ondatamint.com/dashboard/", waiting until "networkidle"

2026-03-26T21:38:32.234Z ERROR: page.goto: Timeout 30000ms exceeded.
Call log:
  - navigating to "https://inv.ondatamint.com/dashboard/", waiting until "networkidle"

2026-03-26T21:40:31.655Z ERROR: page.goto: Timeout 30000ms exceeded.
Call log:
  - navigating to "https://inv.ondatamint.com/dashboard/", waiting until "networkidle"

2026-03-26T21:42:31.964Z ERROR: page.goto: Timeout 30000ms exceeded.
Call log:
  - navigating to "https://inv.ondatamint.com/dashboard/", waiting until "networkidle"

2026-03-26T21:44:32.265Z ERROR: page.goto: Timeout 30000ms exceeded.
Call log:
  - navigating to "https://inv.ondatamint.com/dashboard/", waiting until "networkidle"

2026-03-26T21:46:31.687Z ERROR: page.goto: Timeout 30000ms exceeded.
Call log:
  - navigating to "https://inv.ondatamint.com/dashboard/", waiting until "networkidle"

2026-03-26T21:48:31.994Z ERROR: page.goto: Timeout 30000ms exceeded.
Call log:
  - navigating to "https://inv.ondatamint.com/dashboard/", waiting until "networkidle"

2026-03-26T21:50:31.385Z ERROR: page.goto: Timeout 30000ms exceeded.
Call log:
  - navigating to "https://inv.ondatamint.com/dashboard/", waiting until "networkidle"

2026-03-26T21:52:31.773Z ERROR: page.goto: Timeout 30000ms exceeded.
Call log:
  - navigating to "https://inv.ondatamint.com/dashboard/", waiting until "networkidle"

2026-03-26T21:54:32.249Z ERROR: page.goto: Timeout 30000ms exceeded.
Call log:
  - navigating to "https://inv.ondatamint.com/dashboard/", waiting until "networkidle"

2026-03-26T21:56:31.580Z ERROR: page.goto: Timeout 30000ms exceeded.
Call log:
  - navigating to "https://inv.ondatamint.com/dashboard/", waiting until "networkidle"

2026-03-26T21:58:31.885Z ERROR: page.goto: Timeout 30000ms exceeded.
Call log:
  - navigating to "https://inv.ondatamint.com/dashboard/", waiting until "networkidle"

2026-03-26T22:00:32.193Z ERROR: page.goto: Timeout 30000ms exceeded.
Call log:
  - navigating to "https://inv.ondatamint.com/dashboard/", waiting until "networkidle"

2026-03-26T22:02:31.499Z ERROR: page.goto: Timeout 30000ms exceeded.
Call log:
  - navigating to "https://inv.ondatamint.com/dashboard/", waiting until "networkidle"

2026-03-26T22:04:31.806Z ERROR: page.goto: Timeout 30000ms exceeded.
Call log:
  - navigating to "https://inv.ondatamint.com/dashboard/", waiting until "networkidle"

2026-03-26T22:06:32.130Z ERROR: page.goto: Timeout 30000ms exceeded.
Call log:
  - navigating to "https://inv.ondatamint.com/dashboard/", waiting until "networkidle"

2026-03-26T22:08:31.430Z ERROR: page.goto: Timeout 30000ms exceeded.
Call log:
  - navigating to "https://inv.ondatamint.com/dashboard/", waiting until "networkidle"

2026-03-26T22:10:31.740Z ERROR: page.goto: Timeout 30000ms exceeded.
Call log:
  - navigating to "https://inv.ondatamint.com/dashboard/", waiting until "networkidle"

2026-03-26T22:12:32.042Z ERROR: page.goto: Timeout 30000ms exceeded.
Call log:
  - navigating to "https://inv.ondatamint.com/dashboard/", waiting until "networkidle"

2026-03-26T22:14:31.343Z ERROR: page.goto: Timeout 30000ms exceeded.
Call log:
  - navigating to "https://inv.ondatamint.com/dashboard/", waiting until "networkidle"

2026-03-26T22:16:31.763Z ERROR: page.goto: Timeout 30000ms exceeded.
Call log:
  - navigating to "https://inv.ondatamint.com/dashboard/", waiting until "networkidle"

2026-03-26T22:18:32.070Z ERROR: page.goto: Timeout 30000ms exceeded.
Call log:
  - navigating to "https://inv.ondatamint.com/dashboard/", waiting until "networkidle"

2026-03-26T22:20:31.388Z ERROR: page.goto: Timeout 30000ms exceeded.
Call log:
  - navigating to "https://inv.ondatamint.com/dashboard/", waiting until "networkidle"

2026-03-26T22:22:31.687Z ERROR: page.goto: Timeout 30000ms exceeded.
Call log:
  - navigating to "https://inv.ondatamint.com/dashboard/", waiting until "networkidle"

2026-03-26T22:24:31.991Z ERROR: page.goto: Timeout 30000ms exceeded.
Call log:
  - navigating to "https://inv.ondatamint.com/dashboard/", waiting until "networkidle"

2026-03-26T22:26:31.303Z ERROR: page.goto: Timeout 30000ms exceeded.
Call log:
  - navigating to "https://inv.ondatamint.com/dashboard/", waiting until "networkidle"

2026-03-26T22:28:31.598Z ERROR: page.goto: Timeout 30000ms exceeded.
Call log:
  - navigating to "https://inv.ondatamint.com/dashboard/", waiting until "networkidle"

2026-03-26T22:30:31.920Z ERROR: page.goto: Timeout 30000ms exceeded.
Call log:
  - navigating to "https://inv.ondatamint.com/dashboard/", waiting until "networkidle"

2026-03-26T22:32:32.229Z ERROR: page.goto: Timeout 30000ms exceeded.
Call log:
  - navigating to "https://inv.ondatamint.com/dashboard/", waiting until "networkidle"

2026-03-26T22:34:31.533Z ERROR: page.goto: Timeout 30000ms exceeded.
Call log:
  - navigating to "https://inv.ondatamint.com/dashboard/", waiting until "networkidle"

2026-03-26T22:36:31.852Z ERROR: page.goto: Timeout 30000ms exceeded.
Call log:
  - navigating to "https://inv.ondatamint.com/dashboard/", waiting until "networkidle"

2026-03-26T22:38:32.154Z ERROR: page.goto: Timeout 30000ms exceeded.
Call log:
  - navigating to "https://inv.ondatamint.com/dashboard/", waiting until "networkidle"

2026-03-26T22:40:31.466Z ERROR: page.goto: Timeout 30000ms exceeded.
Call log:
  - navigating to "https://inv.ondatamint.com/dashboard/", waiting until "networkidle"

2026-03-26T22:42:31.905Z ERROR: page.goto: Timeout 30000ms exceeded.
Call log:
  - navigating to "https://inv.ondatamint.com/dashboard/", waiting until "networkidle"

2026-03-26T22:44:32.303Z ERROR: page.goto: Timeout 30000ms exceeded.
Call log:
  - navigating to "https://inv.ondatamint.com/dashboard/", waiting until "networkidle"

2026-03-26T22:46:31.843Z ERROR: page.goto: Timeout 30000ms exceeded.
Call log:
  - navigating to "https://inv.ondatamint.com/dashboard/", waiting until "networkidle"

2026-03-26T22:48:32.254Z ERROR: page.goto: Timeout 30000ms exceeded.
Call log:
  - navigating to "https://inv.ondatamint.com/dashboard/", waiting until "networkidle"

2026-03-26T22:50:31.717Z ERROR: page.goto: Timeout 30000ms exceeded.
Call log:
  - navigating to "https://inv.ondatamint.com/dashboard/", waiting until "networkidle"

2026-03-26T22:52:32.021Z ERROR: page.goto: Timeout 30000ms exceeded.
Call log:
  - navigating to "https://inv.ondatamint.com/dashboard/", waiting until "networkidle"

2026-03-26T22:54:31.412Z ERROR: page.goto: Timeout 30000ms exceeded.
Call log:
  - navigating to "https://inv.ondatamint.com/dashboard/", waiting until "networkidle"

2026-03-26T22:56:31.852Z ERROR: page.goto: Timeout 30000ms exceeded.
Call log:
  - navigating to "https://inv.ondatamint.com/dashboard/", waiting until "networkidle"

2026-03-26T22:58:32.161Z ERROR: page.goto: Timeout 30000ms exceeded.
Call log:
  - navigating to "https://inv.ondatamint.com/dashboard/", waiting until "networkidle"

2026-03-26T23:00:31.473Z ERROR: page.goto: Timeout 30000ms exceeded.
Call log:
  - navigating to "https://inv.ondatamint.com/dashboard/", waiting until "networkidle"

2026-03-26T23:02:31.779Z ERROR: page.goto: Timeout 30000ms exceeded.
Call log:
  - navigating to "https://inv.ondatamint.com/dashboard/", waiting until "networkidle"

2026-03-26T23:04:32.080Z ERROR: page.goto: Timeout 30000ms exceeded.
Call log:
  - navigating to "https://inv.ondatamint.com/dashboard/", waiting until "networkidle"

2026-03-26T23:06:31.397Z ERROR: page.goto: Timeout 30000ms exceeded.
Call log:
  - navigating to "https://inv.ondatamint.com/dashboard/", waiting until "networkidle"

2026-03-26T23:08:31.696Z ERROR: page.goto: Timeout 30000ms exceeded.
Call log:
  - navigating to "https://inv.ondatamint.com/dashboard/", waiting until "networkidle"

2026-03-26T23:10:32.024Z ERROR: page.goto: Timeout 30000ms exceeded.
Call log:
  - navigating to "https://inv.ondatamint.com/dashboard/", waiting until "networkidle"

2026-03-26T23:12:31.324Z ERROR: page.goto: Timeout 30000ms exceeded.
Call log:
  - navigating to "https://inv.ondatamint.com/dashboard/", waiting until "networkidle"

2026-03-26T23:14:31.625Z ERROR: page.goto: Timeout 30000ms exceeded.
Call log:
  - navigating to "https://inv.ondatamint.com/dashboard/", waiting until "networkidle"

2026-03-26T23:16:32.055Z ERROR: page.goto: Timeout 30000ms exceeded.
Call log:
  - navigating to "https://inv.ondatamint.com/dashboard/", waiting until "networkidle"

2026-03-26T23:18:31.368Z ERROR: page.goto: Timeout 30000ms exceeded.
Call log:
  - navigating to "https://inv.ondatamint.com/dashboard/", waiting until "networkidle"

2026-03-26T23:20:31.680Z ERROR: page.goto: Timeout 30000ms exceeded.
Call log:
  - navigating to "https://inv.ondatamint.com/dashboard/", waiting until "networkidle"

2026-03-26T23:22:31.980Z ERROR: page.goto: Timeout 30000ms exceeded.
Call log:
  - navigating to "https://inv.ondatamint.com/dashboard/", waiting until "networkidle"

2026-03-26T23:24:31.284Z ERROR: page.goto: Timeout 30000ms exceeded.
Call log:
  - navigating to "https://inv.ondatamint.com/dashboard/", waiting until "networkidle"

2026-03-26T23:26:31.607Z ERROR: page.goto: Timeout 30000ms exceeded.
Call log:
  - navigating to "https://inv.ondatamint.com/dashboard/", waiting until "networkidle"

2026-03-26T23:28:31.907Z ERROR: page.goto: Timeout 30000ms exceeded.
Call log:
  - navigating to "https://inv.ondatamint.com/dashboard/", waiting until "networkidle"

2026-03-26T23:30:32.222Z ERROR: page.goto: Timeout 30000ms exceeded.
Call log:
  - navigating to "https://inv.ondatamint.com/dashboard/", waiting until "networkidle"

2026-03-26T23:32:31.520Z ERROR: page.goto: Timeout 30000ms exceeded.
Call log:
  - navigating to "https://inv.ondatamint.com/dashboard/", waiting until "networkidle"

2026-03-26T23:34:31.827Z ERROR: page.goto: Timeout 30000ms exceeded.
Call log:
  - navigating to "https://inv.ondatamint.com/dashboard/", waiting until "networkidle"

2026-03-26T23:36:32.143Z ERROR: page.goto: Timeout 30000ms exceeded.
Call log:
  - navigating to "https://inv.ondatamint.com/dashboard/", waiting until "networkidle"

2026-03-26T23:38:31.446Z ERROR: page.goto: Timeout 30000ms exceeded.
Call log:
  - navigating to "https://inv.ondatamint.com/dashboard/", waiting until "networkidle"

2026-03-26T23:40:31.768Z ERROR: page.goto: Timeout 30000ms exceeded.
Call log:
  - navigating to "https://inv.ondatamint.com/dashboard/", waiting until "networkidle"

2026-03-26T23:42:32.071Z ERROR: page.goto: Timeout 30000ms exceeded.
Call log:
  - navigating to "https://inv.ondatamint.com/dashboard/", waiting until "networkidle"

2026-03-26T23:44:31.375Z ERROR: page.goto: Timeout 30000ms exceeded.
Call log:
  - navigating to "https://inv.ondatamint.com/dashboard/", waiting until "networkidle"

2026-03-26T23:46:31.799Z ERROR: page.goto: Timeout 30000ms exceeded.
Call log:
  - navigating to "https://inv.ondatamint.com/dashboard/", waiting until "networkidle"

2026-03-26T23:48:32.100Z ERROR: page.goto: Timeout 30000ms exceeded.
Call log:
  - navigating to "https://inv.ondatamint.com/dashboard/", waiting until "networkidle"

2026-03-26T23:50:31.412Z ERROR: page.goto: Timeout 30000ms exceeded.
Call log:
  - navigating to "https://inv.ondatamint.com/dashboard/", waiting until "networkidle"

2026-03-26T23:52:31.713Z ERROR: page.goto: Timeout 30000ms exceeded.
Call log:
  - navigating to "https://inv.ondatamint.com/dashboard/", waiting until "networkidle"

2026-03-26T23:54:32.016Z ERROR: page.goto: Timeout 30000ms exceeded.
Call log:
  - navigating to "https://inv.ondatamint.com/dashboard/", waiting until "networkidle"

2026-03-26T23:56:31.334Z ERROR: page.goto: Timeout 30000ms exceeded.
Call log:
  - navigating to "https://inv.ondatamint.com/dashboard/", waiting until "networkidle"

2026-03-26T23:58:31.634Z ERROR: page.goto: Timeout 30000ms exceeded.
Call log:
  - navigating to "https://inv.ondatamint.com/dashboard/", waiting until "networkidle"

2026-03-27T00:00:31.950Z ERROR: page.goto: Timeout 30000ms exceeded.
Call log:
  - navigating to "https://inv.ondatamint.com/dashboard/", waiting until "networkidle"

2026-03-27T00:02:32.261Z ERROR: page.goto: Timeout 30000ms exceeded.
Call log:
  - navigating to "https://inv.ondatamint.com/dashboard/", waiting until "networkidle"

2026-03-27T00:04:31.566Z ERROR: page.goto: Timeout 30000ms exceeded.
Call log:
  - navigating to "https://inv.ondatamint.com/dashboard/", waiting until "networkidle"

2026-03-27T00:06:31.887Z ERROR: page.goto: Timeout 30000ms exceeded.
Call log:
  - navigating to "https://inv.ondatamint.com/dashboard/", waiting until "networkidle"

2026-03-27T00:08:32.189Z ERROR: page.goto: Timeout 30000ms exceeded.
Call log:
  - navigating to "https://inv.ondatamint.com/dashboard/", waiting until "networkidle"

2026-03-27T00:10:31.497Z ERROR: page.goto: Timeout 30000ms exceeded.
Call log:
  - navigating to "https://inv.ondatamint.com/dashboard/", waiting until "networkidle"

2026-03-27T00:12:31.801Z ERROR: page.goto: Timeout 30000ms exceeded.
Call log:
  - navigating to "https://inv.ondatamint.com/dashboard/", waiting until "networkidle"

2026-03-27T00:14:32.096Z ERROR: page.goto: Timeout 30000ms exceeded.
Call log:
  - navigating to "https://inv.ondatamint.com/dashboard/", waiting until "networkidle"

2026-03-27T00:16:31.515Z ERROR: page.goto: Timeout 30000ms exceeded.
Call log:
  - navigating to "https://inv.ondatamint.com/dashboard/", waiting until "networkidle"

2026-03-27T00:18:31.831Z ERROR: page.goto: Timeout 30000ms exceeded.
Call log:
  - navigating to "https://inv.ondatamint.com/dashboard/", waiting until "networkidle"

2026-03-27T00:20:32.145Z ERROR: page.goto: Timeout 30000ms exceeded.
Call log:
  - navigating to "https://inv.ondatamint.com/dashboard/", waiting until "networkidle"

2026-03-27T00:22:31.449Z ERROR: page.goto: Timeout 30000ms exceeded.
Call log:
  - navigating to "https://inv.ondatamint.com/dashboard/", waiting until "networkidle"

2026-03-27T00:24:31.752Z ERROR: page.goto: Timeout 30000ms exceeded.
Call log:
  - navigating to "https://inv.ondatamint.com/dashboard/", waiting until "networkidle"

2026-03-27T00:26:32.071Z ERROR: page.goto: Timeout 30000ms exceeded.
Call log:
  - navigating to "https://inv.ondatamint.com/dashboard/", waiting until "networkidle"

2026-03-27T00:28:31.370Z ERROR: page.goto: Timeout 30000ms exceeded.
Call log:
  - navigating to "https://inv.ondatamint.com/dashboard/", waiting until "networkidle"

2026-03-27T00:30:31.671Z ERROR: page.goto: Timeout 30000ms exceeded.
Call log:
  - navigating to "https://inv.ondatamint.com/dashboard/", waiting until "networkidle"

2026-03-27T00:32:31.980Z ERROR: page.goto: Timeout 30000ms exceeded.
Call log:
  - navigating to "https://inv.ondatamint.com/dashboard/", waiting until "networkidle"

2026-03-27T00:34:31.281Z ERROR: page.goto: Timeout 30000ms exceeded.
Call log:
  - navigating to "https://inv.ondatamint.com/dashboard/", waiting until "networkidle"

2026-03-27T00:36:31.603Z ERROR: page.goto: Timeout 30000ms exceeded.
Call log:
  - navigating to "https://inv.ondatamint.com/dashboard/", waiting until "networkidle"

2026-03-27T00:38:31.903Z ERROR: page.goto: Timeout 30000ms exceeded.
Call log:
  - navigating to "https://inv.ondatamint.com/dashboard/", waiting until "networkidle"

2026-03-27T00:40:32.222Z ERROR: page.goto: Timeout 30000ms exceeded.
Call log:
  - navigating to "https://inv.ondatamint.com/dashboard/", waiting until "networkidle"

2026-03-27T00:42:31.521Z ERROR: page.goto: Timeout 30000ms exceeded.
Call log:
  - navigating to "https://inv.ondatamint.com/dashboard/", waiting until "networkidle"

2026-03-27T00:44:31.818Z ERROR: page.goto: Timeout 30000ms exceeded.
Call log:
  - navigating to "https://inv.ondatamint.com/dashboard/", waiting until "networkidle"

2026-03-27T00:46:32.243Z ERROR: page.goto: Timeout 30000ms exceeded.
Call log:
  - navigating to "https://inv.ondatamint.com/dashboard/", waiting until "networkidle"

2026-03-27T00:48:31.547Z ERROR: page.goto: Timeout 30000ms exceeded.
Call log:
  - navigating to "https://inv.ondatamint.com/dashboard/", waiting until "networkidle"

2026-03-27T00:50:31.851Z ERROR: page.goto: Timeout 30000ms exceeded.
Call log:
  - navigating to "https://inv.ondatamint.com/dashboard/", waiting until "networkidle"

2026-03-27T00:52:32.158Z ERROR: page.goto: Timeout 30000ms exceeded.
Call log:
  - navigating to "https://inv.ondatamint.com/dashboard/", waiting until "networkidle"

2026-03-27T00:54:31.463Z ERROR: page.goto: Timeout 30000ms exceeded.
Call log:
  - navigating to "https://inv.ondatamint.com/dashboard/", waiting until "networkidle"

2026-03-27T00:56:31.780Z ERROR: page.goto: Timeout 30000ms exceeded.
Call log:
  - navigating to "https://inv.ondatamint.com/dashboard/", waiting until "networkidle"

2026-03-27T00:58:32.083Z ERROR: page.goto: Timeout 30000ms exceeded.
Call log:
  - navigating to "https://inv.ondatamint.com/dashboard/", waiting until "networkidle"

2026-03-27T01:00:31.383Z ERROR: page.goto: Timeout 30000ms exceeded.
Call log:
  - navigating to "https://inv.ondatamint.com/dashboard/", waiting until "networkidle"

2026-03-27T01:02:31.693Z ERROR: page.goto: Timeout 30000ms exceeded.
Call log:
  - navigating to "https://inv.ondatamint.com/dashboard/", waiting until "networkidle"

2026-03-27T01:04:32.000Z ERROR: page.goto: Timeout 30000ms exceeded.
Call log:
  - navigating to "https://inv.ondatamint.com/dashboard/", waiting until "networkidle"

2026-03-27T01:06:31.323Z ERROR: page.goto: Timeout 30000ms exceeded.
Call log:
  - navigating to "https://inv.ondatamint.com/dashboard/", waiting until "networkidle"

2026-03-27T01:08:31.624Z ERROR: page.goto: Timeout 30000ms exceeded.
Call log:
  - navigating to "https://inv.ondatamint.com/dashboard/", waiting until "networkidle"

2026-03-27T01:10:31.935Z ERROR: page.goto: Timeout 30000ms exceeded.
Call log:
  - navigating to "https://inv.ondatamint.com/dashboard/", waiting until "networkidle"

2026-03-27T01:12:32.232Z ERROR: page.goto: Timeout 30000ms exceeded.
Call log:
  - navigating to "https://inv.ondatamint.com/dashboard/", waiting until "networkidle"

2026-03-27T01:14:31.535Z ERROR: page.goto: Timeout 30000ms exceeded.
Call log:
  - navigating to "https://inv.ondatamint.com/dashboard/", waiting until "networkidle"

2026-03-27T01:16:31.961Z ERROR: page.goto: Timeout 30000ms exceeded.
Call log:
  - navigating to "https://inv.ondatamint.com/dashboard/", waiting until "networkidle"

2026-03-27T01:18:32.270Z ERROR: page.goto: Timeout 30000ms exceeded.
Call log:
  - navigating to "https://inv.ondatamint.com/dashboard/", waiting until "networkidle"

2026-03-27T01:20:31.581Z ERROR: page.goto: Timeout 30000ms exceeded.
Call log:
  - navigating to "https://inv.ondatamint.com/dashboard/", waiting until "networkidle"

2026-03-27T01:22:31.882Z ERROR: page.goto: Timeout 30000ms exceeded.
Call log:
  - navigating to "https://inv.ondatamint.com/dashboard/", waiting until "networkidle"

2026-03-27T01:24:32.185Z ERROR: page.goto: Timeout 30000ms exceeded.
Call log:
  - navigating to "https://inv.ondatamint.com/dashboard/", waiting until "networkidle"

2026-03-27T01:26:31.502Z ERROR: page.goto: Timeout 30000ms exceeded.
Call log:
  - navigating to "https://inv.ondatamint.com/dashboard/", waiting until "networkidle"

2026-03-27T01:28:31.802Z ERROR: page.goto: Timeout 30000ms exceeded.
Call log:
  - navigating to "https://inv.ondatamint.com/dashboard/", waiting until "networkidle"

2026-03-27T01:30:32.108Z ERROR: page.goto: Timeout 30000ms exceeded.
Call log:
  - navigating to "https://inv.ondatamint.com/dashboard/", waiting until "networkidle"

2026-03-27T01:32:31.409Z ERROR: page.goto: Timeout 30000ms exceeded.
Call log:
  - navigating to "https://inv.ondatamint.com/dashboard/", waiting until "networkidle"

2026-03-27T01:34:31.717Z ERROR: page.goto: Timeout 30000ms exceeded.
Call log:
  - navigating to "https://inv.ondatamint.com/dashboard/", waiting until "networkidle"

2026-03-27T01:36:32.033Z ERROR: page.goto: Timeout 30000ms exceeded.
Call log:
  - navigating to "https://inv.ondatamint.com/dashboard/", waiting until "networkidle"

2026-03-27T01:38:31.334Z ERROR: page.goto: Timeout 30000ms exceeded.
Call log:
  - navigating to "https://inv.ondatamint.com/dashboard/", waiting until "networkidle"

2026-03-27T01:40:31.659Z ERROR: page.goto: Timeout 30000ms exceeded.
Call log:
  - navigating to "https://inv.ondatamint.com/dashboard/", waiting until "networkidle"

2026-03-27T01:42:31.963Z ERROR: page.goto: Timeout 30000ms exceeded.
Call log:
  - navigating to "https://inv.ondatamint.com/dashboard/", waiting until "networkidle"

2026-03-27T01:44:32.265Z ERROR: page.goto: Timeout 30000ms exceeded.
Call log:
  - navigating to "https://inv.ondatamint.com/dashboard/", waiting until "networkidle"

2026-03-27T01:46:31.686Z ERROR: page.goto: Timeout 30000ms exceeded.
Call log:
  - navigating to "https://inv.ondatamint.com/dashboard/", waiting until "networkidle"

2026-03-27T01:48:31.989Z ERROR: page.goto: Timeout 30000ms exceeded.
Call log:
  - navigating to "https://inv.ondatamint.com/dashboard/", waiting until "networkidle"

2026-03-27T01:50:31.302Z ERROR: page.goto: Timeout 30000ms exceeded.
Call log:
  - navigating to "https://inv.ondatamint.com/dashboard/", waiting until "networkidle"

2026-03-27T01:52:31.608Z ERROR: page.goto: Timeout 30000ms exceeded.
Call log:
  - navigating to "https://inv.ondatamint.com/dashboard/", waiting until "networkidle"

2026-03-27T01:54:31.908Z ERROR: page.goto: Timeout 30000ms exceeded.
Call log:
  - navigating to "https://inv.ondatamint.com/dashboard/", waiting until "networkidle"

2026-03-27T01:56:32.232Z ERROR: page.goto: Timeout 30000ms exceeded.
Call log:
  - navigating to "https://inv.ondatamint.com/dashboard/", waiting until "networkidle"

2026-03-27T01:58:31.535Z ERROR: page.goto: Timeout 30000ms exceeded.
Call log:
  - navigating to "https://inv.ondatamint.com/dashboard/", waiting until "networkidle"

2026-03-27T02:00:31.853Z ERROR: page.goto: Timeout 30000ms exceeded.
Call log:
  - navigating to "https://inv.ondatamint.com/dashboard/", waiting until "networkidle"

2026-03-27T02:02:32.158Z ERROR: page.goto: Timeout 30000ms exceeded.
Call log:
  - navigating to "https://inv.ondatamint.com/dashboard/", waiting until "networkidle"

2026-03-27T02:04:31.461Z ERROR: page.goto: Timeout 30000ms exceeded.
Call log:
  - navigating to "https://inv.ondatamint.com/dashboard/", waiting until "networkidle"

2026-03-27T02:06:31.778Z ERROR: page.goto: Timeout 30000ms exceeded.
Call log:
  - navigating to "https://inv.ondatamint.com/dashboard/", waiting until "networkidle"

2026-03-27T02:08:32.088Z ERROR: page.goto: Timeout 30000ms exceeded.
Call log:
  - navigating to "https://inv.ondatamint.com/dashboard/", waiting until "networkidle"

2026-03-27T02:10:31.397Z ERROR: page.goto: Timeout 30000ms exceeded.
Call log:
  - navigating to "https://inv.ondatamint.com/dashboard/", waiting until "networkidle"

2026-03-27T02:12:31.708Z ERROR: page.goto: Timeout 30000ms exceeded.
Call log:
  - navigating to "https://inv.ondatamint.com/dashboard/", waiting until "networkidle"

2026-03-27T02:14:32.009Z ERROR: page.goto: Timeout 30000ms exceeded.
Call log:
  - navigating to "https://inv.ondatamint.com/dashboard/", waiting until "networkidle"

2026-03-27T02:16:31.426Z ERROR: page.goto: Timeout 30000ms exceeded.
Call log:
  - navigating to "https://inv.ondatamint.com/dashboard/", waiting until "networkidle"

2026-03-27T02:18:31.738Z ERROR: page.goto: Timeout 30000ms exceeded.
Call log:
  - navigating to "https://inv.ondatamint.com/dashboard/", waiting until "networkidle"

2026-03-27T02:20:32.053Z ERROR: page.goto: Timeout 30000ms exceeded.
Call log:
  - navigating to "https://inv.ondatamint.com/dashboard/", waiting until "networkidle"

2026-03-27T02:22:31.356Z ERROR: page.goto: Timeout 30000ms exceeded.
Call log:
  - navigating to "https://inv.ondatamint.com/dashboard/", waiting until "networkidle"

2026-03-27T02:24:31.657Z ERROR: page.goto: Timeout 30000ms exceeded.
Call log:
  - navigating to "https://inv.ondatamint.com/dashboard/", waiting until "networkidle"

2026-03-27T02:26:31.972Z ERROR: page.goto: Timeout 30000ms exceeded.
Call log:
  - navigating to "https://inv.ondatamint.com/dashboard/", waiting until "networkidle"

2026-03-27T02:28:32.270Z ERROR: page.goto: Timeout 30000ms exceeded.
Call log:
  - navigating to "https://inv.ondatamint.com/dashboard/", waiting until "networkidle"

2026-03-27T02:30:31.586Z ERROR: page.goto: Timeout 30000ms exceeded.
Call log:
  - navigating to "https://inv.ondatamint.com/dashboard/", waiting until "networkidle"

2026-03-27T02:32:31.892Z ERROR: page.goto: Timeout 30000ms exceeded.
Call log:
  - navigating to "https://inv.ondatamint.com/dashboard/", waiting until "networkidle"

2026-03-27T02:34:32.198Z ERROR: page.goto: Timeout 30000ms exceeded.
Call log:
  - navigating to "https://inv.ondatamint.com/dashboard/", waiting until "networkidle"

2026-03-27T02:36:31.519Z ERROR: page.goto: Timeout 30000ms exceeded.
Call log:
  - navigating to "https://inv.ondatamint.com/dashboard/", waiting until "networkidle"

2026-03-27T02:38:31.815Z ERROR: page.goto: Timeout 30000ms exceeded.
Call log:
  - navigating to "https://inv.ondatamint.com/dashboard/", waiting until "networkidle"

2026-03-27T02:40:32.123Z ERROR: page.goto: Timeout 30000ms exceeded.
Call log:
  - navigating to "https://inv.ondatamint.com/dashboard/", waiting until "networkidle"

2026-03-27T02:42:31.425Z ERROR: page.goto: Timeout 30000ms exceeded.
Call log:
  - navigating to "https://inv.ondatamint.com/dashboard/", waiting until "networkidle"

2026-03-27T02:44:31.723Z ERROR: page.goto: Timeout 30000ms exceeded.
Call log:
  - navigating to "https://inv.ondatamint.com/dashboard/", waiting until "networkidle"

2026-03-27T02:46:32.148Z ERROR: page.goto: Timeout 30000ms exceeded.
Call log:
  - navigating to "https://inv.ondatamint.com/dashboard/", waiting until "networkidle"

2026-03-27T02:48:31.448Z ERROR: page.goto: Timeout 30000ms exceeded.
Call log:
  - navigating to "https://inv.ondatamint.com/dashboard/", waiting until "networkidle"

2026-03-27T02:50:31.765Z ERROR: page.goto: Timeout 30000ms exceeded.
Call log:
  - navigating to "https://inv.ondatamint.com/dashboard/", waiting until "networkidle"

2026-03-27T02:52:32.065Z ERROR: page.goto: Timeout 30000ms exceeded.
Call log:
  - navigating to "https://inv.ondatamint.com/dashboard/", waiting until "networkidle"

2026-03-27T02:54:31.361Z ERROR: page.goto: Timeout 30000ms exceeded.
Call log:
  - navigating to "https://inv.ondatamint.com/dashboard/", waiting until "networkidle"

2026-03-27T02:56:31.677Z ERROR: page.goto: Timeout 30000ms exceeded.
Call log:
  - navigating to "https://inv.ondatamint.com/dashboard/", waiting until "networkidle"

2026-03-27T02:58:31.988Z ERROR: page.goto: Timeout 30000ms exceeded.
Call log:
  - navigating to "https://inv.ondatamint.com/dashboard/", waiting until "networkidle"

2026-03-27T03:00:31.311Z ERROR: page.goto: Timeout 30000ms exceeded.
Call log:
  - navigating to "https://inv.ondatamint.com/dashboard/", waiting until "networkidle"

2026-03-27T03:02:31.611Z ERROR: page.goto: Timeout 30000ms exceeded.
Call log:
  - navigating to "https://inv.ondatamint.com/dashboard/", waiting until "networkidle"

2026-03-27T03:04:31.911Z ERROR: page.goto: Timeout 30000ms exceeded.
Call log:
  - navigating to "https://inv.ondatamint.com/dashboard/", waiting until "networkidle"

2026-03-27T03:06:32.229Z ERROR: page.goto: Timeout 30000ms exceeded.
Call log:
  - navigating to "https://inv.ondatamint.com/dashboard/", waiting until "networkidle"

2026-03-27T03:08:31.535Z ERROR: page.goto: Timeout 30000ms exceeded.
Call log:
  - navigating to "https://inv.ondatamint.com/dashboard/", waiting until "networkidle"

2026-03-27T03:10:31.847Z ERROR: page.goto: Timeout 30000ms exceeded.
Call log:
  - navigating to "https://inv.ondatamint.com/dashboard/", waiting until "networkidle"

2026-03-27T03:12:32.146Z ERROR: page.goto: Timeout 30000ms exceeded.
Call log:
  - navigating to "https://inv.ondatamint.com/dashboard/", waiting until "networkidle"

2026-03-27T03:14:31.447Z ERROR: page.goto: Timeout 30000ms exceeded.
Call log:
  - navigating to "https://inv.ondatamint.com/dashboard/", waiting until "networkidle"

2026-03-27T03:16:31.876Z ERROR: page.goto: Timeout 30000ms exceeded.
Call log:
  - navigating to "https://inv.ondatamint.com/dashboard/", waiting until "networkidle"

2026-03-27T03:18:32.184Z ERROR: page.goto: Timeout 30000ms exceeded.
Call log:
  - navigating to "https://inv.ondatamint.com/dashboard/", waiting until "networkidle"

2026-03-27T03:20:31.496Z ERROR: page.goto: Timeout 30000ms exceeded.
Call log:
  - navigating to "https://inv.ondatamint.com/dashboard/", waiting until "networkidle"

2026-03-27T03:22:31.798Z ERROR: page.goto: Timeout 30000ms exceeded.
Call log:
  - navigating to "https://inv.ondatamint.com/dashboard/", waiting until "networkidle"

2026-03-27T03:24:32.105Z ERROR: page.goto: Timeout 30000ms exceeded.
Call log:
  - navigating to "https://inv.ondatamint.com/dashboard/", waiting until "networkidle"

2026-03-27T03:26:31.423Z ERROR: page.goto: Timeout 30000ms exceeded.
Call log:
  - navigating to "https://inv.ondatamint.com/dashboard/", waiting until "networkidle"

2026-03-27T03:28:31.725Z ERROR: page.goto: Timeout 30000ms exceeded.
Call log:
  - navigating to "https://inv.ondatamint.com/dashboard/", waiting until "networkidle"

2026-03-27T03:30:32.037Z ERROR: page.goto: Timeout 30000ms exceeded.
Call log:
  - navigating to "https://inv.ondatamint.com/dashboard/", waiting until "networkidle"

2026-03-27T03:32:31.334Z ERROR: page.goto: Timeout 30000ms exceeded.
Call log:
  - navigating to "https://inv.ondatamint.com/dashboard/", waiting until "networkidle"

2026-03-27T03:34:31.636Z ERROR: page.goto: Timeout 30000ms exceeded.
Call log:
  - navigating to "https://inv.ondatamint.com/dashboard/", waiting until "networkidle"

2026-03-27T03:36:31.955Z ERROR: page.goto: Timeout 30000ms exceeded.
Call log:
  - navigating to "https://inv.ondatamint.com/dashboard/", waiting until "networkidle"

2026-03-27T03:38:32.262Z ERROR: page.goto: Timeout 30000ms exceeded.
Call log:
  - navigating to "https://inv.ondatamint.com/dashboard/", waiting until "networkidle"

2026-03-27T03:40:31.575Z ERROR: page.goto: Timeout 30000ms exceeded.
Call log:
  - navigating to "https://inv.ondatamint.com/dashboard/", waiting until "networkidle"

2026-03-27T03:42:31.875Z ERROR: page.goto: Timeout 30000ms exceeded.
Call log:
  - navigating to "https://inv.ondatamint.com/dashboard/", waiting until "networkidle"

2026-03-27T03:44:32.179Z ERROR: page.goto: Timeout 30000ms exceeded.
Call log:
  - navigating to "https://inv.ondatamint.com/dashboard/", waiting until "networkidle"

2026-03-27T03:46:31.604Z ERROR: page.goto: Timeout 30000ms exceeded.
Call log:
  - navigating to "https://inv.ondatamint.com/dashboard/", waiting until "networkidle"

2026-03-27T03:48:31.908Z ERROR: page.goto: Timeout 30000ms exceeded.
Call log:
  - navigating to "https://inv.ondatamint.com/dashboard/", waiting until "networkidle"

2026-03-27T03:50:32.230Z ERROR: page.goto: Timeout 30000ms exceeded.
Call log:
  - navigating to "https://inv.ondatamint.com/dashboard/", waiting until "networkidle"

2026-03-27T03:52:31.535Z ERROR: page.goto: Timeout 30000ms exceeded.
Call log:
  - navigating to "https://inv.ondatamint.com/dashboard/", waiting until "networkidle"

2026-03-27T03:54:31.834Z ERROR: page.goto: Timeout 30000ms exceeded.
Call log:
  - navigating to "https://inv.ondatamint.com/dashboard/", waiting until "networkidle"

2026-03-27T03:56:32.152Z ERROR: page.goto: Timeout 30000ms exceeded.
Call log:
  - navigating to "https://inv.ondatamint.com/dashboard/", waiting until "networkidle"

2026-03-27T03:58:31.455Z ERROR: page.goto: Timeout 30000ms exceeded.
Call log:
  - navigating to "https://inv.ondatamint.com/dashboard/", waiting until "networkidle"

2026-03-27T04:00:31.772Z ERROR: page.goto: Timeout 30000ms exceeded.
Call log:
  - navigating to "https://inv.ondatamint.com/dashboard/", waiting until "networkidle"

2026-03-27T04:02:32.076Z ERROR: page.goto: Timeout 30000ms exceeded.
Call log:
  - navigating to "https://inv.ondatamint.com/dashboard/", waiting until "networkidle"

2026-03-27T04:04:31.379Z ERROR: page.goto: Timeout 30000ms exceeded.
Call log:
  - navigating to "https://inv.ondatamint.com/dashboard/", waiting until "networkidle"

2026-03-27T04:06:31.701Z ERROR: page.goto: Timeout 30000ms exceeded.
Call log:
  - navigating to "https://inv.ondatamint.com/dashboard/", waiting until "networkidle"

2026-03-27T04:08:32.005Z ERROR: page.goto: Timeout 30000ms exceeded.
Call log:
  - navigating to "https://inv.ondatamint.com/dashboard/", waiting until "networkidle"

2026-03-27T04:10:31.328Z ERROR: page.goto: Timeout 30000ms exceeded.
Call log:
  - navigating to "https://inv.ondatamint.com/dashboard/", waiting until "networkidle"

2026-03-27T04:12:31.632Z ERROR: page.goto: Timeout 30000ms exceeded.
Call log:
  - navigating to "https://inv.ondatamint.com/dashboard/", waiting until "networkidle"

2026-03-27T04:14:31.930Z ERROR: page.goto: Timeout 30000ms exceeded.
Call log:
  - navigating to "https://inv.ondatamint.com/dashboard/", waiting until "networkidle"

2026-03-27T04:16:31.347Z ERROR: page.goto: Timeout 30000ms exceeded.
Call log:
  - navigating to "https://inv.ondatamint.com/dashboard/", waiting until "networkidle"

2026-03-27T04:18:31.654Z ERROR: page.goto: Timeout 30000ms exceeded.
Call log:
  - navigating to "https://inv.ondatamint.com/dashboard/", waiting until "networkidle"

2026-03-27T04:20:31.973Z ERROR: page.goto: Timeout 30000ms exceeded.
Call log:
  - navigating to "https://inv.ondatamint.com/dashboard/", waiting until "networkidle"

2026-03-27T04:22:32.281Z ERROR: page.goto: Timeout 30000ms exceeded.
Call log:
  - navigating to "https://inv.ondatamint.com/dashboard/", waiting until "networkidle"

2026-03-27T04:24:31.582Z ERROR: page.goto: Timeout 30000ms exceeded.
Call log:
  - navigating to "https://inv.ondatamint.com/dashboard/", waiting until "networkidle"

2026-03-27T04:26:31.900Z ERROR: page.goto: Timeout 30000ms exceeded.
Call log:
  - navigating to "https://inv.ondatamint.com/dashboard/", waiting until "networkidle"

2026-03-27T04:28:32.200Z ERROR: page.goto: Timeout 30000ms exceeded.
Call log:
  - navigating to "https://inv.ondatamint.com/dashboard/", waiting until "networkidle"

2026-03-27T04:30:31.512Z ERROR: page.goto: Timeout 30000ms exceeded.
Call log:
  - navigating to "https://inv.ondatamint.com/dashboard/", waiting until "networkidle"

2026-03-27T04:32:31.813Z ERROR: page.goto: Timeout 30000ms exceeded.
Call log:
  - navigating to "https://inv.ondatamint.com/dashboard/", waiting until "networkidle"

2026-03-27T04:34:32.115Z ERROR: page.goto: Timeout 30000ms exceeded.
Call log:
  - navigating to "https://inv.ondatamint.com/dashboard/", waiting until "networkidle"

2026-03-27T04:36:31.432Z ERROR: page.goto: Timeout 30000ms exceeded.
Call log:
  - navigating to "https://inv.ondatamint.com/dashboard/", waiting until "networkidle"

2026-03-27T04:38:31.739Z ERROR: page.goto: Timeout 30000ms exceeded.
Call log:
  - navigating to "https://inv.ondatamint.com/dashboard/", waiting until "networkidle"

2026-03-27T04:40:32.059Z ERROR: page.goto: Timeout 30000ms exceeded.
Call log:
  - navigating to "https://inv.ondatamint.com/dashboard/", waiting until "networkidle"

2026-03-27T04:42:31.364Z ERROR: page.goto: Timeout 30000ms exceeded.
Call log:
  - navigating to "https://inv.ondatamint.com/dashboard/", waiting until "networkidle"

2026-03-27T04:44:31.673Z ERROR: page.goto: Timeout 30000ms exceeded.
Call log:
  - navigating to "https://inv.ondatamint.com/dashboard/", waiting until "networkidle"

2026-03-27T04:46:32.095Z ERROR: page.goto: Timeout 30000ms exceeded.
Call log:
  - navigating to "https://inv.ondatamint.com/dashboard/", waiting until "networkidle"

2026-03-27T04:48:31.404Z ERROR: page.goto: Timeout 30000ms exceeded.
Call log:
  - navigating to "https://inv.ondatamint.com/dashboard/", waiting until "networkidle"

2026-03-27T04:50:31.717Z ERROR: page.goto: Timeout 30000ms exceeded.
Call log:
  - navigating to "https://inv.ondatamint.com/dashboard/", waiting until "networkidle"

2026-03-27T04:52:32.020Z ERROR: page.goto: Timeout 30000ms exceeded.
Call log:
  - navigating to "https://inv.ondatamint.com/dashboard/", waiting until "networkidle"

2026-03-27T04:54:31.318Z ERROR: page.goto: Timeout 30000ms exceeded.
Call log:
  - navigating to "https://inv.ondatamint.com/dashboard/", waiting until "networkidle"

2026-03-27T04:56:31.640Z ERROR: page.goto: Timeout 30000ms exceeded.
Call log:
  - navigating to "https://inv.ondatamint.com/dashboard/", waiting until "networkidle"

2026-03-27T04:58:31.938Z ERROR: page.goto: Timeout 30000ms exceeded.
Call log:
  - navigating to "https://inv.ondatamint.com/dashboard/", waiting until "networkidle"

2026-03-27T05:00:32.255Z ERROR: page.goto: Timeout 30000ms exceeded.
Call log:
  - navigating to "https://inv.ondatamint.com/dashboard/", waiting until "networkidle"

2026-03-27T05:02:31.554Z ERROR: page.goto: Timeout 30000ms exceeded.
Call log:
  - navigating to "https://inv.ondatamint.com/dashboard/", waiting until "networkidle"

2026-03-27T05:04:31.854Z ERROR: page.goto: Timeout 30000ms exceeded.
Call log:
  - navigating to "https://inv.ondatamint.com/dashboard/", waiting until "networkidle"

2026-03-27T05:06:32.173Z ERROR: page.goto: Timeout 30000ms exceeded.
Call log:
  - navigating to "https://inv.ondatamint.com/dashboard/", waiting until "networkidle"

2026-03-27T05:08:31.481Z ERROR: page.goto: Timeout 30000ms exceeded.
Call log:
  - navigating to "https://inv.ondatamint.com/dashboard/", waiting until "networkidle"

2026-03-27T05:10:31.789Z ERROR: page.goto: Timeout 30000ms exceeded.
Call log:
  - navigating to "https://inv.ondatamint.com/dashboard/", waiting until "networkidle"

2026-03-27T05:12:32.089Z ERROR: page.goto: Timeout 30000ms exceeded.
Call log:
  - navigating to "https://inv.ondatamint.com/dashboard/", waiting until "networkidle"

2026-03-27T05:14:31.395Z ERROR: page.goto: Timeout 30000ms exceeded.
Call log:
  - navigating to "https://inv.ondatamint.com/dashboard/", waiting until "networkidle"

2026-03-27T05:16:31.822Z ERROR: page.goto: Timeout 30000ms exceeded.
Call log:
  - navigating to "https://inv.ondatamint.com/dashboard/", waiting until "networkidle"

2026-03-27T05:18:32.142Z ERROR: page.goto: Timeout 30000ms exceeded.
Call log:
  - navigating to "https://inv.ondatamint.com/dashboard/", waiting until "networkidle"

2026-03-27T05:20:31.454Z ERROR: page.goto: Timeout 30000ms exceeded.
Call log:
  - navigating to "https://inv.ondatamint.com/dashboard/", waiting until "networkidle"

2026-03-27T05:22:31.763Z ERROR: page.goto: Timeout 30000ms exceeded.
Call log:
  - navigating to "https://inv.ondatamint.com/dashboard/", waiting until "networkidle"

2026-03-27T05:24:32.069Z ERROR: page.goto: Timeout 30000ms exceeded.
Call log:
  - navigating to "https://inv.ondatamint.com/dashboard/", waiting until "networkidle"

2026-03-27T05:26:31.398Z ERROR: page.goto: Timeout 30000ms exceeded.
Call log:
  - navigating to "https://inv.ondatamint.com/dashboard/", waiting until "networkidle"

2026-03-27T05:28:31.698Z ERROR: page.goto: Timeout 30000ms exceeded.
Call log:
  - navigating to "https://inv.ondatamint.com/dashboard/", waiting until "networkidle"

2026-03-27T05:30:32.022Z ERROR: page.goto: Timeout 30000ms exceeded.
Call log:
  - navigating to "https://inv.ondatamint.com/dashboard/", waiting until "networkidle"

2026-03-27T05:32:31.333Z ERROR: page.goto: Timeout 30000ms exceeded.
Call log:
  - navigating to "https://inv.ondatamint.com/dashboard/", waiting until "networkidle"

2026-03-27T05:34:31.636Z ERROR: page.goto: Timeout 30000ms exceeded.
Call log:
  - navigating to "https://inv.ondatamint.com/dashboard/", waiting until "networkidle"

2026-03-27T05:36:31.961Z ERROR: page.goto: Timeout 30000ms exceeded.
Call log:
  - navigating to "https://inv.ondatamint.com/dashboard/", waiting until "networkidle"

2026-03-27T05:38:32.267Z ERROR: page.goto: Timeout 30000ms exceeded.
Call log:
  - navigating to "https://inv.ondatamint.com/dashboard/", waiting until "networkidle"

2026-03-27T05:40:31.708Z ERROR: page.goto: Timeout 30000ms exceeded.
Call log:
  - navigating to "https://inv.ondatamint.com/dashboard/", waiting until "networkidle"

2026-03-27T05:42:32.177Z ERROR: page.goto: Timeout 30000ms exceeded.
Call log:
  - navigating to "https://inv.ondatamint.com/dashboard/", waiting until "networkidle"

2026-03-27T05:44:31.491Z ERROR: page.goto: Timeout 30000ms exceeded.
Call log:
  - navigating to "https://inv.ondatamint.com/dashboard/", waiting until "networkidle"

2026-03-27T05:46:31.916Z ERROR: page.goto: Timeout 30000ms exceeded.
Call log:
  - navigating to "https://inv.ondatamint.com/dashboard/", waiting until "networkidle"

2026-03-27T05:48:32.218Z ERROR: page.goto: Timeout 30000ms exceeded.
Call log:
  - navigating to "https://inv.ondatamint.com/dashboard/", waiting until "networkidle"

2026-03-27T05:50:31.531Z ERROR: page.goto: Timeout 30000ms exceeded.
Call log:
  - navigating to "https://inv.ondatamint.com/dashboard/", waiting until "networkidle"

2026-03-27T05:52:31.830Z ERROR: page.goto: Timeout 30000ms exceeded.
Call log:
  - navigating to "https://inv.ondatamint.com/dashboard/", waiting until "networkidle"

2026-03-27T05:54:32.134Z ERROR: page.goto: Timeout 30000ms exceeded.
Call log:
  - navigating to "https://inv.ondatamint.com/dashboard/", waiting until "networkidle"

2026-03-27T05:56:31.447Z ERROR: page.goto: Timeout 30000ms exceeded.
Call log:
  - navigating to "https://inv.ondatamint.com/dashboard/", waiting until "networkidle"

2026-03-27T05:58:31.752Z ERROR: page.goto: Timeout 30000ms exceeded.
Call log:
  - navigating to "https://inv.ondatamint.com/dashboard/", waiting until "networkidle"

2026-03-27T06:00:32.068Z ERROR: page.goto: Timeout 30000ms exceeded.
Call log:
  - navigating to "https://inv.ondatamint.com/dashboard/", waiting until "networkidle"

2026-03-27T06:02:31.369Z ERROR: page.goto: Timeout 30000ms exceeded.
Call log:
  - navigating to "https://inv.ondatamint.com/dashboard/", waiting until "networkidle"

2026-03-27T06:04:31.674Z ERROR: page.goto: Timeout 30000ms exceeded.
Call log:
  - navigating to "https://inv.ondatamint.com/dashboard/", waiting until "networkidle"

2026-03-27T06:06:31.989Z ERROR: page.goto: Timeout 30000ms exceeded.
Call log:
  - navigating to "https://inv.ondatamint.com/dashboard/", waiting until "networkidle"

2026-03-27T06:08:31.289Z ERROR: page.goto: Timeout 30000ms exceeded.
Call log:
  - navigating to "https://inv.ondatamint.com/dashboard/", waiting until "networkidle"

2026-03-27T06:10:31.595Z ERROR: page.goto: Timeout 30000ms exceeded.
Call log:
  - navigating to "https://inv.ondatamint.com/dashboard/", waiting until "networkidle"

2026-03-27T06:12:31.898Z ERROR: page.goto: Timeout 30000ms exceeded.
Call log:
  - navigating to "https://inv.ondatamint.com/dashboard/", waiting until "networkidle"

2026-03-27T06:14:32.197Z ERROR: page.goto: Timeout 30000ms exceeded.
Call log:
  - navigating to "https://inv.ondatamint.com/dashboard/", waiting until "networkidle"

2026-03-27T06:16:31.614Z ERROR: page.goto: Timeout 30000ms exceeded.
Call log:
  - navigating to "https://inv.ondatamint.com/dashboard/", waiting until "networkidle"

2026-03-27T06:18:31.928Z ERROR: page.goto: Timeout 30000ms exceeded.
Call log:
  - navigating to "https://inv.ondatamint.com/dashboard/", waiting until "networkidle"

2026-03-27T06:20:32.235Z ERROR: page.goto: Timeout 30000ms exceeded.
Call log:
  - navigating to "https://inv.ondatamint.com/dashboard/", waiting until "networkidle"

2026-03-27T06:22:31.528Z ERROR: page.goto: Timeout 30000ms exceeded.
Call log:
  - navigating to "https://inv.ondatamint.com/dashboard/", waiting until "networkidle"

2026-03-27T06:24:31.830Z ERROR: page.goto: Timeout 30000ms exceeded.
Call log:
  - navigating to "https://inv.ondatamint.com/dashboard/", waiting until "networkidle"

2026-03-27T06:26:32.149Z ERROR: page.goto: Timeout 30000ms exceeded.
Call log:
  - navigating to "https://inv.ondatamint.com/dashboard/", waiting until "networkidle"

2026-03-27T06:28:31.451Z ERROR: page.goto: Timeout 30000ms exceeded.
Call log:
  - navigating to "https://inv.ondatamint.com/dashboard/", waiting until "networkidle"

2026-03-27T06:30:31.755Z ERROR: page.goto: Timeout 30000ms exceeded.
Call log:
  - navigating to "https://inv.ondatamint.com/dashboard/", waiting until "networkidle"

2026-03-27T06:32:32.054Z ERROR: page.goto: Timeout 30000ms exceeded.
Call log:
  - navigating to "https://inv.ondatamint.com/dashboard/", waiting until "networkidle"

2026-03-27T06:34:31.355Z ERROR: page.goto: Timeout 30000ms exceeded.
Call log:
  - navigating to "https://inv.ondatamint.com/dashboard/", waiting until "networkidle"

2026-03-27T06:36:31.677Z ERROR: page.goto: Timeout 30000ms exceeded.
Call log:
  - navigating to "https://inv.ondatamint.com/dashboard/", waiting until "networkidle"

2026-03-27T06:38:31.985Z ERROR: page.goto: Timeout 30000ms exceeded.
Call log:
  - navigating to "https://inv.ondatamint.com/dashboard/", waiting until "networkidle"

2026-03-27T06:40:31.296Z ERROR: page.goto: Timeout 30000ms exceeded.
Call log:
  - navigating to "https://inv.ondatamint.com/dashboard/", waiting until "networkidle"

2026-03-27T06:42:31.594Z ERROR: page.goto: Timeout 30000ms exceeded.
Call log:
  - navigating to "https://inv.ondatamint.com/dashboard/", waiting until "networkidle"

2026-03-27T06:44:31.900Z ERROR: page.goto: Timeout 30000ms exceeded.
Call log:
  - navigating to "https://inv.ondatamint.com/dashboard/", waiting until "networkidle"

2026-03-27T06:46:31.325Z ERROR: page.goto: Timeout 30000ms exceeded.
Call log:
  - navigating to "https://inv.ondatamint.com/dashboard/", waiting until "networkidle"

2026-03-27T06:48:31.622Z ERROR: page.goto: Timeout 30000ms exceeded.
Call log:
  - navigating to "https://inv.ondatamint.com/dashboard/", waiting until "networkidle"

2026-03-27T06:50:31.926Z ERROR: page.goto: Timeout 30000ms exceeded.
Call log:
  - navigating to "https://inv.ondatamint.com/dashboard/", waiting until "networkidle"

2026-03-27T06:52:32.230Z ERROR: page.goto: Timeout 30000ms exceeded.
Call log:
  - navigating to "https://inv.ondatamint.com/dashboard/", waiting until "networkidle"

2026-03-27T06:54:31.527Z ERROR: page.goto: Timeout 30000ms exceeded.
Call log:
  - navigating to "https://inv.ondatamint.com/dashboard/", waiting until "networkidle"

2026-03-27T06:56:31.845Z ERROR: page.goto: Timeout 30000ms exceeded.
Call log:
  - navigating to "https://inv.ondatamint.com/dashboard/", waiting until "networkidle"

2026-03-27T06:58:32.149Z ERROR: page.goto: Timeout 30000ms exceeded.
Call log:
  - navigating to "https://inv.ondatamint.com/dashboard/", waiting until "networkidle"

2026-03-27T07:00:31.455Z ERROR: page.goto: Timeout 30000ms exceeded.
Call log:
  - navigating to "https://inv.ondatamint.com/dashboard/", waiting until "networkidle"

2026-03-27T07:02:31.758Z ERROR: page.goto: Timeout 30000ms exceeded.
Call log:
  - navigating to "https://inv.ondatamint.com/dashboard/", waiting until "networkidle"

2026-03-27T07:04:32.057Z ERROR: page.goto: Timeout 30000ms exceeded.
Call log:
  - navigating to "https://inv.ondatamint.com/dashboard/", waiting until "networkidle"

2026-03-27T07:06:31.370Z ERROR: page.goto: Timeout 30000ms exceeded.
Call log:
  - navigating to "https://inv.ondatamint.com/dashboard/", waiting until "networkidle"

2026-03-27T07:08:31.677Z ERROR: page.goto: Timeout 30000ms exceeded.
Call log:
  - navigating to "https://inv.ondatamint.com/dashboard/", waiting until "networkidle"

2026-03-27T07:10:31.985Z ERROR: page.goto: Timeout 30000ms exceeded.
Call log:
  - navigating to "https://inv.ondatamint.com/dashboard/", waiting until "networkidle"

2026-03-27T07:12:31.283Z ERROR: page.goto: Timeout 30000ms exceeded.
Call log:
  - navigating to "https://inv.ondatamint.com/dashboard/", waiting until "networkidle"

2026-03-27T07:14:31.583Z ERROR: page.goto: Timeout 30000ms exceeded.
Call log:
  - navigating to "https://inv.ondatamint.com/dashboard/", waiting until "networkidle"

2026-03-27T07:16:32.003Z ERROR: page.goto: Timeout 30000ms exceeded.
Call log:
  - navigating to "https://inv.ondatamint.com/dashboard/", waiting until "networkidle"

2026-03-27T07:18:31.317Z ERROR: page.goto: Timeout 30000ms exceeded.
Call log:
  - navigating to "https://inv.ondatamint.com/dashboard/", waiting until "networkidle"

2026-03-27T07:20:31.630Z ERROR: page.goto: Timeout 30000ms exceeded.
Call log:
  - navigating to "https://inv.ondatamint.com/dashboard/", waiting until "networkidle"

2026-03-27T07:22:31.928Z ERROR: page.goto: Timeout 30000ms exceeded.
Call log:
  - navigating to "https://inv.ondatamint.com/dashboard/", waiting until "networkidle"

2026-03-27T07:24:32.230Z ERROR: page.goto: Timeout 30000ms exceeded.
Call log:
  - navigating to "https://inv.ondatamint.com/dashboard/", waiting until "networkidle"

2026-03-27T07:26:31.547Z ERROR: page.goto: Timeout 30000ms exceeded.
Call log:
  - navigating to "https://inv.ondatamint.com/dashboard/", waiting until "networkidle"

2026-03-27T07:28:31.849Z ERROR: page.goto: Timeout 30000ms exceeded.
Call log:
  - navigating to "https://inv.ondatamint.com/dashboard/", waiting until "networkidle"

2026-03-27T07:30:32.214Z ERROR: page.goto: Timeout 30000ms exceeded.
Call log:
  - navigating to "https://inv.ondatamint.com/dashboard/", waiting until "networkidle"

2026-03-27T07:32:31.578Z ERROR: page.goto: Timeout 30000ms exceeded.
Call log:
  - navigating to "https://inv.ondatamint.com/dashboard/", waiting until "networkidle"

2026-03-27T07:34:32.006Z ERROR: page.goto: Timeout 30000ms exceeded.
Call log:
  - navigating to "https://inv.ondatamint.com/dashboard/", waiting until "networkidle"

2026-03-27T07:36:31.401Z ERROR: page.goto: Timeout 30000ms exceeded.
Call log:
  - navigating to "https://inv.ondatamint.com/dashboard/", waiting until "networkidle"

2026-03-27T07:38:31.771Z ERROR: page.goto: Timeout 30000ms exceeded.
Call log:
  - navigating to "https://inv.ondatamint.com/dashboard/", waiting until "networkidle"

2026-03-27T07:40:32.239Z ERROR: page.goto: Timeout 30000ms exceeded.
Call log:
  - navigating to "https://inv.ondatamint.com/dashboard/", waiting until "networkidle"

2026-03-27T07:42:31.555Z ERROR: page.goto: Timeout 30000ms exceeded.
Call log:
  - navigating to "https://inv.ondatamint.com/dashboard/", waiting until "networkidle"

2026-03-27T07:44:31.859Z ERROR: page.goto: Timeout 30000ms exceeded.
Call log:
  - navigating to "https://inv.ondatamint.com/dashboard/", waiting until "networkidle"

2026-03-27T07:46:31.291Z ERROR: page.goto: Timeout 30000ms exceeded.
Call log:
  - navigating to "https://inv.ondatamint.com/dashboard/", waiting until "networkidle"

2026-03-27T07:48:31.672Z ERROR: page.goto: Timeout 30000ms exceeded.
Call log:
  - navigating to "https://inv.ondatamint.com/dashboard/", waiting until "networkidle"

2026-03-27T07:50:32.122Z ERROR: page.goto: Timeout 30000ms exceeded.
Call log:
  - navigating to "https://inv.ondatamint.com/dashboard/", waiting until "networkidle"

2026-03-27T07:52:31.533Z ERROR: page.goto: Timeout 30000ms exceeded.
Call log:
  - navigating to "https://inv.ondatamint.com/dashboard/", waiting until "networkidle"

2026-03-27T07:54:31.994Z ERROR: page.goto: Timeout 30000ms exceeded.
Call log:
  - navigating to "https://inv.ondatamint.com/dashboard/", waiting until "networkidle"

2026-03-27T07:56:31.448Z ERROR: page.goto: Timeout 30000ms exceeded.
Call log:
  - navigating to "https://inv.ondatamint.com/dashboard/", waiting until "networkidle"

2026-03-27T07:58:31.913Z ERROR: page.goto: Timeout 30000ms exceeded.
Call log:
  - navigating to "https://inv.ondatamint.com/dashboard/", waiting until "networkidle"

2026-03-27T08:00:32.328Z ERROR: page.goto: Timeout 30000ms exceeded.
Call log:
  - navigating to "https://inv.ondatamint.com/dashboard/", waiting until "networkidle"

2026-03-27T08:02:31.735Z ERROR: page.goto: Timeout 30000ms exceeded.
Call log:
  - navigating to "https://inv.ondatamint.com/dashboard/", waiting until "networkidle"

2026-03-27T08:04:32.158Z ERROR: page.goto: Timeout 30000ms exceeded.
Call log:
  - navigating to "https://inv.ondatamint.com/dashboard/", waiting until "networkidle"

2026-03-27T08:06:31.573Z ERROR: page.goto: Timeout 30000ms exceeded.
Call log:
  - navigating to "https://inv.ondatamint.com/dashboard/", waiting until "networkidle"

2026-03-27T08:08:31.967Z ERROR: page.goto: Timeout 30000ms exceeded.
Call log:
  - navigating to "https://inv.ondatamint.com/dashboard/", waiting until "networkidle"

2026-03-27T08:10:31.417Z ERROR: page.goto: Timeout 30000ms exceeded.
Call log:
  - navigating to "https://inv.ondatamint.com/dashboard/", waiting until "networkidle"

2026-03-27T08:12:31.835Z ERROR: page.goto: Timeout 30000ms exceeded.
Call log:
  - navigating to "https://inv.ondatamint.com/dashboard/", waiting until "networkidle"

2026-03-27T08:14:32.230Z ERROR: page.goto: Timeout 30000ms exceeded.
Call log:
  - navigating to "https://inv.ondatamint.com/dashboard/", waiting until "networkidle"

2026-03-27T08:16:31.745Z ERROR: page.goto: Timeout 30000ms exceeded.
Call log:
  - navigating to "https://inv.ondatamint.com/dashboard/", waiting until "networkidle"

2026-03-27T08:18:32.158Z ERROR: page.goto: Timeout 30000ms exceeded.
Call log:
  - navigating to "https://inv.ondatamint.com/dashboard/", waiting until "networkidle"

2026-03-27T08:20:31.606Z ERROR: page.goto: Timeout 30000ms exceeded.
Call log:
  - navigating to "https://inv.ondatamint.com/dashboard/", waiting until "networkidle"

2026-03-27T08:22:31.921Z ERROR: page.goto: Timeout 30000ms exceeded.
Call log:
  - navigating to "https://inv.ondatamint.com/dashboard/", waiting until "networkidle"

2026-03-27T08:24:32.222Z ERROR: page.goto: Timeout 30000ms exceeded.
Call log:
  - navigating to "https://inv.ondatamint.com/dashboard/", waiting until "networkidle"

2026-03-27T08:26:31.546Z ERROR: page.goto: Timeout 30000ms exceeded.
Call log:
  - navigating to "https://inv.ondatamint.com/dashboard/", waiting until "networkidle"

2026-03-27T08:28:31.844Z ERROR: page.goto: Timeout 30000ms exceeded.
Call log:
  - navigating to "https://inv.ondatamint.com/dashboard/", waiting until "networkidle"

2026-03-27T08:30:32.155Z ERROR: page.goto: Timeout 30000ms exceeded.
Call log:
  - navigating to "https://inv.ondatamint.com/dashboard/", waiting until "networkidle"

2026-03-27T08:32:31.460Z ERROR: page.goto: Timeout 30000ms exceeded.
Call log:
  - navigating to "https://inv.ondatamint.com/dashboard/", waiting until "networkidle"

2026-03-27T08:34:31.766Z ERROR: page.goto: Timeout 30000ms exceeded.
Call log:
  - navigating to "https://inv.ondatamint.com/dashboard/", waiting until "networkidle"

2026-03-27T08:36:32.090Z ERROR: page.goto: Timeout 30000ms exceeded.
Call log:
  - navigating to "https://inv.ondatamint.com/dashboard/", waiting until "networkidle"

2026-03-27T08:38:31.389Z ERROR: page.goto: Timeout 30000ms exceeded.
Call log:
  - navigating to "https://inv.ondatamint.com/dashboard/", waiting until "networkidle"

2026-03-27T08:40:31.709Z ERROR: page.goto: Timeout 30000ms exceeded.
Call log:
  - navigating to "https://inv.ondatamint.com/dashboard/", waiting until "networkidle"

2026-03-27T08:42:32.016Z ERROR: page.goto: Timeout 30000ms exceeded.
Call log:
  - navigating to "https://inv.ondatamint.com/dashboard/", waiting until "networkidle"

2026-03-27T08:44:31.318Z ERROR: page.goto: Timeout 30000ms exceeded.
Call log:
  - navigating to "https://inv.ondatamint.com/dashboard/", waiting until "networkidle"

2026-03-27T08:46:31.749Z ERROR: page.goto: Timeout 30000ms exceeded.
Call log:
  - navigating to "https://inv.ondatamint.com/dashboard/", waiting until "networkidle"

2026-03-27T08:48:32.057Z ERROR: page.goto: Timeout 30000ms exceeded.
Call log:
  - navigating to "https://inv.ondatamint.com/dashboard/", waiting until "networkidle"

2026-03-27T08:50:31.374Z ERROR: page.goto: Timeout 30000ms exceeded.
Call log:
  - navigating to "https://inv.ondatamint.com/dashboard/", waiting until "networkidle"

2026-03-27T08:52:31.683Z ERROR: page.goto: Timeout 30000ms exceeded.
Call log:
  - navigating to "https://inv.ondatamint.com/dashboard/", waiting until "networkidle"

2026-03-27T08:54:31.984Z ERROR: page.goto: Timeout 30000ms exceeded.
Call log:
  - navigating to "https://inv.ondatamint.com/dashboard/", waiting until "networkidle"

2026-03-27T08:56:31.304Z ERROR: page.goto: Timeout 30000ms exceeded.
Call log:
  - navigating to "https://inv.ondatamint.com/dashboard/", waiting until "networkidle"

2026-03-27T08:58:31.610Z ERROR: page.goto: Timeout 30000ms exceeded.
Call log:
  - navigating to "https://inv.ondatamint.com/dashboard/", waiting until "networkidle"

2026-03-27T09:00:31.932Z ERROR: page.goto: Timeout 30000ms exceeded.
Call log:
  - navigating to "https://inv.ondatamint.com/dashboard/", waiting until "networkidle"

2026-03-27T09:02:32.233Z ERROR: page.goto: Timeout 30000ms exceeded.
Call log:
  - navigating to "https://inv.ondatamint.com/dashboard/", waiting until "networkidle"

2026-03-27T09:04:31.533Z ERROR: page.goto: Timeout 30000ms exceeded.
Call log:
  - navigating to "https://inv.ondatamint.com/dashboard/", waiting until "networkidle"

2026-03-27T09:06:31.850Z ERROR: page.goto: Timeout 30000ms exceeded.
Call log:
  - navigating to "https://inv.ondatamint.com/dashboard/", waiting until "networkidle"

2026-03-27T09:08:32.152Z ERROR: page.goto: Timeout 30000ms exceeded.
Call log:
  - navigating to "https://inv.ondatamint.com/dashboard/", waiting until "networkidle"

2026-03-27T09:10:31.468Z ERROR: page.goto: Timeout 30000ms exceeded.
Call log:
  - navigating to "https://inv.ondatamint.com/dashboard/", waiting until "networkidle"

2026-03-27T09:12:31.774Z ERROR: page.goto: Timeout 30000ms exceeded.
Call log:
  - navigating to "https://inv.ondatamint.com/dashboard/", waiting until "networkidle"

2026-03-27T09:14:32.080Z ERROR: page.goto: Timeout 30000ms exceeded.
Call log:
  - navigating to "https://inv.ondatamint.com/dashboard/", waiting until "networkidle"

2026-03-27T09:16:31.506Z ERROR: page.goto: Timeout 30000ms exceeded.
Call log:
  - navigating to "https://inv.ondatamint.com/dashboard/", waiting until "networkidle"

2026-03-27T09:18:31.822Z ERROR: page.goto: Timeout 30000ms exceeded.
Call log:
  - navigating to "https://inv.ondatamint.com/dashboard/", waiting until "networkidle"

2026-03-27T09:20:32.139Z ERROR: page.goto: Timeout 30000ms exceeded.
Call log:
  - navigating to "https://inv.ondatamint.com/dashboard/", waiting until "networkidle"

2026-03-27T09:22:31.433Z ERROR: page.goto: Timeout 30000ms exceeded.
Call log:
  - navigating to "https://inv.ondatamint.com/dashboard/", waiting until "networkidle"

2026-03-27T09:24:31.731Z ERROR: page.goto: Timeout 30000ms exceeded.
Call log:
  - navigating to "https://inv.ondatamint.com/dashboard/", waiting until "networkidle"

2026-03-27T09:26:32.049Z ERROR: page.goto: Timeout 30000ms exceeded.
Call log:
  - navigating to "https://inv.ondatamint.com/dashboard/", waiting until "networkidle"

2026-03-27T09:28:31.356Z ERROR: page.goto: Timeout 30000ms exceeded.
Call log:
  - navigating to "https://inv.ondatamint.com/dashboard/", waiting until "networkidle"

2026-03-27T09:30:31.674Z ERROR: page.goto: Timeout 30000ms exceeded.
Call log:
  - navigating to "https://inv.ondatamint.com/dashboard/", waiting until "networkidle"

2026-03-27T09:32:31.999Z ERROR: page.goto: Timeout 30000ms exceeded.
Call log:
  - navigating to "https://inv.ondatamint.com/dashboard/", waiting until "networkidle"

2026-03-27T09:34:31.302Z ERROR: page.goto: Timeout 30000ms exceeded.
Call log:
  - navigating to "https://inv.ondatamint.com/dashboard/", waiting until "networkidle"

2026-03-27T09:36:31.623Z ERROR: page.goto: Timeout 30000ms exceeded.
Call log:
  - navigating to "https://inv.ondatamint.com/dashboard/", waiting until "networkidle"

2026-03-27T09:38:32.330Z ERROR: page.goto: Timeout 30000ms exceeded.
Call log:
  - navigating to "https://inv.ondatamint.com/dashboard/", waiting until "networkidle"

2026-03-27T09:40:31.813Z ERROR: page.goto: Timeout 30000ms exceeded.
Call log:
  - navigating to "https://inv.ondatamint.com/dashboard/", waiting until "networkidle"

2026-03-27T09:42:32.221Z ERROR: page.goto: Timeout 30000ms exceeded.
Call log:
  - navigating to "https://inv.ondatamint.com/dashboard/", waiting until "networkidle"

2026-03-27T09:44:31.607Z ERROR: page.goto: Timeout 30000ms exceeded.
Call log:
  - navigating to "https://inv.ondatamint.com/dashboard/", waiting until "networkidle"

2026-03-27T09:46:32.149Z ERROR: page.goto: Timeout 30000ms exceeded.
Call log:
  - navigating to "https://inv.ondatamint.com/dashboard/", waiting until "networkidle"

2026-03-27T09:48:16.532Z OK: min DP%-PnL%=0.20% (XRP_2026_03_01_13_44_00), 50 positions
2026-03-27T09:50:16.725Z OK: min DP%-PnL%=0.20% (XRP_2026_03_01_13_44_00), 50 positions
2026-03-27T09:52:17.556Z OK: min DP%-PnL%=0.20% (XRP_2026_03_01_13_44_00), 50 positions
2026-03-27T09:54:17.065Z OK: min DP%-PnL%=0.20% (XRP_2026_03_01_13_44_00), 50 positions
2026-03-27T09:56:17.287Z OK: min DP%-PnL%=0.20% (XRP_2026_03_01_13_44_00), 50 positions
2026-03-27T09:58:17.611Z OK: min DP%-PnL%=0.20% (XRP_2026_03_01_13_44_00), 50 positions
2026-03-27T10:00:18.041Z OK: min DP%-PnL%=0.20% (XRP_2026_03_01_13_44_00), 50 positions
2026-03-27T10:02:17.639Z OK: min DP%-PnL%=0.20% (XRP_2026_03_01_13_44_00), 50 positions
2026-03-27T10:04:18.149Z OK: min DP%-PnL%=0.20% (XRP_2026_03_01_13_44_00), 50 positions
2026-03-27T10:06:17.445Z OK: min DP%-PnL%=0.20% (XRP_2026_03_01_13_44_00), 50 positions
2026-03-27T10:08:17.037Z OK: min DP%-PnL%=0.20% (XRP_2026_03_01_13_44_00), 50 positions
2026-03-27T10:10:16.644Z OK: min DP%-PnL%=0.20% (XRP_2026_03_01_13_44_00), 50 positions
2026-03-27T10:12:16.953Z OK: min DP%-PnL%=0.20% (XRP_2026_03_01_13_44_00), 50 positions
2026-03-27T10:14:18.198Z OK: min DP%-PnL%=0.20% (XRP_2026_03_01_13_44_00), 50 positions
2026-03-27T10:16:16.880Z OK: min DP%-PnL%=0.20% (XRP_2026_03_01_13_44_00), 50 positions
2026-03-27T10:18:18.089Z OK: min DP%-PnL%=0.20% (XRP_2026_03_01_13_44_00), 50 positions
2026-03-27T10:20:18.343Z OK: min DP%-PnL%=0.20% (XRP_2026_03_01_13_44_00), 50 positions
2026-03-27T10:22:16.509Z OK: min DP%-PnL%=0.20% (XRP_2026_03_01_13_44_00), 50 positions
2026-03-27T10:24:17.648Z OK: min DP%-PnL%=0.20% (XRP_2026_03_01_13_44_00), 50 positions
2026-03-27T10:26:17.989Z OK: min DP%-PnL%=0.20% (XRP_2026_03_01_13_44_00), 50 positions
2026-03-27T10:28:17.156Z OK: min DP%-PnL%=0.20% (XRP_2026_03_01_13_44_00), 50 positions
2026-03-27T10:30:17.067Z OK: min DP%-PnL%=0.20% (XRP_2026_03_01_13_44_00), 50 positions
2026-03-27T10:32:16.057Z OK: min DP%-PnL%=0.20% (XRP_2026_03_01_13_44_00), 50 positions
2026-03-27T10:34:16.584Z OK: min DP%-PnL%=0.20% (XRP_2026_03_01_13_44_00), 50 positions
2026-03-27T10:36:16.704Z OK: min DP%-PnL%=0.20% (XRP_2026_03_01_13_44_00), 50 positions
2026-03-27T10:38:17.462Z OK: min DP%-PnL%=0.20% (XRP_2026_03_01_13_44_00), 50 positions
2026-03-27T10:40:16.862Z OK: min DP%-PnL%=0.20% (XRP_2026_03_01_13_44_00), 50 positions
2026-03-27T10:42:17.807Z OK: min DP%-PnL%=0.20% (XRP_2026_03_01_13_44_00), 50 positions
2026-03-27T10:44:17.729Z OK: min DP%-PnL%=0.20% (XRP_2026_03_10_11_27_48), 50 positions
2026-03-27T10:46:16.523Z OK: min DP%-PnL%=0.20% (XRP_2026_03_10_11_27_48), 50 positions
2026-03-27T10:48:18.715Z OK: min DP%-PnL%=0.20% (XRP_2026_03_10_11_27_48), 50 positions
2026-03-27T10:50:17.078Z OK: min DP%-PnL%=0.20% (XRP_2026_03_10_11_27_48), 50 positions
2026-03-27T10:52:17.811Z OK: min DP%-PnL%=0.20% (XRP_2026_03_10_11_27_48), 50 positions
2026-03-27T10:54:16.823Z OK: min DP%-PnL%=0.20% (XRP_2026_03_10_11_27_48), 50 positions
2026-03-27T10:56:17.229Z OK: min DP%-PnL%=0.20% (XRP_2026_03_10_11_27_48), 50 positions
2026-03-27T10:58:17.485Z OK: min DP%-PnL%=0.20% (XRP_2026_03_10_11_27_48), 50 positions
2026-03-27T11:00:17.362Z OK: min DP%-PnL%=0.20% (XRP_2026_03_10_11_27_48), 50 positions
2026-03-27T11:02:16.565Z OK: min DP%-PnL%=0.20% (XRP_2026_03_10_11_27_48), 50 positions
2026-03-27T11:04:17.094Z OK: min DP%-PnL%=0.20% (XRP_2026_03_10_11_27_48), 50 positions
2026-03-27T11:06:16.601Z OK: min DP%-PnL%=0.20% (XRP_2026_03_10_11_27_48), 50 positions
2026-03-27T11:08:17.127Z OK: min DP%-PnL%=0.20% (XRP_2026_03_10_11_27_48), 50 positions
2026-03-27T11:10:17.038Z OK: min DP%-PnL%=0.20% (XRP_2026_03_10_11_27_48), 50 positions
2026-03-27T11:12:18.367Z OK: min DP%-PnL%=0.20% (XRP_2026_03_10_11_27_48), 50 positions
2026-03-27T11:14:17.465Z OK: min DP%-PnL%=0.20% (XRP_2026_03_10_11_27_48), 50 positions
2026-03-27T11:16:16.074Z OK: min DP%-PnL%=0.20% (XRP_2026_03_10_11_27_48), 50 positions
2026-03-27T11:18:16.855Z OK: min DP%-PnL%=0.20% (XRP_2026_03_10_11_27_48), 50 positions
2026-03-27T11:20:16.467Z OK: min DP%-PnL%=0.20% (XRP_2026_03_10_11_27_48), 50 positions
2026-03-27T11:22:18.173Z OK: min DP%-PnL%=0.20% (XRP_2026_03_10_11_27_48), 50 positions
2026-03-27T11:24:16.790Z OK: min DP%-PnL%=0.20% (XRP_2026_03_10_11_27_48), 50 positions
2026-03-27T11:26:17.516Z OK: min DP%-PnL%=0.20% (XRP_2026_03_10_11_27_48), 50 positions
2026-03-27T11:28:17.816Z OK: min DP%-PnL%=0.20% (XRP_2026_03_10_11_27_48), 50 positions
2026-03-27T11:30:17.729Z OK: min DP%-PnL%=0.20% (XRP_2026_03_10_11_27_48), 50 positions
2026-03-27T11:32:17.865Z OK: min DP%-PnL%=0.20% (XRP_2026_03_10_11_27_48), 50 positions
2026-03-27T11:34:16.240Z OK: min DP%-PnL%=0.20% (XRP_2026_03_10_11_27_48), 50 positions
2026-03-27T11:36:16.764Z OK: min DP%-PnL%=0.20% (XRP_2026_03_10_11_27_48), 50 positions
2026-03-27T11:38:16.786Z OK: min DP%-PnL%=0.20% (XRP_2026_03_10_11_27_48), 50 positions
2026-03-27T11:40:17.205Z OK: min DP%-PnL%=0.20% (XRP_2026_03_10_11_27_48), 50 positions
2026-03-27T11:42:21.391Z OK: min DP%-PnL%=0.20% (XRP_2026_03_10_11_27_48), 50 positions
2026-03-27T11:44:16.518Z OK: min DP%-PnL%=0.20% (XRP_2026_03_10_11_27_48), 50 positions
2026-03-27T11:46:18.079Z OK: min DP%-PnL%=0.20% (XRP_2026_03_10_11_27_48), 50 positions
2026-03-27T11:48:17.490Z OK: min DP%-PnL%=0.20% (XRP_2026_03_10_11_27_48), 50 positions
2026-03-27T11:50:17.198Z OK: min DP%-PnL%=0.20% (XRP_2026_03_10_11_27_48), 50 positions
2026-03-27T11:52:17.743Z OK: min DP%-PnL%=0.20% (XRP_2026_03_10_11_27_48), 50 positions
2026-03-27T11:54:17.189Z OK: min DP%-PnL%=0.20% (XRP_2026_03_10_11_27_48), 50 positions
2026-03-27T11:56:16.948Z OK: min DP%-PnL%=0.20% (XRP_2026_03_10_11_27_48), 50 positions
2026-03-27T11:58:17.488Z OK: min DP%-PnL%=0.20% (XRP_2026_03_10_11_27_48), 50 positions
2026-03-27T12:00:17.904Z OK: min DP%-PnL%=0.20% (XRP_2026_03_10_11_27_48), 50 positions
2026-03-27T12:02:17.307Z OK: min DP%-PnL%=0.20% (XRP_2026_03_10_11_27_48), 50 positions
2026-03-27T12:04:17.626Z OK: min DP%-PnL%=0.20% (XRP_2026_03_10_11_27_48), 50 positions
2026-03-27T12:06:18.048Z OK: min DP%-PnL%=0.20% (XRP_2026_03_10_11_27_48), 50 positions
2026-03-27T12:08:18.498Z OK: min DP%-PnL%=0.20% (XRP_2026_03_10_11_27_48), 50 positions
2026-03-27T12:10:17.584Z OK: min DP%-PnL%=0.20% (XRP_2026_03_10_11_27_48), 50 positions
2026-03-27T12:12:17.079Z OK: min DP%-PnL%=0.20% (XRP_2026_03_10_11_27_48), 50 positions
2026-03-27T12:14:17.917Z OK: min DP%-PnL%=0.20% (XRP_2026_03_10_11_27_48), 50 positions
2026-03-27T12:16:17.424Z OK: min DP%-PnL%=0.20% (XRP_2026_03_10_11_27_48), 50 positions
2026-03-27T12:18:17.129Z OK: min DP%-PnL%=0.20% (XRP_2026_03_10_11_27_48), 50 positions
2026-03-27T12:20:17.336Z OK: min DP%-PnL%=0.20% (XRP_2026_03_10_11_27_48), 50 positions
2026-03-27T12:22:17.296Z OK: min DP%-PnL%=0.20% (XRP_2026_03_10_11_27_48), 50 positions
2026-03-27T12:24:16.849Z OK: min DP%-PnL%=0.20% (XRP_2026_03_10_11_27_48), 50 positions
2026-03-27T12:26:17.490Z OK: min DP%-PnL%=0.20% (XRP_2026_03_10_11_27_48), 50 positions
2026-03-27T12:28:17.278Z OK: min DP%-PnL%=0.20% (XRP_2026_03_10_11_27_48), 50 positions
2026-03-27T12:30:16.476Z OK: min DP%-PnL%=0.20% (XRP_2026_03_10_11_27_48), 50 positions
2026-03-27T12:32:16.182Z OK: min DP%-PnL%=0.20% (XRP_2026_03_10_11_27_48), 50 positions
2026-03-27T12:34:17.532Z OK: min DP%-PnL%=0.20% (XRP_2026_03_10_11_27_48), 50 positions
2026-03-27T12:36:18.257Z OK: min DP%-PnL%=0.20% (XRP_2026_03_10_11_27_48), 50 positions
2026-03-27T12:38:16.731Z OK: min DP%-PnL%=0.20% (XRP_2026_03_10_11_27_48), 50 positions
2026-03-27T12:40:17.468Z OK: min DP%-PnL%=0.20% (XRP_2026_03_10_11_27_48), 50 positions
2026-03-27T12:42:18.185Z OK: min DP%-PnL%=0.20% (XRP_2026_03_10_11_27_48), 50 positions
2026-03-27T12:44:17.279Z OK: min DP%-PnL%=0.20% (XRP_2026_03_10_11_27_48), 50 positions
2026-03-27T12:46:16.988Z OK: min DP%-PnL%=0.20% (XRP_2026_03_10_11_27_48), 50 positions
2026-03-27T12:48:17.413Z OK: min DP%-PnL%=0.20% (XRP_2026_03_10_11_27_48), 50 positions
2026-03-27T12:50:17.429Z OK: min DP%-PnL%=0.20% (XRP_2026_03_10_11_27_48), 50 positions
2026-03-27T12:52:16.723Z OK: min DP%-PnL%=0.20% (XRP_2026_03_10_11_27_48), 50 positions
2026-03-27T12:54:16.856Z OK: min DP%-PnL%=0.20% (XRP_2026_03_10_11_27_48), 50 positions
2026-03-27T12:56:16.064Z OK: min DP%-PnL%=0.20% (XRP_2026_03_10_11_27_48), 50 positions
2026-03-27T12:58:16.906Z OK: min DP%-PnL%=0.20% (XRP_2026_03_10_11_27_48), 50 positions
2026-03-27T13:00:17.335Z OK: min DP%-PnL%=0.20% (XRP_2026_03_10_11_27_48), 50 positions
2026-03-27T13:02:16.437Z OK: min DP%-PnL%=0.20% (XRP_2026_03_10_11_27_48), 50 positions
2026-03-27T13:04:17.586Z OK: min DP%-PnL%=0.20% (XRP_2026_03_10_11_27_48), 50 positions
2026-03-27T13:06:18.113Z OK: min DP%-PnL%=0.20% (XRP_2026_03_10_11_27_48), 50 positions
2026-03-27T13:08:17.826Z OK: min DP%-PnL%=0.20% (XRP_2026_03_10_11_27_48), 50 positions
2026-03-27T13:10:17.743Z OK: min DP%-PnL%=0.20% (XRP_2026_03_10_11_27_48), 50 positions
2026-03-27T13:12:16.943Z OK: min DP%-PnL%=0.20% (XRP_2026_03_10_11_27_48), 50 positions
2026-03-27T13:14:16.649Z OK: min DP%-PnL%=0.20% (XRP_2026_03_10_11_27_48), 50 positions
2026-03-27T13:16:17.131Z OK: min DP%-PnL%=0.20% (XRP_2026_03_10_11_27_48), 50 positions
2026-03-27T13:18:17.097Z OK: min DP%-PnL%=0.20% (XRP_2026_03_10_11_27_48), 50 positions
2026-03-27T13:20:16.912Z OK: min DP%-PnL%=0.20% (XRP_2026_03_10_11_27_48), 50 positions
2026-03-27T13:22:16.810Z OK: min DP%-PnL%=0.20% (XRP_2026_03_10_11_27_48), 50 positions
2026-03-27T13:24:16.739Z OK: min DP%-PnL%=0.20% (XRP_2026_03_10_11_27_48), 50 positions
2026-03-27T13:26:16.792Z OK: min DP%-PnL%=0.20% (XRP_2026_03_10_11_27_48), 50 positions
2026-03-27T13:28:17.470Z OK: min DP%-PnL%=0.20% (XRP_2026_03_10_11_27_48), 50 positions
2026-03-27T13:30:17.982Z OK: min DP%-PnL%=0.20% (XRP_2026_03_10_11_27_48), 50 positions
2026-03-27T13:32:17.783Z OK: min DP%-PnL%=0.20% (XRP_2026_03_10_11_27_48), 50 positions
2026-03-27T13:34:17.590Z OK: min DP%-PnL%=0.20% (XRP_2026_03_10_11_27_48), 50 positions
2026-03-27T13:36:16.774Z OK: min DP%-PnL%=0.20% (XRP_2026_03_10_11_27_48), 50 positions
2026-03-27T13:38:17.600Z OK: min DP%-PnL%=0.20% (XRP_2026_03_10_11_27_48), 50 positions
2026-03-27T13:40:17.788Z OK: min DP%-PnL%=0.20% (XRP_2026_03_10_11_27_48), 50 positions
2026-03-27T13:42:16.605Z OK: min DP%-PnL%=0.20% (XRP_2026_03_10_11_27_48), 50 positions
2026-03-27T13:44:17.429Z OK: min DP%-PnL%=0.20% (XRP_2026_03_10_11_27_48), 50 positions
2026-03-27T13:46:17.958Z OK: min DP%-PnL%=0.20% (XRP_2026_03_10_11_27_48), 50 positions
2026-03-27T13:48:17.869Z OK: min DP%-PnL%=0.20% (XRP_2026_03_10_11_27_48), 50 positions
2026-03-27T13:50:18.599Z OK: min DP%-PnL%=0.20% (XRP_2026_03_10_11_27_48), 50 positions
2026-03-27T13:52:17.077Z OK: min DP%-PnL%=0.20% (XRP_2026_03_10_11_27_48), 50 positions
2026-03-27T13:54:16.481Z OK: min DP%-PnL%=0.20% (XRP_2026_03_10_11_27_48), 50 positions
2026-03-27T13:56:16.690Z OK: min DP%-PnL%=0.20% (XRP_2026_03_10_11_27_48), 50 positions
2026-03-27T13:58:16.608Z OK: min DP%-PnL%=0.20% (XRP_2026_03_10_11_27_48), 50 positions
2026-03-27T14:00:17.438Z OK: min DP%-PnL%=0.20% (XRP_2026_03_10_11_27_48), 50 positions
2026-03-27T14:02:16.431Z OK: min DP%-PnL%=0.20% (XRP_2026_03_10_11_27_48), 50 positions
2026-03-27T14:04:17.163Z OK: min DP%-PnL%=0.20% (XRP_2026_03_10_11_27_48), 50 positions
2026-03-27T14:06:17.994Z OK: min DP%-PnL%=0.20% (XRP_2026_03_10_11_27_48), 50 positions
2026-03-27T14:08:17.092Z OK: min DP%-PnL%=0.20% (XRP_2026_03_10_11_27_48), 50 positions
2026-03-27T14:10:18.641Z OK: min DP%-PnL%=0.20% (XRP_2026_03_10_11_27_48), 50 positions
2026-03-27T14:12:16.407Z OK: min DP%-PnL%=0.20% (XRP_2026_03_10_11_27_48), 50 positions
2026-03-27T14:14:18.575Z OK: min DP%-PnL%=0.20% (XRP_2026_03_10_11_27_48), 50 positions
2026-03-27T14:16:18.496Z OK: min DP%-PnL%=0.20% (XRP_2026_03_10_11_27_48), 50 positions
2026-03-27T14:18:16.452Z OK: min DP%-PnL%=0.20% (XRP_2026_03_10_11_27_48), 50 positions
2026-03-27T14:20:17.156Z OK: min DP%-PnL%=0.20% (XRP_2026_03_10_11_27_48), 50 positions
2026-03-27T14:22:18.539Z OK: min DP%-PnL%=0.20% (XRP_2026_03_10_11_27_48), 50 positions
2026-03-27T14:24:16.907Z OK: min DP%-PnL%=0.20% (XRP_2026_03_10_11_27_48), 50 positions
2026-03-27T14:26:16.921Z OK: min DP%-PnL%=0.20% (SOL_2026_03_11_23_27_17), 50 positions
2026-03-27T14:28:16.833Z OK: min DP%-PnL%=0.20% (SOL_2026_03_11_23_27_17), 50 positions
2026-03-27T14:30:16.550Z OK: min DP%-PnL%=0.20% (SOL_2026_03_11_23_27_17), 50 positions
2026-03-27T14:32:17.903Z OK: min DP%-PnL%=0.20% (SOL_2026_03_11_23_27_17), 50 positions
2026-03-27T14:34:17.496Z OK: min DP%-PnL%=0.20% (SOL_2026_03_11_23_27_17), 50 positions
2026-03-27T14:36:17.616Z OK: min DP%-PnL%=0.20% (SOL_2026_03_11_23_27_17), 50 positions
2026-03-27T14:38:16.500Z OK: min DP%-PnL%=0.20% (SOL_2026_03_11_23_27_17), 50 positions
2026-03-27T14:40:18.251Z OK: min DP%-PnL%=0.20% (SOL_2026_03_11_23_27_17), 50 positions
2026-03-27T14:42:17.243Z OK: min DP%-PnL%=0.20% (SOL_2026_03_11_23_27_17), 50 positions
2026-03-27T14:44:16.746Z OK: min DP%-PnL%=0.20% (SOL_2026_03_11_23_27_17), 50 positions
2026-03-27T14:46:18.091Z OK: min DP%-PnL%=0.20% (SOL_2026_03_11_23_27_17), 50 positions
2026-03-27T14:48:17.393Z OK: min DP%-PnL%=0.20% (SOL_2026_03_11_23_27_17), 50 positions
2026-03-27T14:50:16.491Z OK: min DP%-PnL%=0.20% (SOL_2026_03_11_23_27_17), 50 positions
2026-03-27T14:52:16.802Z OK: min DP%-PnL%=0.20% (SOL_2026_03_11_23_27_17), 50 positions
2026-03-27T14:54:16.930Z OK: min DP%-PnL%=0.20% (SOL_2026_03_11_23_27_17), 50 positions
2026-03-27T14:56:18.166Z OK: min DP%-PnL%=0.20% (SOL_2026_03_11_23_27_17), 50 positions
2026-03-27T14:58:18.180Z OK: min DP%-PnL%=0.20% (SOL_2026_03_11_23_27_17), 50 positions
2026-03-27T15:00:17.889Z OK: min DP%-PnL%=0.20% (SOL_2026_03_11_23_27_17), 50 positions
2026-03-27T15:02:16.880Z OK: min DP%-PnL%=0.20% (SOL_2026_03_11_23_27_17), 50 positions
2026-03-27T15:04:16.793Z OK: min DP%-PnL%=0.20% (SOL_2026_03_11_23_27_17), 50 positions
2026-03-27T15:06:17.115Z OK: min DP%-PnL%=0.20% (SOL_2026_03_11_23_27_17), 50 positions
2026-03-27T15:08:17.087Z OK: min DP%-PnL%=0.20% (SOL_2026_03_11_23_27_17), 50 positions
2026-03-27T15:10:18.066Z OK: min DP%-PnL%=0.20% (SOL_2026_03_11_23_27_17), 50 positions
2026-03-27T15:12:17.064Z OK: min DP%-PnL%=0.20% (SOL_2026_03_11_23_27_17), 50 positions
2026-03-27T15:14:18.206Z OK: min DP%-PnL%=0.20% (SOL_2026_03_11_23_27_17), 50 positions
2026-03-27T15:16:19.350Z OK: min DP%-PnL%=0.20% (SOL_2026_03_11_23_27_17), 50 positions
2026-03-27T15:18:18.131Z OK: min DP%-PnL%=0.20% (SOL_2026_03_11_23_27_17), 50 positions
2026-03-27T15:20:17.742Z OK: min DP%-PnL%=0.20% (SOL_2026_03_11_23_27_17), 50 positions
2026-03-27T15:22:17.452Z OK: min DP%-PnL%=0.20% (SOL_2026_03_11_23_27_17), 50 positions
2026-03-27T15:24:16.445Z OK: min DP%-PnL%=0.20% (SOL_2026_03_11_23_27_17), 50 positions
2026-03-27T15:26:16.256Z OK: min DP%-PnL%=0.20% (SOL_2026_03_11_23_27_17), 50 positions
2026-03-27T15:28:17.808Z OK: min DP%-PnL%=0.20% (SOL_2026_03_11_23_27_17), 50 positions
2026-03-27T15:30:16.799Z OK: min DP%-PnL%=0.20% (SOL_2026_03_11_23_27_17), 50 positions
2026-03-27T15:32:17.429Z OK: min DP%-PnL%=0.20% (SOL_2026_03_11_23_27_17), 50 positions
2026-03-27T15:34:17.342Z OK: min DP%-PnL%=0.20% (SOL_2026_03_11_23_27_17), 50 positions
2026-03-27T15:36:17.048Z OK: min DP%-PnL%=0.20% (SOL_2026_03_11_23_27_17), 50 positions
2026-03-27T15:38:16.862Z OK: min DP%-PnL%=0.20% (SOL_2026_03_11_23_27_17), 50 positions
2026-03-27T15:40:16.978Z OK: min DP%-PnL%=0.20% (SOL_2026_03_11_23_27_17), 50 positions
2026-03-27T15:42:17.709Z OK: min DP%-PnL%=0.20% (SOL_2026_03_11_23_27_17), 50 positions
2026-03-27T15:44:16.804Z OK: min DP%-PnL%=0.20% (SOL_2026_03_11_23_27_17), 50 positions
2026-03-27T15:46:17.643Z OK: min DP%-PnL%=0.20% (SOL_2026_03_11_23_27_17), 50 positions
2026-03-27T15:48:16.116Z OK: min DP%-PnL%=0.20% (SOL_2026_03_11_23_27_17), 50 positions
2026-03-27T15:50:17.048Z OK: min DP%-PnL%=0.20% (SOL_2026_03_11_23_27_17), 50 positions
2026-03-27T15:52:17.068Z OK: min DP%-PnL%=0.20% (SOL_2026_03_11_23_27_17), 50 positions
2026-03-27T15:54:17.181Z OK: min DP%-PnL%=0.20% (SOL_2026_03_11_23_27_17), 50 positions
2026-03-27T15:56:18.221Z OK: min DP%-PnL%=0.20% (SOL_2026_03_11_23_27_17), 50 positions
2026-03-27T15:58:17.211Z OK: min DP%-PnL%=0.20% (SOL_2026_03_11_23_27_17), 50 positions
2026-03-27T16:00:17.843Z OK: min DP%-PnL%=0.20% (SOL_2026_03_11_23_27_17), 50 positions
2026-03-27T16:02:21.954Z OK: min DP%-PnL%=0.20% (SOL_2026_03_11_23_27_17), 50 positions
2026-03-27T16:04:16.655Z OK: min DP%-PnL%=0.20% (SOL_2026_03_11_23_27_17), 50 positions
2026-03-27T16:06:18.295Z OK: min DP%-PnL%=0.20% (SOL_2026_03_11_23_27_17), 50 positions
2026-03-27T16:08:17.388Z OK: min DP%-PnL%=0.20% (SOL_2026_03_11_23_27_17), 50 positions
2026-03-27T16:10:16.479Z OK: min DP%-PnL%=0.20% (SOL_2026_03_11_23_27_17), 50 positions
2026-03-27T16:12:17.214Z OK: min DP%-PnL%=0.20% (SOL_2026_03_11_23_27_17), 50 positions
2026-03-27T16:14:16.745Z OK: min DP%-PnL%=0.20% (SOL_2026_03_11_23_27_17), 50 positions
2026-03-27T16:16:16.837Z OK: min DP%-PnL%=0.20% (SOL_2026_03_11_23_27_17), 50 positions
2026-03-27T16:18:17.216Z OK: min DP%-PnL%=0.20% (SOL_2026_03_11_23_27_17), 50 positions
2026-03-27T16:20:18.095Z OK: min DP%-PnL%=0.20% (SOL_2026_03_11_23_27_17), 50 positions
2026-03-27T16:22:18.518Z OK: min DP%-PnL%=0.20% (SOL_2026_03_11_23_27_17), 50 positions
2026-03-27T16:24:17.100Z OK: min DP%-PnL%=0.20% (SOL_2026_03_11_23_27_17), 50 positions
2026-03-27T16:26:17.833Z OK: min DP%-PnL%=0.20% (SOL_2026_03_11_23_27_17), 50 positions
2026-03-27T16:28:16.722Z OK: min DP%-PnL%=0.20% (SOL_2026_03_11_23_27_17), 50 positions
2026-03-27T16:30:17.045Z OK: min DP%-PnL%=0.20% (SOL_2026_03_11_23_27_17), 50 positions
2026-03-27T16:32:16.344Z OK: min DP%-PnL%=0.20% (SOL_2026_03_11_23_27_17), 50 positions
2026-03-27T16:34:16.568Z OK: min DP%-PnL%=0.20% (SOL_2026_03_11_23_27_17), 50 positions
2026-03-27T16:36:18.117Z OK: min DP%-PnL%=0.20% (SOL_2026_03_11_23_27_17), 50 positions
2026-03-27T16:38:17.975Z OK: min DP%-PnL%=0.20% (SOL_2026_03_11_23_27_17), 50 positions
2026-03-27T16:40:17.534Z OK: min DP%-PnL%=0.20% (SOL_2026_03_11_23_27_17), 50 positions
2026-03-27T16:42:17.339Z OK: min DP%-PnL%=0.20% (SOL_2026_03_11_23_27_17), 50 positions
2026-03-27T16:44:16.847Z OK: min DP%-PnL%=0.20% (SOL_2026_03_11_23_27_17), 50 positions
2026-03-27T16:46:16.449Z OK: min DP%-PnL%=0.20% (SOL_2026_03_11_23_27_17), 50 positions
2026-03-27T16:48:17.385Z OK: min DP%-PnL%=0.20% (SOL_2026_03_11_23_27_17), 50 positions
2026-03-27T16:50:18.225Z OK: min DP%-PnL%=0.20% (SOL_2026_03_11_23_27_17), 50 positions
2026-03-27T16:52:17.419Z OK: min DP%-PnL%=0.20% (SOL_2026_03_11_23_27_17), 50 positions
2026-03-27T16:54:18.566Z OK: min DP%-PnL%=0.20% (SOL_2026_03_11_23_27_17), 50 positions
2026-03-27T16:56:17.971Z OK: min DP%-PnL%=0.20% (SOL_2026_03_11_23_27_17), 50 positions
2026-03-27T16:58:16.658Z OK: min DP%-PnL%=0.20% (SOL_2026_03_11_23_27_17), 50 positions
2026-03-27T17:00:17.174Z OK: min DP%-PnL%=0.20% (SOL_2026_03_11_23_27_17), 50 positions
2026-03-27T17:02:16.685Z OK: min DP%-PnL%=0.20% (SOL_2026_03_11_23_27_17), 50 positions
2026-03-27T17:04:17.306Z OK: min DP%-PnL%=0.20% (SOL_2026_03_11_23_27_17), 50 positions
2026-03-27T17:06:16.715Z OK: min DP%-PnL%=0.20% (SOL_2026_03_11_23_27_17), 50 positions
2026-03-27T17:08:16.520Z OK: min DP%-PnL%=0.20% (SOL_2026_03_11_23_27_17), 50 positions
2026-03-27T17:10:17.866Z OK: min DP%-PnL%=0.20% (SOL_2026_03_11_23_27_17), 50 positions
2026-03-27T17:12:17.268Z OK: min DP%-PnL%=0.20% (SOL_2026_03_11_23_27_17), 50 positions
2026-03-27T17:14:17.592Z OK: min DP%-PnL%=0.20% (SOL_2026_03_11_23_27_17), 50 positions
2026-03-27T17:16:16.787Z OK: min DP%-PnL%=0.20% (SOL_2026_03_11_23_27_17), 50 positions
2026-03-27T17:18:16.598Z OK: min DP%-PnL%=0.20% (SOL_2026_03_11_23_27_17), 50 positions
2026-03-27T17:20:16.919Z OK: min DP%-PnL%=0.20% (SOL_2026_03_11_23_27_17), 50 positions
2026-03-27T17:22:17.231Z OK: min DP%-PnL%=0.20% (SOL_2026_03_11_23_27_17), 50 positions
2026-03-27T17:24:17.769Z OK: min DP%-PnL%=0.20% (SOL_2026_03_11_23_27_17), 50 positions
2026-03-27T17:26:17.384Z OK: min DP%-PnL%=0.20% (SOL_2026_03_11_23_27_17), 50 positions
2026-03-27T17:28:17.001Z OK: min DP%-PnL%=0.20% (SOL_2026_03_11_23_27_17), 50 positions
2026-03-27T17:30:16.852Z OK: min DP%-PnL%=0.20% (SOL_2026_03_11_23_27_17), 50 positions
2026-03-27T17:32:18.069Z OK: min DP%-PnL%=0.20% (SOL_2026_03_11_23_27_17), 50 positions
