2026-03-21T01:27:29.554Z OK: top annDP=12.88% (solana-all-time-high-by-june-30-2026), below 14%
2026-03-21T01:29:28.553Z OK: top annDP=12.88% (solana-all-time-high-by-june-30-2026), below 14%
2026-03-21T01:31:30.078Z OK: top annDP=12.85% (solana-all-time-high-by-june-30-2026), below 14%
2026-03-21T01:33:29.721Z OK: top annDP=12.85% (solana-all-time-high-by-june-30-2026), below 14%
2026-03-21T01:35:29.951Z OK: top annDP=12.85% (solana-all-time-high-by-june-30-2026), below 14%
2026-03-21T01:37:29.763Z OK: top annDP=12.85% (solana-all-time-high-by-june-30-2026), below 14%
2026-03-21T01:39:29.593Z OK: top annDP=12.85% (solana-all-time-high-by-june-30-2026), below 14%
2026-03-21T01:41:28.824Z OK: top annDP=12.85% (solana-all-time-high-by-june-30-2026), below 14%
2026-03-21T01:43:29.003Z OK: top annDP=12.85% (solana-all-time-high-by-june-30-2026), below 14%
2026-03-21T01:45:28.966Z OK: top annDP=12.85% (solana-all-time-high-by-june-30-2026), below 14%
2026-03-21T01:47:29.690Z OK: top annDP=12.85% (solana-all-time-high-by-june-30-2026), below 14%
2026-03-21T01:49:30.249Z OK: top annDP=12.85% (solana-all-time-high-by-june-30-2026), below 14%
2026-03-21T01:51:29.782Z OK: top annDP=12.85% (solana-all-time-high-by-june-30-2026), below 14%
2026-03-21T01:53:29.377Z OK: top annDP=12.85% (solana-all-time-high-by-june-30-2026), below 14%
2026-03-21T01:55:30.621Z OK: top annDP=12.85% (solana-all-time-high-by-june-30-2026), below 14%
2026-03-21T01:57:29.980Z OK: top annDP=12.85% (solana-all-time-high-by-june-30-2026), below 14%
2026-03-21T01:59:29.476Z OK: top annDP=12.85% (solana-all-time-high-by-june-30-2026), below 14%
2026-03-21T02:01:29.571Z OK: top annDP=12.85% (solana-all-time-high-by-june-30-2026), below 14%
2026-03-21T02:03:29.137Z OK: top annDP=12.85% (solana-all-time-high-by-june-30-2026), below 14%
2026-03-21T02:05:28.978Z OK: top annDP=12.85% (solana-all-time-high-by-june-30-2026), below 14%
2026-03-21T02:07:30.474Z OK: top annDP=12.85% (solana-all-time-high-by-june-30-2026), below 14%
2026-03-21T02:09:28.257Z OK: top annDP=12.85% (solana-all-time-high-by-june-30-2026), below 14%
2026-03-21T02:11:29.753Z OK: top annDP=12.85% (solana-all-time-high-by-june-30-2026), below 14%
2026-03-21T02:13:30.196Z OK: top annDP=12.85% (solana-all-time-high-by-june-30-2026), below 14%
2026-03-21T02:15:30.359Z OK: top annDP=12.85% (solana-all-time-high-by-june-30-2026), below 14%
2026-03-21T02:17:28.316Z OK: top annDP=12.85% (solana-all-time-high-by-june-30-2026), below 14%
2026-03-21T02:19:30.010Z OK: top annDP=12.85% (solana-all-time-high-by-june-30-2026), below 14%
2026-03-21T02:21:29.143Z OK: top annDP=12.85% (solana-all-time-high-by-june-30-2026), below 14%
2026-03-21T02:23:28.686Z OK: top annDP=12.85% (solana-all-time-high-by-june-30-2026), below 14%
2026-03-21T02:25:30.233Z OK: top annDP=12.85% (solana-all-time-high-by-june-30-2026), below 14%
2026-03-21T02:27:28.647Z OK: top annDP=12.85% (solana-all-time-high-by-june-30-2026), below 14%
2026-03-21T02:29:29.025Z OK: top annDP=12.85% (solana-all-time-high-by-june-30-2026), below 14%
2026-03-21T02:31:29.852Z OK: top annDP=12.88% (solana-all-time-high-by-june-30-2026), below 14%
2026-03-21T02:33:29.415Z OK: top annDP=12.85% (solana-all-time-high-by-june-30-2026), below 14%
2026-03-21T02:35:30.078Z OK: top annDP=12.85% (solana-all-time-high-by-june-30-2026), below 14%
2026-03-21T02:37:29.699Z OK: top annDP=12.85% (solana-all-time-high-by-june-30-2026), below 14%
2026-03-21T02:39:29.098Z OK: top annDP=12.85% (solana-all-time-high-by-june-30-2026), below 14%
2026-03-21T02:41:29.262Z OK: top annDP=12.85% (solana-all-time-high-by-june-30-2026), below 14%
2026-03-21T02:43:30.019Z OK: top annDP=12.85% (solana-all-time-high-by-june-30-2026), below 14%
2026-03-21T02:45:30.165Z OK: top annDP=12.85% (solana-all-time-high-by-june-30-2026), below 14%
2026-03-21T02:47:29.162Z OK: top annDP=12.85% (solana-all-time-high-by-june-30-2026), below 14%
2026-03-21T02:49:29.725Z OK: top annDP=12.85% (solana-all-time-high-by-june-30-2026), below 14%
2026-03-21T02:51:29.355Z OK: top annDP=12.85% (solana-all-time-high-by-june-30-2026), below 14%
2026-03-21T02:53:30.395Z OK: top annDP=12.85% (solana-all-time-high-by-june-30-2026), below 14%
2026-03-21T02:55:29.936Z OK: top annDP=12.85% (solana-all-time-high-by-june-30-2026), below 14%
2026-03-21T02:57:33.377Z OK: top annDP=12.85% (solana-all-time-high-by-june-30-2026), below 14%
2026-03-21T02:59:29.750Z OK: top annDP=12.85% (solana-all-time-high-by-june-30-2026), below 14%
2026-03-21T03:01:30.555Z OK: top annDP=12.85% (solana-all-time-high-by-june-30-2026), below 14%
2026-03-21T03:03:30.025Z OK: top annDP=12.85% (solana-all-time-high-by-june-30-2026), below 14%
2026-03-21T03:05:30.138Z OK: top annDP=12.88% (solana-all-time-high-by-june-30-2026), below 14%
2026-03-21T03:07:29.567Z OK: top annDP=12.88% (solana-all-time-high-by-june-30-2026), below 14%
2026-03-21T03:09:28.727Z OK: top annDP=12.85% (solana-all-time-high-by-june-30-2026), below 14%
2026-03-21T03:11:30.236Z OK: top annDP=12.85% (solana-all-time-high-by-june-30-2026), below 14%
2026-03-21T03:13:29.434Z OK: top annDP=12.85% (solana-all-time-high-by-june-30-2026), below 14%
2026-03-21T03:15:29.064Z OK: top annDP=12.85% (solana-all-time-high-by-june-30-2026), below 14%
2026-03-21T03:17:28.956Z OK: top annDP=12.85% (solana-all-time-high-by-june-30-2026), below 14%
2026-03-21T03:19:28.802Z OK: top annDP=12.85% (solana-all-time-high-by-june-30-2026), below 14%
2026-03-21T03:21:29.948Z OK: top annDP=12.89% (solana-all-time-high-by-june-30-2026), below 14%
2026-03-21T03:23:29.061Z OK: top annDP=12.89% (solana-all-time-high-by-june-30-2026), below 14%
2026-03-21T03:25:29.789Z OK: top annDP=12.86% (solana-all-time-high-by-june-30-2026), below 14%
2026-03-21T03:27:29.749Z OK: top annDP=12.86% (solana-all-time-high-by-june-30-2026), below 14%
2026-03-21T03:29:29.226Z OK: top annDP=12.86% (solana-all-time-high-by-june-30-2026), below 14%
2026-03-21T03:31:29.006Z OK: top annDP=12.86% (solana-all-time-high-by-june-30-2026), below 14%
2026-03-21T03:33:30.029Z OK: top annDP=12.86% (solana-all-time-high-by-june-30-2026), below 14%
2026-03-21T03:35:29.446Z OK: top annDP=12.86% (solana-all-time-high-by-june-30-2026), below 14%
2026-03-21T03:37:29.144Z OK: top annDP=12.86% (solana-all-time-high-by-june-30-2026), below 14%
2026-03-21T03:39:29.837Z OK: top annDP=12.86% (solana-all-time-high-by-june-30-2026), below 14%
2026-03-21T03:41:29.285Z OK: top annDP=12.86% (solana-all-time-high-by-june-30-2026), below 14%
2026-03-21T03:43:29.197Z OK: top annDP=12.86% (solana-all-time-high-by-june-30-2026), below 14%
2026-03-21T03:45:30.120Z OK: top annDP=12.86% (solana-all-time-high-by-june-30-2026), below 14%
2026-03-21T03:47:28.804Z OK: top annDP=12.86% (solana-all-time-high-by-june-30-2026), below 14%
2026-03-21T03:49:28.778Z OK: top annDP=12.86% (solana-all-time-high-by-june-30-2026), below 14%
2026-03-21T03:51:29.747Z OK: top annDP=12.86% (solana-all-time-high-by-june-30-2026), below 14%
2026-03-21T03:53:28.372Z OK: top annDP=12.86% (solana-all-time-high-by-june-30-2026), below 14%
2026-03-21T03:55:29.851Z OK: top annDP=12.86% (solana-all-time-high-by-june-30-2026), below 14%
2026-03-21T03:57:29.329Z OK: top annDP=12.86% (solana-all-time-high-by-june-30-2026), below 14%
2026-03-21T03:59:29.433Z OK: top annDP=12.86% (solana-all-time-high-by-june-30-2026), below 14%
2026-03-21T04:01:29.770Z OK: top annDP=12.86% (solana-all-time-high-by-june-30-2026), below 14%
2026-03-21T04:03:28.433Z OK: top annDP=12.86% (solana-all-time-high-by-june-30-2026), below 14%
2026-03-21T04:05:28.893Z OK: top annDP=12.86% (solana-all-time-high-by-june-30-2026), below 14%
2026-03-21T04:07:29.071Z OK: top annDP=12.86% (solana-all-time-high-by-june-30-2026), below 14%
2026-03-21T04:09:29.634Z OK: top annDP=12.86% (solana-all-time-high-by-june-30-2026), below 14%
2026-03-21T04:11:29.478Z OK: top annDP=12.86% (solana-all-time-high-by-june-30-2026), below 14%
2026-03-21T04:13:29.723Z OK: top annDP=12.86% (solana-all-time-high-by-june-30-2026), below 14%
2026-03-21T04:15:29.703Z OK: top annDP=12.86% (solana-all-time-high-by-june-30-2026), below 14%
2026-03-21T04:17:29.961Z OK: top annDP=12.86% (solana-all-time-high-by-june-30-2026), below 14%
2026-03-21T04:19:29.429Z OK: top annDP=12.86% (solana-all-time-high-by-june-30-2026), below 14%
2026-03-21T04:21:29.122Z OK: top annDP=12.86% (solana-all-time-high-by-june-30-2026), below 14%
2026-03-21T04:23:30.132Z OK: top annDP=12.86% (solana-all-time-high-by-june-30-2026), below 14%
2026-03-21T04:25:29.657Z OK: top annDP=12.86% (solana-all-time-high-by-june-30-2026), below 14%
2026-03-21T04:27:28.138Z OK: top annDP=12.86% (solana-all-time-high-by-june-30-2026), below 14%
2026-03-21T04:29:29.834Z OK: top annDP=12.86% (solana-all-time-high-by-june-30-2026), below 14%
2026-03-21T04:31:29.713Z OK: top annDP=12.86% (solana-all-time-high-by-june-30-2026), below 14%
2026-03-21T04:33:30.664Z OK: top annDP=12.86% (solana-all-time-high-by-june-30-2026), below 14%
2026-03-21T04:35:29.498Z OK: top annDP=12.86% (solana-all-time-high-by-june-30-2026), below 14%
2026-03-21T04:37:29.830Z OK: top annDP=12.89% (solana-all-time-high-by-june-30-2026), below 14%
2026-03-21T04:39:29.811Z OK: top annDP=12.86% (solana-all-time-high-by-june-30-2026), below 14%
2026-03-21T04:41:28.189Z OK: top annDP=12.86% (solana-all-time-high-by-june-30-2026), below 14%
2026-03-21T04:43:29.529Z OK: top annDP=12.86% (solana-all-time-high-by-june-30-2026), below 14%
2026-03-21T04:45:30.110Z OK: top annDP=12.86% (solana-all-time-high-by-june-30-2026), below 14%
2026-03-21T04:47:29.861Z OK: top annDP=12.86% (solana-all-time-high-by-june-30-2026), below 14%
2026-03-21T04:49:28.071Z OK: top annDP=12.86% (solana-all-time-high-by-june-30-2026), below 14%
2026-03-21T04:51:29.169Z OK: top annDP=12.86% (solana-all-time-high-by-june-30-2026), below 14%
2026-03-21T04:53:28.296Z OK: top annDP=12.86% (solana-all-time-high-by-june-30-2026), below 14%
2026-03-21T04:55:30.173Z OK: top annDP=12.86% (solana-all-time-high-by-june-30-2026), below 14%
2026-03-21T04:57:29.778Z OK: top annDP=12.86% (solana-all-time-high-by-june-30-2026), below 14%
2026-03-21T04:59:29.781Z OK: top annDP=12.86% (solana-all-time-high-by-june-30-2026), below 14%
2026-03-21T05:01:29.508Z OK: top annDP=12.86% (solana-all-time-high-by-june-30-2026), below 14%
2026-03-21T05:03:30.339Z OK: top annDP=12.86% (solana-all-time-high-by-june-30-2026), below 14%
2026-03-21T05:05:29.274Z OK: top annDP=12.86% (solana-all-time-high-by-june-30-2026), below 14%
2026-03-21T05:07:29.344Z OK: top annDP=12.86% (solana-all-time-high-by-june-30-2026), below 14%
2026-03-21T05:09:28.993Z OK: top annDP=12.86% (solana-all-time-high-by-june-30-2026), below 14%
2026-03-21T05:11:30.120Z OK: top annDP=12.86% (solana-all-time-high-by-june-30-2026), below 14%
2026-03-21T05:13:29.128Z OK: top annDP=12.87% (solana-all-time-high-by-june-30-2026), below 14%
2026-03-21T05:15:28.624Z OK: top annDP=12.87% (solana-all-time-high-by-june-30-2026), below 14%
2026-03-21T05:17:29.551Z OK: top annDP=12.87% (solana-all-time-high-by-june-30-2026), below 14%
2026-03-21T05:19:28.648Z OK: top annDP=12.87% (solana-all-time-high-by-june-30-2026), below 14%
2026-03-21T05:21:29.892Z OK: top annDP=12.87% (solana-all-time-high-by-june-30-2026), below 14%
2026-03-21T05:23:29.438Z OK: top annDP=12.87% (solana-all-time-high-by-june-30-2026), below 14%
2026-03-21T05:25:30.048Z OK: top annDP=12.87% (solana-all-time-high-by-june-30-2026), below 14%
2026-03-21T05:27:30.194Z OK: top annDP=12.87% (solana-all-time-high-by-june-30-2026), below 14%
2026-03-21T05:29:29.743Z OK: top annDP=12.87% (solana-all-time-high-by-june-30-2026), below 14%
2026-03-21T05:31:30.154Z OK: top annDP=12.87% (solana-all-time-high-by-june-30-2026), below 14%
2026-03-21T05:33:29.099Z OK: top annDP=12.87% (solana-all-time-high-by-june-30-2026), below 14%
2026-03-21T05:35:29.291Z OK: top annDP=12.87% (solana-all-time-high-by-june-30-2026), below 14%
2026-03-21T05:37:29.136Z OK: top annDP=12.87% (solana-all-time-high-by-june-30-2026), below 14%
2026-03-21T05:39:29.337Z OK: top annDP=12.87% (solana-all-time-high-by-june-30-2026), below 14%
2026-03-21T05:41:29.429Z OK: top annDP=12.87% (solana-all-time-high-by-june-30-2026), below 14%
2026-03-21T05:43:30.210Z OK: top annDP=12.87% (solana-all-time-high-by-june-30-2026), below 14%
2026-03-21T05:45:30.336Z OK: top annDP=12.87% (solana-all-time-high-by-june-30-2026), below 14%
2026-03-21T05:47:29.029Z OK: top annDP=12.87% (solana-all-time-high-by-june-30-2026), below 14%
2026-03-21T05:49:29.059Z OK: top annDP=12.87% (solana-all-time-high-by-june-30-2026), below 14%
2026-03-21T05:51:30.353Z OK: top annDP=12.87% (solana-all-time-high-by-june-30-2026), below 14%
2026-03-21T05:53:30.101Z OK: top annDP=12.87% (solana-all-time-high-by-june-30-2026), below 14%
2026-03-21T05:55:30.295Z OK: top annDP=12.87% (solana-all-time-high-by-june-30-2026), below 14%
2026-03-21T05:57:29.998Z OK: top annDP=12.87% (solana-all-time-high-by-june-30-2026), below 14%
2026-03-21T05:59:30.346Z OK: top annDP=12.87% (solana-all-time-high-by-june-30-2026), below 14%
2026-03-21T06:01:29.029Z OK: top annDP=12.87% (solana-all-time-high-by-june-30-2026), below 14%
2026-03-21T06:03:29.426Z OK: top annDP=12.87% (solana-all-time-high-by-june-30-2026), below 14%
2026-03-21T06:05:29.006Z OK: top annDP=12.87% (solana-all-time-high-by-june-30-2026), below 14%
2026-03-21T06:07:29.335Z OK: top annDP=12.87% (solana-all-time-high-by-june-30-2026), below 14%
2026-03-21T06:09:29.295Z OK: top annDP=12.87% (solana-all-time-high-by-june-30-2026), below 14%
2026-03-21T06:11:29.556Z OK: top annDP=12.87% (solana-all-time-high-by-june-30-2026), below 14%
2026-03-21T06:13:29.551Z OK: top annDP=12.87% (solana-all-time-high-by-june-30-2026), below 14%
2026-03-21T06:15:29.862Z OK: top annDP=12.87% (solana-all-time-high-by-june-30-2026), below 14%
2026-03-21T06:17:29.027Z OK: top annDP=12.87% (solana-all-time-high-by-june-30-2026), below 14%
2026-03-21T06:19:29.534Z OK: top annDP=12.87% (solana-all-time-high-by-june-30-2026), below 14%
2026-03-21T06:21:29.099Z OK: top annDP=12.87% (solana-all-time-high-by-june-30-2026), below 14%
2026-03-21T06:23:29.826Z OK: top annDP=12.87% (solana-all-time-high-by-june-30-2026), below 14%
2026-03-21T06:25:28.659Z OK: top annDP=12.87% (solana-all-time-high-by-june-30-2026), below 14%
2026-03-21T06:27:29.085Z OK: top annDP=12.87% (solana-all-time-high-by-june-30-2026), below 14%
2026-03-21T06:29:28.780Z OK: top annDP=12.87% (solana-all-time-high-by-june-30-2026), below 14%
2026-03-21T06:31:29.194Z OK: top annDP=12.87% (solana-all-time-high-by-june-30-2026), below 14%
2026-03-21T06:33:29.687Z OK: top annDP=12.87% (solana-all-time-high-by-june-30-2026), below 14%
2026-03-21T06:35:28.338Z OK: top annDP=12.87% (solana-all-time-high-by-june-30-2026), below 14%
2026-03-21T06:37:29.478Z OK: top annDP=12.87% (solana-all-time-high-by-june-30-2026), below 14%
2026-03-21T06:39:29.873Z OK: top annDP=12.87% (solana-all-time-high-by-june-30-2026), below 14%
2026-03-21T06:41:30.484Z OK: top annDP=12.87% (solana-all-time-high-by-june-30-2026), below 14%
2026-03-21T06:43:28.546Z OK: top annDP=12.87% (solana-all-time-high-by-june-30-2026), below 14%
2026-03-21T06:45:29.426Z OK: top annDP=12.87% (solana-all-time-high-by-june-30-2026), below 14%
2026-03-21T06:47:29.072Z OK: top annDP=12.87% (solana-all-time-high-by-june-30-2026), below 14%
2026-03-21T06:49:29.483Z OK: top annDP=12.87% (solana-all-time-high-by-june-30-2026), below 14%
2026-03-21T06:51:30.209Z OK: top annDP=12.87% (solana-all-time-high-by-june-30-2026), below 14%
2026-03-21T06:53:29.356Z OK: top annDP=12.87% (solana-all-time-high-by-june-30-2026), below 14%
2026-03-21T06:55:29.505Z OK: top annDP=12.87% (solana-all-time-high-by-june-30-2026), below 14%
2026-03-21T06:57:30.193Z OK: top annDP=12.87% (solana-all-time-high-by-june-30-2026), below 14%
2026-03-21T06:59:28.328Z OK: top annDP=12.87% (solana-all-time-high-by-june-30-2026), below 14%
2026-03-21T07:01:29.115Z OK: top annDP=12.87% (solana-all-time-high-by-june-30-2026), below 14%
2026-03-21T07:03:29.745Z OK: top annDP=13.01% (solana-all-time-high-by-june-30-2026), below 14%
2026-03-21T07:05:29.378Z OK: top annDP=13.01% (solana-all-time-high-by-june-30-2026), below 14%
2026-03-21T07:07:29.717Z OK: top annDP=13.01% (solana-all-time-high-by-june-30-2026), below 14%
2026-03-21T07:09:29.084Z OK: top annDP=13.01% (solana-all-time-high-by-june-30-2026), below 14%
2026-03-21T07:11:29.329Z OK: top annDP=13.06% (solana-all-time-high-by-june-30-2026), below 14%
2026-03-21T07:13:29.906Z OK: top annDP=13.06% (solana-all-time-high-by-june-30-2026), below 14%
2026-03-21T07:15:29.451Z OK: top annDP=13.06% (solana-all-time-high-by-june-30-2026), below 14%
2026-03-21T07:17:29.446Z OK: top annDP=13.06% (solana-all-time-high-by-june-30-2026), below 14%
2026-03-21T07:19:30.293Z OK: top annDP=13.16% (solana-all-time-high-by-june-30-2026), below 14%
2026-03-21T07:21:28.887Z OK: top annDP=13.16% (solana-all-time-high-by-june-30-2026), below 14%
2026-03-21T07:23:29.135Z OK: top annDP=13.16% (solana-all-time-high-by-june-30-2026), below 14%
2026-03-21T07:25:28.594Z OK: top annDP=13.16% (solana-all-time-high-by-june-30-2026), below 14%
2026-03-21T07:27:28.379Z OK: top annDP=13.16% (solana-all-time-high-by-june-30-2026), below 14%
2026-03-21T07:29:29.520Z OK: top annDP=13.16% (solana-all-time-high-by-june-30-2026), below 14%
2026-03-21T07:31:29.529Z OK: top annDP=13.16% (solana-all-time-high-by-june-30-2026), below 14%
2026-03-21T07:33:29.948Z OK: top annDP=13.16% (solana-all-time-high-by-june-30-2026), below 14%
2026-03-21T07:35:30.271Z OK: top annDP=13.16% (solana-all-time-high-by-june-30-2026), below 14%
2026-03-21T07:37:29.281Z OK: top annDP=13.16% (solana-all-time-high-by-june-30-2026), below 14%
2026-03-21T07:39:29.577Z OK: top annDP=13.16% (solana-all-time-high-by-june-30-2026), below 14%
2026-03-21T07:41:28.658Z OK: top annDP=13.16% (solana-all-time-high-by-june-30-2026), below 14%
2026-03-21T07:43:29.739Z OK: top annDP=13.16% (solana-all-time-high-by-june-30-2026), below 14%
2026-03-21T07:45:30.680Z OK: top annDP=13.16% (solana-all-time-high-by-june-30-2026), below 14%
2026-03-21T07:47:29.487Z OK: top annDP=13.21% (solana-all-time-high-by-june-30-2026), below 14%
2026-03-21T07:49:29.888Z OK: top annDP=13.21% (solana-all-time-high-by-june-30-2026), below 14%
2026-03-21T07:51:29.519Z OK: top annDP=13.21% (solana-all-time-high-by-june-30-2026), below 14%
2026-03-21T07:53:29.779Z OK: top annDP=13.21% (solana-all-time-high-by-june-30-2026), below 14%
2026-03-21T07:55:29.574Z OK: top annDP=13.21% (solana-all-time-high-by-june-30-2026), below 14%
2026-03-21T07:57:29.567Z OK: top annDP=13.21% (solana-all-time-high-by-june-30-2026), below 14%
2026-03-21T07:59:29.712Z OK: top annDP=13.21% (solana-all-time-high-by-june-30-2026), below 14%
2026-03-21T08:01:29.843Z OK: top annDP=13.21% (solana-all-time-high-by-june-30-2026), below 14%
2026-03-21T08:03:29.270Z OK: top annDP=13.21% (solana-all-time-high-by-june-30-2026), below 14%
2026-03-21T08:05:29.550Z OK: top annDP=13.21% (solana-all-time-high-by-june-30-2026), below 14%
2026-03-21T08:07:29.856Z OK: top annDP=13.21% (solana-all-time-high-by-june-30-2026), below 14%
2026-03-21T08:09:29.723Z OK: top annDP=13.22% (solana-all-time-high-by-june-30-2026), below 14%
2026-03-21T08:11:29.268Z OK: top annDP=13.22% (solana-all-time-high-by-june-30-2026), below 14%
2026-03-21T08:13:28.997Z OK: top annDP=13.22% (solana-all-time-high-by-june-30-2026), below 14%
2026-03-21T08:15:29.724Z OK: top annDP=13.22% (solana-all-time-high-by-june-30-2026), below 14%
2026-03-21T08:17:29.003Z OK: top annDP=13.22% (solana-all-time-high-by-june-30-2026), below 14%
2026-03-21T08:19:29.651Z OK: top annDP=13.29% (solana-all-time-high-by-june-30-2026), below 14%
2026-03-21T08:21:29.141Z OK: top annDP=13.29% (solana-all-time-high-by-june-30-2026), below 14%
2026-03-21T08:23:29.808Z OK: top annDP=13.34% (solana-all-time-high-by-june-30-2026), below 14%
2026-03-21T08:25:29.066Z OK: top annDP=13.37% (solana-all-time-high-by-june-30-2026), below 14%
2026-03-21T08:28:01.652Z ERROR: page.goto: Timeout 60000ms exceeded.
Call log:
  - navigating to "https://inv.ondatamint.com/searcher/", waiting until "networkidle"

2026-03-21T08:30:01.951Z ERROR: page.goto: Timeout 60000ms exceeded.
Call log:
  - navigating to "https://inv.ondatamint.com/searcher/", waiting until "networkidle"

2026-03-21T08:31:02.273Z ERROR: page.goto: net::ERR_NAME_NOT_RESOLVED at https://inv.ondatamint.com/searcher/
Call log:
  - navigating to "https://inv.ondatamint.com/searcher/", waiting until "networkidle"

2026-03-21T08:33:01.888Z ERROR: page.goto: net::ERR_NAME_NOT_RESOLVED at https://inv.ondatamint.com/searcher/
Call log:
  - navigating to "https://inv.ondatamint.com/searcher/", waiting until "networkidle"

2026-03-21T08:35:01.498Z ERROR: page.goto: net::ERR_NAME_NOT_RESOLVED at https://inv.ondatamint.com/searcher/
Call log:
  - navigating to "https://inv.ondatamint.com/searcher/", waiting until "networkidle"

2026-03-21T08:37:02.121Z ERROR: page.goto: net::ERR_NAME_NOT_RESOLVED at https://inv.ondatamint.com/searcher/
Call log:
  - navigating to "https://inv.ondatamint.com/searcher/", waiting until "networkidle"

2026-03-21T08:39:01.724Z ERROR: page.goto: net::ERR_NAME_NOT_RESOLVED at https://inv.ondatamint.com/searcher/
Call log:
  - navigating to "https://inv.ondatamint.com/searcher/", waiting until "networkidle"

2026-03-21T08:41:01.338Z ERROR: page.goto: net::ERR_NAME_NOT_RESOLVED at https://inv.ondatamint.com/searcher/
Call log:
  - navigating to "https://inv.ondatamint.com/searcher/", waiting until "networkidle"

2026-03-21T08:43:01.941Z ERROR: page.goto: net::ERR_NAME_NOT_RESOLVED at https://inv.ondatamint.com/searcher/
Call log:
  - navigating to "https://inv.ondatamint.com/searcher/", waiting until "networkidle"

2026-03-21T08:45:01.545Z ERROR: page.goto: net::ERR_NAME_NOT_RESOLVED at https://inv.ondatamint.com/searcher/
Call log:
  - navigating to "https://inv.ondatamint.com/searcher/", waiting until "networkidle"

2026-03-21T08:47:02.146Z ERROR: page.goto: net::ERR_NAME_NOT_RESOLVED at https://inv.ondatamint.com/searcher/
Call log:
  - navigating to "https://inv.ondatamint.com/searcher/", waiting until "networkidle"

2026-03-21T08:49:01.744Z ERROR: page.goto: net::ERR_NAME_NOT_RESOLVED at https://inv.ondatamint.com/searcher/
Call log:
  - navigating to "https://inv.ondatamint.com/searcher/", waiting until "networkidle"

2026-03-21T08:51:01.363Z ERROR: page.goto: net::ERR_NAME_NOT_RESOLVED at https://inv.ondatamint.com/searcher/
Call log:
  - navigating to "https://inv.ondatamint.com/searcher/", waiting until "networkidle"

2026-03-21T08:53:01.980Z ERROR: page.goto: net::ERR_NAME_NOT_RESOLVED at https://inv.ondatamint.com/searcher/
Call log:
  - navigating to "https://inv.ondatamint.com/searcher/", waiting until "networkidle"

2026-03-21T08:55:01.601Z ERROR: page.goto: net::ERR_NAME_NOT_RESOLVED at https://inv.ondatamint.com/searcher/
Call log:
  - navigating to "https://inv.ondatamint.com/searcher/", waiting until "networkidle"

2026-03-21T08:57:02.205Z ERROR: page.goto: net::ERR_NAME_NOT_RESOLVED at https://inv.ondatamint.com/searcher/
Call log:
  - navigating to "https://inv.ondatamint.com/searcher/", waiting until "networkidle"

2026-03-21T08:59:01.805Z ERROR: page.goto: net::ERR_NAME_NOT_RESOLVED at https://inv.ondatamint.com/searcher/
Call log:
  - navigating to "https://inv.ondatamint.com/searcher/", waiting until "networkidle"

2026-03-21T09:01:01.431Z ERROR: page.goto: net::ERR_NAME_NOT_RESOLVED at https://inv.ondatamint.com/searcher/
Call log:
  - navigating to "https://inv.ondatamint.com/searcher/", waiting until "networkidle"

2026-03-21T09:03:02.041Z ERROR: page.goto: net::ERR_NAME_NOT_RESOLVED at https://inv.ondatamint.com/searcher/
Call log:
  - navigating to "https://inv.ondatamint.com/searcher/", waiting until "networkidle"

2026-03-21T09:05:01.653Z ERROR: page.goto: net::ERR_NAME_NOT_RESOLVED at https://inv.ondatamint.com/searcher/
Call log:
  - navigating to "https://inv.ondatamint.com/searcher/", waiting until "networkidle"

2026-03-21T09:07:02.263Z ERROR: page.goto: net::ERR_NAME_NOT_RESOLVED at https://inv.ondatamint.com/searcher/
Call log:
  - navigating to "https://inv.ondatamint.com/searcher/", waiting until "networkidle"

2026-03-21T09:09:01.871Z ERROR: page.goto: net::ERR_NAME_NOT_RESOLVED at https://inv.ondatamint.com/searcher/
Call log:
  - navigating to "https://inv.ondatamint.com/searcher/", waiting until "networkidle"

2026-03-21T09:11:01.470Z ERROR: page.goto: net::ERR_NAME_NOT_RESOLVED at https://inv.ondatamint.com/searcher/
Call log:
  - navigating to "https://inv.ondatamint.com/searcher/", waiting until "networkidle"

2026-03-21T09:13:02.075Z ERROR: page.goto: net::ERR_NAME_NOT_RESOLVED at https://inv.ondatamint.com/searcher/
Call log:
  - navigating to "https://inv.ondatamint.com/searcher/", waiting until "networkidle"

2026-03-21T09:15:01.680Z ERROR: page.goto: net::ERR_NAME_NOT_RESOLVED at https://inv.ondatamint.com/searcher/
Call log:
  - navigating to "https://inv.ondatamint.com/searcher/", waiting until "networkidle"

2026-03-21T09:17:01.305Z ERROR: page.goto: net::ERR_NAME_NOT_RESOLVED at https://inv.ondatamint.com/searcher/
Call log:
  - navigating to "https://inv.ondatamint.com/searcher/", waiting until "networkidle"

2026-03-21T09:19:01.908Z ERROR: page.goto: net::ERR_NAME_NOT_RESOLVED at https://inv.ondatamint.com/searcher/
Call log:
  - navigating to "https://inv.ondatamint.com/searcher/", waiting until "networkidle"

2026-03-21T09:21:01.513Z ERROR: page.goto: net::ERR_NAME_NOT_RESOLVED at https://inv.ondatamint.com/searcher/
Call log:
  - navigating to "https://inv.ondatamint.com/searcher/", waiting until "networkidle"

2026-03-21T09:23:02.129Z ERROR: page.goto: net::ERR_NAME_NOT_RESOLVED at https://inv.ondatamint.com/searcher/
Call log:
  - navigating to "https://inv.ondatamint.com/searcher/", waiting until "networkidle"

2026-03-21T09:25:01.733Z ERROR: page.goto: net::ERR_NAME_NOT_RESOLVED at https://inv.ondatamint.com/searcher/
Call log:
  - navigating to "https://inv.ondatamint.com/searcher/", waiting until "networkidle"

2026-03-21T09:27:01.338Z ERROR: page.goto: net::ERR_NAME_NOT_RESOLVED at https://inv.ondatamint.com/searcher/
Call log:
  - navigating to "https://inv.ondatamint.com/searcher/", waiting until "networkidle"

2026-03-21T09:29:01.940Z ERROR: page.goto: net::ERR_NAME_NOT_RESOLVED at https://inv.ondatamint.com/searcher/
Call log:
  - navigating to "https://inv.ondatamint.com/searcher/", waiting until "networkidle"

2026-03-21T09:31:01.564Z ERROR: page.goto: net::ERR_NAME_NOT_RESOLVED at https://inv.ondatamint.com/searcher/
Call log:
  - navigating to "https://inv.ondatamint.com/searcher/", waiting until "networkidle"

2026-03-21T09:33:02.185Z ERROR: page.goto: net::ERR_NAME_NOT_RESOLVED at https://inv.ondatamint.com/searcher/
Call log:
  - navigating to "https://inv.ondatamint.com/searcher/", waiting until "networkidle"

2026-03-21T09:35:01.792Z ERROR: page.goto: net::ERR_NAME_NOT_RESOLVED at https://inv.ondatamint.com/searcher/
Call log:
  - navigating to "https://inv.ondatamint.com/searcher/", waiting until "networkidle"

2026-03-21T09:37:01.406Z ERROR: page.goto: net::ERR_NAME_NOT_RESOLVED at https://inv.ondatamint.com/searcher/
Call log:
  - navigating to "https://inv.ondatamint.com/searcher/", waiting until "networkidle"

2026-03-21T09:39:02.023Z ERROR: page.goto: net::ERR_NAME_NOT_RESOLVED at https://inv.ondatamint.com/searcher/
Call log:
  - navigating to "https://inv.ondatamint.com/searcher/", waiting until "networkidle"

2026-03-21T09:41:01.641Z ERROR: page.goto: net::ERR_NAME_NOT_RESOLVED at https://inv.ondatamint.com/searcher/
Call log:
  - navigating to "https://inv.ondatamint.com/searcher/", waiting until "networkidle"

2026-03-21T09:43:02.248Z ERROR: page.goto: net::ERR_NAME_NOT_RESOLVED at https://inv.ondatamint.com/searcher/
Call log:
  - navigating to "https://inv.ondatamint.com/searcher/", waiting until "networkidle"

2026-03-21T09:45:01.855Z ERROR: page.goto: net::ERR_NAME_NOT_RESOLVED at https://inv.ondatamint.com/searcher/
Call log:
  - navigating to "https://inv.ondatamint.com/searcher/", waiting until "networkidle"

2026-03-21T09:47:01.462Z ERROR: page.goto: net::ERR_NAME_NOT_RESOLVED at https://inv.ondatamint.com/searcher/
Call log:
  - navigating to "https://inv.ondatamint.com/searcher/", waiting until "networkidle"

2026-03-21T09:49:02.067Z ERROR: page.goto: net::ERR_NAME_NOT_RESOLVED at https://inv.ondatamint.com/searcher/
Call log:
  - navigating to "https://inv.ondatamint.com/searcher/", waiting until "networkidle"

2026-03-21T09:51:01.693Z ERROR: page.goto: net::ERR_NAME_NOT_RESOLVED at https://inv.ondatamint.com/searcher/
Call log:
  - navigating to "https://inv.ondatamint.com/searcher/", waiting until "networkidle"

2026-03-21T09:53:01.290Z ERROR: page.goto: net::ERR_NAME_NOT_RESOLVED at https://inv.ondatamint.com/searcher/
Call log:
  - navigating to "https://inv.ondatamint.com/searcher/", waiting until "networkidle"

2026-03-21T09:55:01.895Z ERROR: page.goto: net::ERR_NAME_NOT_RESOLVED at https://inv.ondatamint.com/searcher/
Call log:
  - navigating to "https://inv.ondatamint.com/searcher/", waiting until "networkidle"

2026-03-21T09:57:01.510Z ERROR: page.goto: net::ERR_NAME_NOT_RESOLVED at https://inv.ondatamint.com/searcher/
Call log:
  - navigating to "https://inv.ondatamint.com/searcher/", waiting until "networkidle"

2026-03-21T09:59:02.113Z ERROR: page.goto: net::ERR_NAME_NOT_RESOLVED at https://inv.ondatamint.com/searcher/
Call log:
  - navigating to "https://inv.ondatamint.com/searcher/", waiting until "networkidle"

2026-03-21T10:01:01.734Z ERROR: page.goto: net::ERR_NAME_NOT_RESOLVED at https://inv.ondatamint.com/searcher/
Call log:
  - navigating to "https://inv.ondatamint.com/searcher/", waiting until "networkidle"

2026-03-21T10:03:01.339Z ERROR: page.goto: net::ERR_NAME_NOT_RESOLVED at https://inv.ondatamint.com/searcher/
Call log:
  - navigating to "https://inv.ondatamint.com/searcher/", waiting until "networkidle"

2026-03-21T10:05:01.939Z ERROR: page.goto: net::ERR_NAME_NOT_RESOLVED at https://inv.ondatamint.com/searcher/
Call log:
  - navigating to "https://inv.ondatamint.com/searcher/", waiting until "networkidle"

2026-03-21T10:07:01.539Z ERROR: page.goto: net::ERR_NAME_NOT_RESOLVED at https://inv.ondatamint.com/searcher/
Call log:
  - navigating to "https://inv.ondatamint.com/searcher/", waiting until "networkidle"

2026-03-21T10:09:02.154Z ERROR: page.goto: net::ERR_NAME_NOT_RESOLVED at https://inv.ondatamint.com/searcher/
Call log:
  - navigating to "https://inv.ondatamint.com/searcher/", waiting until "networkidle"

2026-03-21T10:11:01.777Z ERROR: page.goto: net::ERR_NAME_NOT_RESOLVED at https://inv.ondatamint.com/searcher/
Call log:
  - navigating to "https://inv.ondatamint.com/searcher/", waiting until "networkidle"

2026-03-21T10:13:01.400Z ERROR: page.goto: net::ERR_NAME_NOT_RESOLVED at https://inv.ondatamint.com/searcher/
Call log:
  - navigating to "https://inv.ondatamint.com/searcher/", waiting until "networkidle"

2026-03-21T10:15:02.005Z ERROR: page.goto: net::ERR_NAME_NOT_RESOLVED at https://inv.ondatamint.com/searcher/
Call log:
  - navigating to "https://inv.ondatamint.com/searcher/", waiting until "networkidle"

2026-03-21T10:17:01.612Z ERROR: page.goto: net::ERR_NAME_NOT_RESOLVED at https://inv.ondatamint.com/searcher/
Call log:
  - navigating to "https://inv.ondatamint.com/searcher/", waiting until "networkidle"

2026-03-21T10:19:02.222Z ERROR: page.goto: net::ERR_NAME_NOT_RESOLVED at https://inv.ondatamint.com/searcher/
Call log:
  - navigating to "https://inv.ondatamint.com/searcher/", waiting until "networkidle"

2026-03-21T10:21:01.844Z ERROR: page.goto: net::ERR_NAME_NOT_RESOLVED at https://inv.ondatamint.com/searcher/
Call log:
  - navigating to "https://inv.ondatamint.com/searcher/", waiting until "networkidle"

2026-03-21T10:23:01.456Z ERROR: page.goto: net::ERR_NAME_NOT_RESOLVED at https://inv.ondatamint.com/searcher/
Call log:
  - navigating to "https://inv.ondatamint.com/searcher/", waiting until "networkidle"

2026-03-21T10:25:02.055Z ERROR: page.goto: net::ERR_NAME_NOT_RESOLVED at https://inv.ondatamint.com/searcher/
Call log:
  - navigating to "https://inv.ondatamint.com/searcher/", waiting until "networkidle"

2026-03-21T10:27:01.657Z ERROR: page.goto: net::ERR_NAME_NOT_RESOLVED at https://inv.ondatamint.com/searcher/
Call log:
  - navigating to "https://inv.ondatamint.com/searcher/", waiting until "networkidle"

2026-03-21T10:29:02.273Z ERROR: page.goto: net::ERR_NAME_NOT_RESOLVED at https://inv.ondatamint.com/searcher/
Call log:
  - navigating to "https://inv.ondatamint.com/searcher/", waiting until "networkidle"

2026-03-21T10:31:01.895Z ERROR: page.goto: net::ERR_NAME_NOT_RESOLVED at https://inv.ondatamint.com/searcher/
Call log:
  - navigating to "https://inv.ondatamint.com/searcher/", waiting until "networkidle"

2026-03-21T10:33:01.510Z ERROR: page.goto: net::ERR_NAME_NOT_RESOLVED at https://inv.ondatamint.com/searcher/
Call log:
  - navigating to "https://inv.ondatamint.com/searcher/", waiting until "networkidle"

2026-03-21T10:35:02.125Z ERROR: page.goto: net::ERR_NAME_NOT_RESOLVED at https://inv.ondatamint.com/searcher/
Call log:
  - navigating to "https://inv.ondatamint.com/searcher/", waiting until "networkidle"

2026-03-21T10:37:01.732Z ERROR: page.goto: net::ERR_NAME_NOT_RESOLVED at https://inv.ondatamint.com/searcher/
Call log:
  - navigating to "https://inv.ondatamint.com/searcher/", waiting until "networkidle"

2026-03-21T10:39:01.349Z ERROR: page.goto: net::ERR_NAME_NOT_RESOLVED at https://inv.ondatamint.com/searcher/
Call log:
  - navigating to "https://inv.ondatamint.com/searcher/", waiting until "networkidle"

2026-03-21T10:41:01.962Z ERROR: page.goto: net::ERR_NAME_NOT_RESOLVED at https://inv.ondatamint.com/searcher/
Call log:
  - navigating to "https://inv.ondatamint.com/searcher/", waiting until "networkidle"

2026-03-21T10:43:01.571Z ERROR: page.goto: net::ERR_NAME_NOT_RESOLVED at https://inv.ondatamint.com/searcher/
Call log:
  - navigating to "https://inv.ondatamint.com/searcher/", waiting until "networkidle"

2026-03-21T10:45:02.178Z ERROR: page.goto: net::ERR_NAME_NOT_RESOLVED at https://inv.ondatamint.com/searcher/
Call log:
  - navigating to "https://inv.ondatamint.com/searcher/", waiting until "networkidle"

2026-03-21T10:47:01.786Z ERROR: page.goto: net::ERR_NAME_NOT_RESOLVED at https://inv.ondatamint.com/searcher/
Call log:
  - navigating to "https://inv.ondatamint.com/searcher/", waiting until "networkidle"

2026-03-21T10:49:01.397Z ERROR: page.goto: net::ERR_NAME_NOT_RESOLVED at https://inv.ondatamint.com/searcher/
Call log:
  - navigating to "https://inv.ondatamint.com/searcher/", waiting until "networkidle"

2026-03-21T10:51:02.015Z ERROR: page.goto: net::ERR_NAME_NOT_RESOLVED at https://inv.ondatamint.com/searcher/
Call log:
  - navigating to "https://inv.ondatamint.com/searcher/", waiting until "networkidle"

2026-03-21T10:53:01.631Z ERROR: page.goto: net::ERR_NAME_NOT_RESOLVED at https://inv.ondatamint.com/searcher/
Call log:
  - navigating to "https://inv.ondatamint.com/searcher/", waiting until "networkidle"

2026-03-21T10:55:02.245Z ERROR: page.goto: net::ERR_NAME_NOT_RESOLVED at https://inv.ondatamint.com/searcher/
Call log:
  - navigating to "https://inv.ondatamint.com/searcher/", waiting until "networkidle"

2026-03-21T10:57:01.862Z ERROR: page.goto: net::ERR_NAME_NOT_RESOLVED at https://inv.ondatamint.com/searcher/
Call log:
  - navigating to "https://inv.ondatamint.com/searcher/", waiting until "networkidle"

2026-03-21T10:59:01.473Z ERROR: page.goto: net::ERR_NAME_NOT_RESOLVED at https://inv.ondatamint.com/searcher/
Call log:
  - navigating to "https://inv.ondatamint.com/searcher/", waiting until "networkidle"

2026-03-21T11:01:02.085Z ERROR: page.goto: net::ERR_NAME_NOT_RESOLVED at https://inv.ondatamint.com/searcher/
Call log:
  - navigating to "https://inv.ondatamint.com/searcher/", waiting until "networkidle"

2026-03-21T11:03:01.688Z ERROR: page.goto: net::ERR_NAME_NOT_RESOLVED at https://inv.ondatamint.com/searcher/
Call log:
  - navigating to "https://inv.ondatamint.com/searcher/", waiting until "networkidle"

2026-03-21T11:05:01.292Z ERROR: page.goto: net::ERR_NAME_NOT_RESOLVED at https://inv.ondatamint.com/searcher/
Call log:
  - navigating to "https://inv.ondatamint.com/searcher/", waiting until "networkidle"

2026-03-21T11:07:01.898Z ERROR: page.goto: net::ERR_NAME_NOT_RESOLVED at https://inv.ondatamint.com/searcher/
Call log:
  - navigating to "https://inv.ondatamint.com/searcher/", waiting until "networkidle"

2026-03-21T11:09:01.514Z ERROR: page.goto: net::ERR_NAME_NOT_RESOLVED at https://inv.ondatamint.com/searcher/
Call log:
  - navigating to "https://inv.ondatamint.com/searcher/", waiting until "networkidle"

2026-03-21T11:11:02.148Z ERROR: page.goto: net::ERR_NAME_NOT_RESOLVED at https://inv.ondatamint.com/searcher/
Call log:
  - navigating to "https://inv.ondatamint.com/searcher/", waiting until "networkidle"

2026-03-21T11:13:01.757Z ERROR: page.goto: net::ERR_NAME_NOT_RESOLVED at https://inv.ondatamint.com/searcher/
Call log:
  - navigating to "https://inv.ondatamint.com/searcher/", waiting until "networkidle"

2026-03-21T11:15:01.357Z ERROR: page.goto: net::ERR_NAME_NOT_RESOLVED at https://inv.ondatamint.com/searcher/
Call log:
  - navigating to "https://inv.ondatamint.com/searcher/", waiting until "networkidle"

2026-03-21T11:17:01.963Z ERROR: page.goto: net::ERR_NAME_NOT_RESOLVED at https://inv.ondatamint.com/searcher/
Call log:
  - navigating to "https://inv.ondatamint.com/searcher/", waiting until "networkidle"

2026-03-21T11:19:01.569Z ERROR: page.goto: net::ERR_NAME_NOT_RESOLVED at https://inv.ondatamint.com/searcher/
Call log:
  - navigating to "https://inv.ondatamint.com/searcher/", waiting until "networkidle"

2026-03-21T11:21:02.190Z ERROR: page.goto: net::ERR_NAME_NOT_RESOLVED at https://inv.ondatamint.com/searcher/
Call log:
  - navigating to "https://inv.ondatamint.com/searcher/", waiting until "networkidle"

2026-03-21T11:23:01.803Z ERROR: page.goto: net::ERR_NAME_NOT_RESOLVED at https://inv.ondatamint.com/searcher/
Call log:
  - navigating to "https://inv.ondatamint.com/searcher/", waiting until "networkidle"

2026-03-21T11:25:01.410Z ERROR: page.goto: net::ERR_NAME_NOT_RESOLVED at https://inv.ondatamint.com/searcher/
Call log:
  - navigating to "https://inv.ondatamint.com/searcher/", waiting until "networkidle"

2026-03-21T11:27:02.018Z ERROR: page.goto: net::ERR_NAME_NOT_RESOLVED at https://inv.ondatamint.com/searcher/
Call log:
  - navigating to "https://inv.ondatamint.com/searcher/", waiting until "networkidle"

2026-03-21T11:29:01.633Z ERROR: page.goto: net::ERR_NAME_NOT_RESOLVED at https://inv.ondatamint.com/searcher/
Call log:
  - navigating to "https://inv.ondatamint.com/searcher/", waiting until "networkidle"

2026-03-21T11:31:02.239Z ERROR: page.goto: net::ERR_NAME_NOT_RESOLVED at https://inv.ondatamint.com/searcher/
Call log:
  - navigating to "https://inv.ondatamint.com/searcher/", waiting until "networkidle"

2026-03-21T11:33:01.859Z ERROR: page.goto: net::ERR_NAME_NOT_RESOLVED at https://inv.ondatamint.com/searcher/
Call log:
  - navigating to "https://inv.ondatamint.com/searcher/", waiting until "networkidle"

2026-03-21T11:35:01.458Z ERROR: page.goto: net::ERR_NAME_NOT_RESOLVED at https://inv.ondatamint.com/searcher/
Call log:
  - navigating to "https://inv.ondatamint.com/searcher/", waiting until "networkidle"

2026-03-21T11:37:02.069Z ERROR: page.goto: net::ERR_NAME_NOT_RESOLVED at https://inv.ondatamint.com/searcher/
Call log:
  - navigating to "https://inv.ondatamint.com/searcher/", waiting until "networkidle"

2026-03-21T11:39:01.689Z ERROR: page.goto: net::ERR_NAME_NOT_RESOLVED at https://inv.ondatamint.com/searcher/
Call log:
  - navigating to "https://inv.ondatamint.com/searcher/", waiting until "networkidle"

2026-03-21T11:41:01.313Z ERROR: page.goto: net::ERR_NAME_NOT_RESOLVED at https://inv.ondatamint.com/searcher/
Call log:
  - navigating to "https://inv.ondatamint.com/searcher/", waiting until "networkidle"

2026-03-21T11:43:01.925Z ERROR: page.goto: net::ERR_NAME_NOT_RESOLVED at https://inv.ondatamint.com/searcher/
Call log:
  - navigating to "https://inv.ondatamint.com/searcher/", waiting until "networkidle"

2026-03-21T11:45:01.534Z ERROR: page.goto: net::ERR_NAME_NOT_RESOLVED at https://inv.ondatamint.com/searcher/
Call log:
  - navigating to "https://inv.ondatamint.com/searcher/", waiting until "networkidle"

2026-03-21T11:47:02.141Z ERROR: page.goto: net::ERR_NAME_NOT_RESOLVED at https://inv.ondatamint.com/searcher/
Call log:
  - navigating to "https://inv.ondatamint.com/searcher/", waiting until "networkidle"

2026-03-21T11:49:01.758Z ERROR: page.goto: net::ERR_NAME_NOT_RESOLVED at https://inv.ondatamint.com/searcher/
Call log:
  - navigating to "https://inv.ondatamint.com/searcher/", waiting until "networkidle"

2026-03-21T11:51:01.396Z ERROR: page.goto: net::ERR_NAME_NOT_RESOLVED at https://inv.ondatamint.com/searcher/
Call log:
  - navigating to "https://inv.ondatamint.com/searcher/", waiting until "networkidle"

2026-03-21T11:53:02.014Z ERROR: page.goto: net::ERR_NAME_NOT_RESOLVED at https://inv.ondatamint.com/searcher/
Call log:
  - navigating to "https://inv.ondatamint.com/searcher/", waiting until "networkidle"

2026-03-21T11:55:01.618Z ERROR: page.goto: net::ERR_NAME_NOT_RESOLVED at https://inv.ondatamint.com/searcher/
Call log:
  - navigating to "https://inv.ondatamint.com/searcher/", waiting until "networkidle"

2026-03-21T11:57:02.229Z ERROR: page.goto: net::ERR_NAME_NOT_RESOLVED at https://inv.ondatamint.com/searcher/
Call log:
  - navigating to "https://inv.ondatamint.com/searcher/", waiting until "networkidle"

2026-03-21T11:59:01.845Z ERROR: page.goto: net::ERR_NAME_NOT_RESOLVED at https://inv.ondatamint.com/searcher/
Call log:
  - navigating to "https://inv.ondatamint.com/searcher/", waiting until "networkidle"

2026-03-21T12:01:01.466Z ERROR: page.goto: net::ERR_NAME_NOT_RESOLVED at https://inv.ondatamint.com/searcher/
Call log:
  - navigating to "https://inv.ondatamint.com/searcher/", waiting until "networkidle"

2026-03-21T12:03:02.077Z ERROR: page.goto: net::ERR_NAME_NOT_RESOLVED at https://inv.ondatamint.com/searcher/
Call log:
  - navigating to "https://inv.ondatamint.com/searcher/", waiting until "networkidle"

2026-03-21T12:06:01.962Z ERROR: page.click: Timeout 30000ms exceeded.
Call log:
  - waiting for locator('#refresh-button')

2026-03-21T12:07:29.916Z OK: top annDP=13.42% (solana-all-time-high-by-june-30-2026), below 14%
2026-03-21T12:09:29.531Z OK: top annDP=13.36% (solana-all-time-high-by-june-30-2026), below 14%
2026-03-21T12:11:53.348Z ERROR: page.click: Timeout 30000ms exceeded.
Call log:
  - waiting for locator('#refresh-button')

2026-03-21T12:13:29.607Z OK: top annDP=13.36% (solana-all-time-high-by-june-30-2026), below 14%
2026-03-21T12:15:39.350Z OK: top annDP=13.36% (solana-all-time-high-by-june-30-2026), below 14%
2026-03-21T12:17:29.778Z OK: top annDP=13.36% (solana-all-time-high-by-june-30-2026), below 14%
2026-03-21T12:19:28.639Z OK: top annDP=13.37% (solana-all-time-high-by-june-30-2026), below 14%
2026-03-21T12:21:30.651Z OK: top annDP=13.37% (solana-all-time-high-by-june-30-2026), below 14%
2026-03-21T12:22:33.032Z OK: top annDP=13.37% (solana-all-time-high-by-june-30-2026), below 14%
2026-03-21T12:23:29.365Z OK: top annDP=13.37% (solana-all-time-high-by-june-30-2026), below 14%
2026-03-21T12:25:29.926Z OK: top annDP=13.26% (solana-all-time-high-by-june-30-2026), below 14%
2026-03-21T12:27:30.069Z OK: top annDP=13.26% (solana-all-time-high-by-june-30-2026), below 14%
2026-03-21T12:29:29.682Z OK: top annDP=13.26% (solana-all-time-high-by-june-30-2026), below 14%
2026-03-21T12:31:29.154Z OK: top annDP=13.26% (solana-all-time-high-by-june-30-2026), below 14%
2026-03-21T12:33:30.140Z OK: top annDP=13.26% (solana-all-time-high-by-june-30-2026), below 14%
2026-03-21T12:35:30.251Z OK: top annDP=13.26% (solana-all-time-high-by-june-30-2026), below 14%
2026-03-21T12:37:29.581Z OK: top annDP=13.26% (solana-all-time-high-by-june-30-2026), below 14%
2026-03-21T12:39:29.359Z OK: top annDP=13.26% (solana-all-time-high-by-june-30-2026), below 14%
2026-03-21T12:41:29.787Z OK: top annDP=13.26% (solana-all-time-high-by-june-30-2026), below 14%
2026-03-21T12:43:29.434Z OK: top annDP=0% (will-bitcoin-reach-1000000-by-december-31-2026-946), below 14%
2026-03-21T12:45:02.024Z ERROR: page.goto: net::ERR_NAME_NOT_RESOLVED at https://inv.ondatamint.com/searcher/
Call log:
  - navigating to "https://inv.ondatamint.com/searcher/", waiting until "networkidle"

2026-03-21T12:47:30.226Z OK: top annDP=13.27% (solana-all-time-high-by-june-30-2026), below 14%
2026-03-21T12:49:29.733Z OK: top annDP=13.32% (solana-all-time-high-by-june-30-2026), below 14%
2026-03-21T12:51:29.812Z OK: top annDP=13.19% (solana-all-time-high-by-june-30-2026), below 14%
2026-03-21T12:53:29.279Z OK: top annDP=13.19% (solana-all-time-high-by-june-30-2026), below 14%
2026-03-21T12:55:30.439Z OK: top annDP=13.19% (solana-all-time-high-by-june-30-2026), below 14%
2026-03-21T12:57:29.549Z OK: top annDP=13.19% (solana-all-time-high-by-june-30-2026), below 14%
2026-03-21T12:59:34.457Z ERROR: page.goto: net::ERR_NETWORK_CHANGED at https://inv.ondatamint.com/searcher/
Call log:
  - navigating to "https://inv.ondatamint.com/searcher/", waiting until "networkidle"

2026-03-21T13:01:30.523Z OK: top annDP=13.19% (solana-all-time-high-by-june-30-2026), below 14%
2026-03-21T13:04:02.094Z ERROR: page.goto: Timeout 60000ms exceeded.
Call log:
  - navigating to "https://inv.ondatamint.com/searcher/", waiting until "networkidle"

2026-03-21T13:05:01.399Z ERROR: page.goto: net::ERR_NAME_NOT_RESOLVED at https://inv.ondatamint.com/searcher/
Call log:
  - navigating to "https://inv.ondatamint.com/searcher/", waiting until "networkidle"

2026-03-21T13:08:22.364Z ERROR: page.click: Timeout 30000ms exceeded.
Call log:
  - waiting for locator('#refresh-button')

2026-03-21T13:09:30.736Z OK: top annDP=13.19% (solana-all-time-high-by-june-30-2026), below 14%
2026-03-21T13:11:29.563Z OK: top annDP=13.24% (solana-all-time-high-by-june-30-2026), below 14%
2026-03-21T13:13:29.494Z OK: top annDP=13.24% (solana-all-time-high-by-june-30-2026), below 14%
2026-03-21T13:15:29.983Z OK: top annDP=13.24% (solana-all-time-high-by-june-30-2026), below 14%
2026-03-21T13:17:28.946Z OK: top annDP=13.24% (solana-all-time-high-by-june-30-2026), below 14%
2026-03-21T13:19:29.861Z OK: top annDP=13.24% (solana-all-time-high-by-june-30-2026), below 14%
2026-03-21T13:21:29.518Z OK: top annDP=13.24% (solana-all-time-high-by-june-30-2026), below 14%
2026-03-21T13:23:30.154Z OK: top annDP=13.24% (solana-all-time-high-by-june-30-2026), below 14%
2026-03-21T13:25:29.581Z OK: top annDP=13.19% (solana-all-time-high-by-june-30-2026), below 14%
2026-03-21T13:27:29.641Z OK: top annDP=13.19% (solana-all-time-high-by-june-30-2026), below 14%
2026-03-21T13:29:30.189Z OK: top annDP=13.19% (solana-all-time-high-by-june-30-2026), below 14%
2026-03-21T13:31:30.465Z OK: top annDP=13.19% (solana-all-time-high-by-june-30-2026), below 14%
2026-03-21T13:33:29.594Z OK: top annDP=13.19% (solana-all-time-high-by-june-30-2026), below 14%
2026-03-21T13:35:30.474Z OK: top annDP=13.19% (solana-all-time-high-by-june-30-2026), below 14%
2026-03-21T13:37:30.432Z OK: top annDP=13.19% (solana-all-time-high-by-june-30-2026), below 14%
2026-03-21T13:39:30.143Z OK: top annDP=13.19% (solana-all-time-high-by-june-30-2026), below 14%
2026-03-21T13:41:29.563Z OK: top annDP=13.19% (solana-all-time-high-by-june-30-2026), below 14%
2026-03-21T13:43:30.458Z OK: top annDP=13.19% (solana-all-time-high-by-june-30-2026), below 14%
2026-03-21T13:45:29.283Z OK: top annDP=13.19% (solana-all-time-high-by-june-30-2026), below 14%
2026-03-21T13:47:29.858Z OK: top annDP=13.19% (solana-all-time-high-by-june-30-2026), below 14%
2026-03-21T13:49:28.926Z OK: top annDP=13.19% (solana-all-time-high-by-june-30-2026), below 14%
2026-03-21T13:51:30.003Z OK: top annDP=13.25% (solana-all-time-high-by-june-30-2026), below 14%
2026-03-21T13:53:30.048Z OK: top annDP=13.3% (solana-all-time-high-by-june-30-2026), below 14%
2026-03-21T13:55:30.691Z OK: top annDP=13.25% (solana-all-time-high-by-june-30-2026), below 14%
2026-03-21T13:57:29.022Z OK: top annDP=13.25% (solana-all-time-high-by-june-30-2026), below 14%
2026-03-21T13:59:29.818Z OK: top annDP=13.25% (solana-all-time-high-by-june-30-2026), below 14%
2026-03-21T14:01:34.160Z OK: top annDP=13.3% (solana-all-time-high-by-june-30-2026), below 14%
2026-03-21T14:03:29.022Z OK: top annDP=13.3% (solana-all-time-high-by-june-30-2026), below 14%
2026-03-21T14:05:30.101Z OK: top annDP=13.3% (solana-all-time-high-by-june-30-2026), below 14%
2026-03-21T14:07:34.279Z OK: top annDP=13.3% (solana-all-time-high-by-june-30-2026), below 14%
2026-03-21T14:09:30.168Z OK: top annDP=13.3% (solana-all-time-high-by-june-30-2026), below 14%
2026-03-21T14:11:29.288Z OK: top annDP=13.3% (solana-all-time-high-by-june-30-2026), below 14%
2026-03-21T14:13:30.281Z OK: top annDP=13.2% (solana-all-time-high-by-june-30-2026), below 14%
2026-03-21T14:15:29.996Z OK: top annDP=13.2% (solana-all-time-high-by-june-30-2026), below 14%
2026-03-21T14:17:35.196Z ALERT: annDP=16.71% xrp-all-time-high-by-june-30-2026
2026-03-21T14:17:36.889Z SEND ERROR: Command failed: /home/dima/.nvm/versions/node/v22.22.0/bin/openclaw --dev message send --channel telegram --target -1003805082954 --silent -m 📊 Searcher Alert (annDP=16.71%):
```
Combination #149 (pivot: +4.65%, default: +4.65% (+16.71%Y))
LEN: 97d (DIV: -5d), MP: +107.7%, AP: +153.5%, PTCP: 80%
Bet token: 9204103845295998574174644655568224547826780478747010463640756803659982305491
Bet slug: xrp-all-time-high-by-june-30-2026
Bet price level: 3.6607
Bet outcome: NO
Bet kind: price_reach
Bet expiration: 2026-07-01 05:00:00+00:00
Option symbol: XRP_USDC-26JUN26-3-C
Option/Bet/Total invest: 12.93 / 617.35 / 630.29
Spread(Option/Bet/Total): $3.87(29.90%) / $32.30(5.23%) / $36.17(5.74%)
```
Error: Unknown target "-1003805082954" for telegram.

2026-03-21T14:19:35.223Z ALERT: annDP=16.71% xrp-all-time-high-by-june-30-2026
2026-03-21T14:19:36.900Z SEND ERROR: Command failed: /home/dima/.nvm/versions/node/v22.22.0/bin/openclaw --dev message send --channel telegram --target -1003805082954 --silent -m 📊 Searcher Alert (annDP=16.71%):
```
Combination #150 (pivot: +4.65%, default: +4.65% (+16.71%Y))
LEN: 97d (DIV: -5d), MP: +108.0%, AP: +153.8%, PTCP: 80%
Bet token: 9204103845295998574174644655568224547826780478747010463640756803659982305491
Bet slug: xrp-all-time-high-by-june-30-2026
Bet price level: 3.6607
Bet outcome: NO
Bet kind: price_reach
Bet expiration: 2026-07-01 05:00:00+00:00
Option symbol: XRP_USDC-26JUN26-3-C
Option/Bet/Total invest: 12.93 / 617.35 / 630.29
Spread(Option/Bet/Total): $3.87(29.89%) / $32.30(5.23%) / $36.17(5.74%)
```
Error: Unknown target "-1003805082954" for telegram.

2026-03-21T14:21:33.550Z ALERT: annDP=16.71% xrp-all-time-high-by-june-30-2026
2026-03-21T14:21:35.241Z SEND ERROR: Command failed: /home/dima/.nvm/versions/node/v22.22.0/bin/openclaw --dev message send --channel telegram --target -1003805082954 --silent -m 📊 Searcher Alert (annDP=16.71%):
```
Combination #150 (pivot: +4.65%, default: +4.65% (+16.71%Y))
LEN: 97d (DIV: -5d), MP: +107.9%, AP: +153.6%, PTCP: 80%
Bet token: 9204103845295998574174644655568224547826780478747010463640756803659982305491
Bet slug: xrp-all-time-high-by-june-30-2026
Bet price level: 3.6607
Bet outcome: NO
Bet kind: price_reach
Bet expiration: 2026-07-01 05:00:00+00:00
Option symbol: XRP_USDC-26JUN26-3-C
Option/Bet/Total invest: 12.93 / 617.35 / 630.29
Spread(Option/Bet/Total): $3.87(29.89%) / $32.30(5.23%) / $36.17(5.74%)
```
Error: Unknown target "-1003805082954" for telegram.

2026-03-21T14:23:34.463Z ALERT: annDP=16.71% xrp-all-time-high-by-june-30-2026
2026-03-21T14:23:36.142Z SEND ERROR: Command failed: /home/dima/.nvm/versions/node/v22.22.0/bin/openclaw --dev message send --channel telegram --target -1003805082954 --silent -m 📊 Searcher Alert (annDP=16.71%):
```
Combination #150 (pivot: +4.65%, default: +4.65% (+16.71%Y))
LEN: 97d (DIV: -5d), MP: +108.0%, AP: +153.8%, PTCP: 80%
Bet token: 9204103845295998574174644655568224547826780478747010463640756803659982305491
Bet slug: xrp-all-time-high-by-june-30-2026
Bet price level: 3.6607
Bet outcome: NO
Bet kind: price_reach
Bet expiration: 2026-07-01 05:00:00+00:00
Option symbol: XRP_USDC-26JUN26-3-C
Option/Bet/Total invest: 12.93 / 617.35 / 630.29
Spread(Option/Bet/Total): $3.87(29.89%) / $32.30(5.23%) / $36.17(5.74%)
```
Error: Unknown target "-1003805082954" for telegram.

2026-03-21T14:25:35.471Z ALERT: annDP=16.71% xrp-all-time-high-by-june-30-2026
2026-03-21T14:25:37.148Z SEND ERROR: Command failed: /home/dima/.nvm/versions/node/v22.22.0/bin/openclaw --dev message send --channel telegram --target -1003805082954 --silent -m 📊 Searcher Alert (annDP=16.71%):
```
Combination #150 (pivot: +4.65%, default: +4.65% (+16.71%Y))
LEN: 97d (DIV: -5d), MP: +108.0%, AP: +153.8%, PTCP: 80%
Bet token: 9204103845295998574174644655568224547826780478747010463640756803659982305491
Bet slug: xrp-all-time-high-by-june-30-2026
Bet price level: 3.6607
Bet outcome: NO
Bet kind: price_reach
Bet expiration: 2026-07-01 05:00:00+00:00
Option symbol: XRP_USDC-26JUN26-3-C
Option/Bet/Total invest: 12.93 / 617.35 / 630.29
Spread(Option/Bet/Total): $3.87(29.89%) / $32.30(5.23%) / $36.17(5.74%)
```
Error: Unknown target "-1003805082954" for telegram.

2026-03-21T14:27:34.870Z ALERT: annDP=16.81% xrp-all-time-high-by-june-30-2026
2026-03-21T14:27:36.543Z SEND ERROR: Command failed: /home/dima/.nvm/versions/node/v22.22.0/bin/openclaw --dev message send --channel telegram --target -1003805082954 --silent -m 📊 Searcher Alert (annDP=16.81%):
```
Combination #151 (pivot: +4.68%, default: +4.68% (+16.81%Y))
LEN: 97d (DIV: -5d), MP: +108.1%, AP: +153.9%, PTCP: 80%
Bet token: 9204103845295998574174644655568224547826780478747010463640756803659982305491
Bet slug: xrp-all-time-high-by-june-30-2026
Bet price level: 3.6607
Bet outcome: NO
Bet kind: price_reach
Bet expiration: 2026-07-01 05:00:00+00:00
Option symbol: XRP_USDC-26JUN26-3-C
Option/Bet/Total invest: 12.93 / 617.18 / 630.11
Spread(Option/Bet/Total): $3.87(29.89%) / $32.11(5.20%) / $35.97(5.71%)
```
Error: Unknown target "-1003805082954" for telegram.

2026-03-21T14:29:34.429Z ALERT: annDP=16.81% xrp-all-time-high-by-june-30-2026
2026-03-21T14:29:36.101Z SEND ERROR: Command failed: /home/dima/.nvm/versions/node/v22.22.0/bin/openclaw --dev message send --channel telegram --target -1003805082954 --silent -m 📊 Searcher Alert (annDP=16.81%):
```
Combination #151 (pivot: +4.68%, default: +4.68% (+16.81%Y))
LEN: 97d (DIV: -5d), MP: +108.1%, AP: +153.9%, PTCP: 80%
Bet token: 9204103845295998574174644655568224547826780478747010463640756803659982305491
Bet slug: xrp-all-time-high-by-june-30-2026
Bet price level: 3.6607
Bet outcome: NO
Bet kind: price_reach
Bet expiration: 2026-07-01 05:00:00+00:00
Option symbol: XRP_USDC-26JUN26-3-C
Option/Bet/Total invest: 12.93 / 617.18 / 630.11
Spread(Option/Bet/Total): $3.86(29.89%) / $32.11(5.20%) / $35.97(5.71%)
```
Error: Unknown target "-1003805082954" for telegram.

2026-03-21T14:31:34.595Z ALERT: annDP=15.92% xrp-all-time-high-by-june-30-2026
2026-03-21T14:31:36.284Z SEND ERROR: Command failed: /home/dima/.nvm/versions/node/v22.22.0/bin/openclaw --dev message send --channel telegram --target -1003805082954 --silent -m 📊 Searcher Alert (annDP=15.92%):
```
Combination #150 (pivot: +4.43%, default: +4.43% (+15.92%Y))
LEN: 97d (DIV: -5d), MP: +108.1%, AP: +154.0%, PTCP: 80%
Bet token: 9204103845295998574174644655568224547826780478747010463640756803659982305491
Bet slug: xrp-all-time-high-by-june-30-2026
Bet price level: 3.6607
Bet outcome: NO
Bet kind: price_reach
Bet expiration: 2026-07-01 05:00:00+00:00
Option symbol: XRP_USDC-26JUN26-3-C
Option/Bet/Total invest: 14.43 / 617.18 / 631.61
Spread(Option/Bet/Total): $6.86(47.57%) / $32.11(5.20%) / $38.97(6.17%)
```
Error: Unknown target "-1003805082954" for telegram.

2026-03-21T14:33:34.073Z ALERT: annDP=16.81% xrp-all-time-high-by-june-30-2026
2026-03-21T14:33:35.750Z SEND ERROR: Command failed: /home/dima/.nvm/versions/node/v22.22.0/bin/openclaw --dev message send --channel telegram --target -1003805082954 --silent -m 📊 Searcher Alert (annDP=16.81%):
```
Combination #150 (pivot: +4.68%, default: +4.68% (+16.81%Y))
LEN: 97d (DIV: -5d), MP: +108.1%, AP: +154.0%, PTCP: 80%
Bet token: 9204103845295998574174644655568224547826780478747010463640756803659982305491
Bet slug: xrp-all-time-high-by-june-30-2026
Bet price level: 3.6607
Bet outcome: NO
Bet kind: price_reach
Bet expiration: 2026-07-01 05:00:00+00:00
Option symbol: XRP_USDC-26JUN26-3-C
Option/Bet/Total invest: 12.93 / 617.18 / 630.11
Spread(Option/Bet/Total): $4.86(37.62%) / $32.11(5.20%) / $36.97(5.87%)
```
Error: Unknown target "-1003805082954" for telegram.

2026-03-21T14:35:33.534Z ALERT: annDP=16.81% xrp-all-time-high-by-june-30-2026
2026-03-21T14:35:35.224Z SEND ERROR: Command failed: /home/dima/.nvm/versions/node/v22.22.0/bin/openclaw --dev message send --channel telegram --target -1003805082954 --silent -m 📊 Searcher Alert (annDP=16.81%):
```
Combination #149 (pivot: +4.68%, default: +4.68% (+16.81%Y))
LEN: 97d (DIV: -5d), MP: +107.9%, AP: +153.7%, PTCP: 80%
Bet token: 9204103845295998574174644655568224547826780478747010463640756803659982305491
Bet slug: xrp-all-time-high-by-june-30-2026
Bet price level: 3.6607
Bet outcome: NO
Bet kind: price_reach
Bet expiration: 2026-07-01 05:00:00+00:00
Option symbol: XRP_USDC-26JUN26-3-C
Option/Bet/Total invest: 12.93 / 617.18 / 630.11
Spread(Option/Bet/Total): $4.87(37.62%) / $32.11(5.20%) / $36.98(5.87%)
```
Error: Unknown target "-1003805082954" for telegram.

2026-03-21T14:37:34.896Z ALERT: annDP=16.71% xrp-all-time-high-by-june-30-2026
2026-03-21T14:37:36.588Z SEND ERROR: Command failed: /home/dima/.nvm/versions/node/v22.22.0/bin/openclaw --dev message send --channel telegram --target -1003805082954 --silent -m 📊 Searcher Alert (annDP=16.71%):
```
Combination #150 (pivot: +4.65%, default: +4.65% (+16.71%Y))
LEN: 97d (DIV: -5d), MP: +108.3%, AP: +154.2%, PTCP: 80%
Bet token: 9204103845295998574174644655568224547826780478747010463640756803659982305491
Bet slug: xrp-all-time-high-by-june-30-2026
Bet price level: 3.6607
Bet outcome: NO
Bet kind: price_reach
Bet expiration: 2026-07-01 05:00:00+00:00
Option symbol: XRP_USDC-26JUN26-3-C
Option/Bet/Total invest: 12.93 / 617.35 / 630.29
Spread(Option/Bet/Total): $4.86(37.61%) / $32.30(5.23%) / $37.17(5.90%)
```
Error: Unknown target "-1003805082954" for telegram.

2026-03-21T14:39:34.991Z ALERT: annDP=16.71% xrp-all-time-high-by-june-30-2026
2026-03-21T14:39:36.673Z SEND ERROR: Command failed: /home/dima/.nvm/versions/node/v22.22.0/bin/openclaw --dev message send --channel telegram --target -1003805082954 --silent -m 📊 Searcher Alert (annDP=16.71%):
```
Combination #150 (pivot: +4.65%, default: +4.65% (+16.71%Y))
LEN: 97d (DIV: -5d), MP: +108.1%, AP: +154.0%, PTCP: 80%
Bet token: 9204103845295998574174644655568224547826780478747010463640756803659982305491
Bet slug: xrp-all-time-high-by-june-30-2026
Bet price level: 3.6607
Bet outcome: NO
Bet kind: price_reach
Bet expiration: 2026-07-01 05:00:00+00:00
Option symbol: XRP_USDC-26JUN26-3-C
Option/Bet/Total invest: 12.93 / 617.35 / 630.29
Spread(Option/Bet/Total): $4.86(37.62%) / $32.30(5.23%) / $37.17(5.90%)
```
Error: Unknown target "-1003805082954" for telegram.

2026-03-21T14:41:34.321Z ALERT: annDP=16.71% xrp-all-time-high-by-june-30-2026
2026-03-21T14:41:36.002Z SEND ERROR: Command failed: /home/dima/.nvm/versions/node/v22.22.0/bin/openclaw --dev message send --channel telegram --target -1003805082954 --silent -m 📊 Searcher Alert (annDP=16.71%):
```
Combination #150 (pivot: +4.65%, default: +4.65% (+16.71%Y))
LEN: 97d (DIV: -5d), MP: +108.2%, AP: +154.1%, PTCP: 80%
Bet token: 9204103845295998574174644655568224547826780478747010463640756803659982305491
Bet slug: xrp-all-time-high-by-june-30-2026
Bet price level: 3.6607
Bet outcome: NO
Bet kind: price_reach
Bet expiration: 2026-07-01 05:00:00+00:00
Option symbol: XRP_USDC-26JUN26-3-C
Option/Bet/Total invest: 12.93 / 617.35 / 630.29
Spread(Option/Bet/Total): $4.86(37.62%) / $32.30(5.23%) / $37.17(5.90%)
```
Error: Unknown target "-1003805082954" for telegram.

2026-03-21T14:43:34.128Z ALERT: annDP=16.71% xrp-all-time-high-by-june-30-2026
2026-03-21T14:43:35.810Z SEND ERROR: Command failed: /home/dima/.nvm/versions/node/v22.22.0/bin/openclaw --dev message send --channel telegram --target -1003805082954 --silent -m 📊 Searcher Alert (annDP=16.71%):
```
Combination #150 (pivot: +4.65%, default: +4.65% (+16.71%Y))
LEN: 97d (DIV: -5d), MP: +108.1%, AP: +153.9%, PTCP: 80%
Bet token: 9204103845295998574174644655568224547826780478747010463640756803659982305491
Bet slug: xrp-all-time-high-by-june-30-2026
Bet price level: 3.6607
Bet outcome: NO
Bet kind: price_reach
Bet expiration: 2026-07-01 05:00:00+00:00
Option symbol: XRP_USDC-26JUN26-3-C
Option/Bet/Total invest: 12.93 / 617.35 / 630.29
Spread(Option/Bet/Total): $4.86(37.62%) / $32.30(5.23%) / $37.17(5.90%)
```
Error: Unknown target "-1003805082954" for telegram.

2026-03-21T14:45:34.493Z ALERT: annDP=16.71% xrp-all-time-high-by-june-30-2026
2026-03-21T14:45:36.153Z SEND ERROR: Command failed: /home/dima/.nvm/versions/node/v22.22.0/bin/openclaw --dev message send --channel telegram --target -1003805082954 --silent -m 📊 Searcher Alert (annDP=16.71%):
```
Combination #150 (pivot: +4.65%, default: +4.65% (+16.71%Y))
LEN: 97d (DIV: -5d), MP: +108.1%, AP: +154.0%, PTCP: 80%
Bet token: 9204103845295998574174644655568224547826780478747010463640756803659982305491
Bet slug: xrp-all-time-high-by-june-30-2026
Bet price level: 3.6607
Bet outcome: NO
Bet kind: price_reach
Bet expiration: 2026-07-01 05:00:00+00:00
Option symbol: XRP_USDC-26JUN26-3-C
Option/Bet/Total invest: 12.93 / 617.35 / 630.29
Spread(Option/Bet/Total): $4.86(37.62%) / $32.30(5.23%) / $37.17(5.90%)
```
Error: Unknown target "-1003805082954" for telegram.

2026-03-21T14:47:34.621Z ALERT: annDP=16.71% xrp-all-time-high-by-june-30-2026
2026-03-21T14:47:36.308Z SEND ERROR: Command failed: /home/dima/.nvm/versions/node/v22.22.0/bin/openclaw --dev message send --channel telegram --target -1003805082954 --silent -m 📊 Searcher Alert (annDP=16.71%):
```
Combination #150 (pivot: +4.65%, default: +4.65% (+16.71%Y))
LEN: 97d (DIV: -5d), MP: +108.1%, AP: +154.0%, PTCP: 80%
Bet token: 9204103845295998574174644655568224547826780478747010463640756803659982305491
Bet slug: xrp-all-time-high-by-june-30-2026
Bet price level: 3.6607
Bet outcome: NO
Bet kind: price_reach
Bet expiration: 2026-07-01 05:00:00+00:00
Option symbol: XRP_USDC-26JUN26-3-C
Option/Bet/Total invest: 12.93 / 617.35 / 630.29
Spread(Option/Bet/Total): $4.86(37.62%) / $32.30(5.23%) / $37.17(5.90%)
```
Error: Unknown target "-1003805082954" for telegram.

2026-03-21T14:49:35.282Z ALERT: annDP=17.01% xrp-all-time-high-by-june-30-2026
2026-03-21T14:49:36.965Z SEND ERROR: Command failed: /home/dima/.nvm/versions/node/v22.22.0/bin/openclaw --dev message send --channel telegram --target -1003805082954 --silent -m 📊 Searcher Alert (annDP=17.01%):
```
Combination #151 (pivot: +4.73%, default: +4.73% (+17.01%Y))
LEN: 97d (DIV: -5d), MP: +108.3%, AP: +154.2%, PTCP: 80%
Bet token: 9204103845295998574174644655568224547826780478747010463640756803659982305491
Bet slug: xrp-all-time-high-by-june-30-2026
Bet price level: 3.6607
Bet outcome: NO
Bet kind: price_reach
Bet expiration: 2026-07-01 05:00:00+00:00
Option symbol: XRP_USDC-26JUN26-3-C
Option/Bet/Total invest: 12.43 / 617.35 / 629.79
Spread(Option/Bet/Total): $4.36(35.10%) / $32.30(5.23%) / $36.67(5.82%)
```
Error: Unknown target "-1003805082954" for telegram.

2026-03-21T14:51:35.195Z ALERT: annDP=17.01% xrp-all-time-high-by-june-30-2026
2026-03-21T14:51:36.894Z SEND ERROR: Command failed: /home/dima/.nvm/versions/node/v22.22.0/bin/openclaw --dev message send --channel telegram --target -1003805082954 --silent -m 📊 Searcher Alert (annDP=17.01%):
```
Combination #150 (pivot: +4.73%, default: +4.73% (+17.01%Y))
LEN: 97d (DIV: -5d), MP: +108.6%, AP: +154.5%, PTCP: 80%
Bet token: 9204103845295998574174644655568224547826780478747010463640756803659982305491
Bet slug: xrp-all-time-high-by-june-30-2026
Bet price level: 3.6607
Bet outcome: NO
Bet kind: price_reach
Bet expiration: 2026-07-01 05:00:00+00:00
Option symbol: XRP_USDC-26JUN26-3-C
Option/Bet/Total invest: 12.43 / 617.35 / 629.78
Spread(Option/Bet/Total): $4.36(35.10%) / $32.30(5.23%) / $36.66(5.82%)
```
Error: Unknown target "-1003805082954" for telegram.

2026-03-21T14:53:34.875Z ALERT: annDP=17.01% xrp-all-time-high-by-june-30-2026
2026-03-21T14:53:36.568Z SEND ERROR: Command failed: /home/dima/.nvm/versions/node/v22.22.0/bin/openclaw --dev message send --channel telegram --target -1003805082954 --silent -m 📊 Searcher Alert (annDP=17.01%):
```
Combination #151 (pivot: +4.73%, default: +4.73% (+17.01%Y))
LEN: 97d (DIV: -5d), MP: +108.7%, AP: +154.6%, PTCP: 80%
Bet token: 9204103845295998574174644655568224547826780478747010463640756803659982305491
Bet slug: xrp-all-time-high-by-june-30-2026
Bet price level: 3.6607
Bet outcome: NO
Bet kind: price_reach
Bet expiration: 2026-07-01 05:00:00+00:00
Option symbol: XRP_USDC-26JUN26-3-C
Option/Bet/Total invest: 12.43 / 617.35 / 629.78
Spread(Option/Bet/Total): $4.36(35.09%) / $32.30(5.23%) / $36.66(5.82%)
```
Error: Unknown target "-1003805082954" for telegram.

2026-03-21T14:55:34.919Z ALERT: annDP=17.01% xrp-all-time-high-by-june-30-2026
2026-03-21T14:55:36.598Z SEND ERROR: Command failed: /home/dima/.nvm/versions/node/v22.22.0/bin/openclaw --dev message send --channel telegram --target -1003805082954 --silent -m 📊 Searcher Alert (annDP=17.01%):
```
Combination #151 (pivot: +4.73%, default: +4.73% (+17.01%Y))
LEN: 97d (DIV: -5d), MP: +108.8%, AP: +154.8%, PTCP: 80%
Bet token: 9204103845295998574174644655568224547826780478747010463640756803659982305491
Bet slug: xrp-all-time-high-by-june-30-2026
Bet price level: 3.6607
Bet outcome: NO
Bet kind: price_reach
Bet expiration: 2026-07-01 05:00:00+00:00
Option symbol: XRP_USDC-26JUN26-3-C
Option/Bet/Total invest: 12.43 / 617.35 / 629.78
Spread(Option/Bet/Total): $4.36(35.09%) / $32.30(5.23%) / $36.66(5.82%)
```
Error: Unknown target "-1003805082954" for telegram.

2026-03-21T14:57:34.699Z ALERT: annDP=17.01% xrp-all-time-high-by-june-30-2026
2026-03-21T14:57:36.369Z SEND ERROR: Command failed: /home/dima/.nvm/versions/node/v22.22.0/bin/openclaw --dev message send --channel telegram --target -1003805082954 --silent -m 📊 Searcher Alert (annDP=17.01%):
```
Combination #151 (pivot: +4.73%, default: +4.73% (+17.01%Y))
LEN: 97d (DIV: -5d), MP: +109.0%, AP: +155.0%, PTCP: 80%
Bet token: 9204103845295998574174644655568224547826780478747010463640756803659982305491
Bet slug: xrp-all-time-high-by-june-30-2026
Bet price level: 3.6607
Bet outcome: NO
Bet kind: price_reach
Bet expiration: 2026-07-01 05:00:00+00:00
Option symbol: XRP_USDC-26JUN26-3-C
Option/Bet/Total invest: 12.43 / 617.35 / 629.78
Spread(Option/Bet/Total): $4.36(35.08%) / $32.30(5.23%) / $36.66(5.82%)
```
Error: Unknown target "-1003805082954" for telegram.

2026-03-21T14:59:34.910Z ALERT: annDP=17.01% xrp-all-time-high-by-june-30-2026
2026-03-21T14:59:36.576Z SEND ERROR: Command failed: /home/dima/.nvm/versions/node/v22.22.0/bin/openclaw --dev message send --channel telegram --target -1003805082954 --silent -m 📊 Searcher Alert (annDP=17.01%):
```
Combination #151 (pivot: +4.73%, default: +4.73% (+17.01%Y))
LEN: 97d (DIV: -5d), MP: +108.9%, AP: +154.9%, PTCP: 80%
Bet token: 9204103845295998574174644655568224547826780478747010463640756803659982305491
Bet slug: xrp-all-time-high-by-june-30-2026
Bet price level: 3.6607
Bet outcome: NO
Bet kind: price_reach
Bet expiration: 2026-07-01 05:00:00+00:00
Option symbol: XRP_USDC-26JUN26-3-C
Option/Bet/Total invest: 12.43 / 617.35 / 629.78
Spread(Option/Bet/Total): $4.36(35.09%) / $32.30(5.23%) / $36.66(5.82%)
```
Error: Unknown target "-1003805082954" for telegram.

2026-03-21T15:01:34.505Z ALERT: annDP=17.01% xrp-all-time-high-by-june-30-2026
2026-03-21T15:01:36.191Z SEND ERROR: Command failed: /home/dima/.nvm/versions/node/v22.22.0/bin/openclaw --dev message send --channel telegram --target -1003805082954 --silent -m 📊 Searcher Alert (annDP=17.01%):
```
Combination #151 (pivot: +4.73%, default: +4.73% (+17.01%Y))
LEN: 97d (DIV: -5d), MP: +108.9%, AP: +154.9%, PTCP: 80%
Bet token: 9204103845295998574174644655568224547826780478747010463640756803659982305491
Bet slug: xrp-all-time-high-by-june-30-2026
Bet price level: 3.6607
Bet outcome: NO
Bet kind: price_reach
Bet expiration: 2026-07-01 05:00:00+00:00
Option symbol: XRP_USDC-26JUN26-3-C
Option/Bet/Total invest: 12.43 / 617.35 / 629.78
Spread(Option/Bet/Total): $4.36(35.09%) / $32.30(5.23%) / $36.66(5.82%)
```
Error: Unknown target "-1003805082954" for telegram.

2026-03-21T15:03:34.885Z ALERT: annDP=17.01% xrp-all-time-high-by-june-30-2026
2026-03-21T15:03:36.577Z SEND ERROR: Command failed: /home/dima/.nvm/versions/node/v22.22.0/bin/openclaw --dev message send --channel telegram --target -1003805082954 --silent -m 📊 Searcher Alert (annDP=17.01%):
```
Combination #150 (pivot: +4.73%, default: +4.73% (+17.01%Y))
LEN: 97d (DIV: -5d), MP: +108.8%, AP: +154.8%, PTCP: 80%
Bet token: 9204103845295998574174644655568224547826780478747010463640756803659982305491
Bet slug: xrp-all-time-high-by-june-30-2026
Bet price level: 3.6607
Bet outcome: NO
Bet kind: price_reach
Bet expiration: 2026-07-01 05:00:00+00:00
Option symbol: XRP_USDC-26JUN26-3-C
Option/Bet/Total invest: 12.43 / 617.35 / 629.78
Spread(Option/Bet/Total): $4.36(35.09%) / $32.58(5.28%) / $36.95(5.87%)
```
Error: Unknown target "-1003805082954" for telegram.

2026-03-21T15:05:35.544Z ALERT: annDP=17.01% xrp-all-time-high-by-june-30-2026
2026-03-21T15:05:37.218Z SEND ERROR: Command failed: /home/dima/.nvm/versions/node/v22.22.0/bin/openclaw --dev message send --channel telegram --target -1003805082954 --silent -m 📊 Searcher Alert (annDP=17.01%):
```
Combination #151 (pivot: +4.73%, default: +4.73% (+17.01%Y))
LEN: 97d (DIV: -5d), MP: +108.7%, AP: +154.6%, PTCP: 80%
Bet token: 9204103845295998574174644655568224547826780478747010463640756803659982305491
Bet slug: xrp-all-time-high-by-june-30-2026
Bet price level: 3.6607
Bet outcome: NO
Bet kind: price_reach
Bet expiration: 2026-07-01 05:00:00+00:00
Option symbol: XRP_USDC-26JUN26-3-C
Option/Bet/Total invest: 12.43 / 617.35 / 629.78
Spread(Option/Bet/Total): $4.36(35.09%) / $32.30(5.23%) / $36.66(5.82%)
```
Error: Unknown target "-1003805082954" for telegram.

2026-03-21T15:07:35.024Z ALERT: annDP=17.01% xrp-all-time-high-by-june-30-2026
2026-03-21T15:07:36.691Z SEND ERROR: Command failed: /home/dima/.nvm/versions/node/v22.22.0/bin/openclaw --dev message send --channel telegram --target -1003805082954 --silent -m 📊 Searcher Alert (annDP=17.01%):
```
Combination #152 (pivot: +4.73%, default: +4.73% (+17.01%Y))
LEN: 97d (DIV: -5d), MP: +108.8%, AP: +154.8%, PTCP: 80%
Bet token: 9204103845295998574174644655568224547826780478747010463640756803659982305491
Bet slug: xrp-all-time-high-by-june-30-2026
Bet price level: 3.6607
Bet outcome: NO
Bet kind: price_reach
Bet expiration: 2026-07-01 05:00:00+00:00
Option symbol: XRP_USDC-26JUN26-3-C
Option/Bet/Total invest: 12.43 / 617.35 / 629.78
Spread(Option/Bet/Total): $4.36(35.09%) / $32.30(5.23%) / $36.66(5.82%)
```
Error: Unknown target "-1003805082954" for telegram.

2026-03-21T15:09:34.037Z ALERT: annDP=17.01% xrp-all-time-high-by-june-30-2026
2026-03-21T15:09:35.725Z SEND ERROR: Command failed: /home/dima/.nvm/versions/node/v22.22.0/bin/openclaw --dev message send --channel telegram --target -1003805082954 --silent -m 📊 Searcher Alert (annDP=17.01%):
```
Combination #151 (pivot: +4.73%, default: +4.73% (+17.01%Y))
LEN: 97d (DIV: -5d), MP: +108.7%, AP: +154.6%, PTCP: 80%
Bet token: 9204103845295998574174644655568224547826780478747010463640756803659982305491
Bet slug: xrp-all-time-high-by-june-30-2026
Bet price level: 3.6607
Bet outcome: NO
Bet kind: price_reach
Bet expiration: 2026-07-01 05:00:00+00:00
Option symbol: XRP_USDC-26JUN26-3-C
Option/Bet/Total invest: 12.43 / 617.35 / 629.78
Spread(Option/Bet/Total): $4.36(35.09%) / $32.30(5.23%) / $36.66(5.82%)
```
Error: Unknown target "-1003805082954" for telegram.

2026-03-21T15:11:34.332Z ALERT: annDP=17.01% xrp-all-time-high-by-june-30-2026
2026-03-21T15:11:36.019Z SEND ERROR: Command failed: /home/dima/.nvm/versions/node/v22.22.0/bin/openclaw --dev message send --channel telegram --target -1003805082954 --silent -m 📊 Searcher Alert (annDP=17.01%):
```
Combination #151 (pivot: +4.73%, default: +4.73% (+17.01%Y))
LEN: 97d (DIV: -5d), MP: +108.6%, AP: +154.6%, PTCP: 80%
Bet token: 9204103845295998574174644655568224547826780478747010463640756803659982305491
Bet slug: xrp-all-time-high-by-june-30-2026
Bet price level: 3.6607
Bet outcome: NO
Bet kind: price_reach
Bet expiration: 2026-07-01 05:00:00+00:00
Option symbol: XRP_USDC-26JUN26-3-C
Option/Bet/Total invest: 12.43 / 617.35 / 629.78
Spread(Option/Bet/Total): $4.36(35.10%) / $32.30(5.23%) / $36.66(5.82%)
```
Error: Unknown target "-1003805082954" for telegram.

2026-03-21T15:13:34.644Z ALERT: annDP=17.01% xrp-all-time-high-by-june-30-2026
2026-03-21T15:13:36.311Z SEND ERROR: Command failed: /home/dima/.nvm/versions/node/v22.22.0/bin/openclaw --dev message send --channel telegram --target -1003805082954 --silent -m 📊 Searcher Alert (annDP=17.01%):
```
Combination #151 (pivot: +4.73%, default: +4.73% (+17.01%Y))
LEN: 97d (DIV: -5d), MP: +108.7%, AP: +154.7%, PTCP: 80%
Bet token: 9204103845295998574174644655568224547826780478747010463640756803659982305491
Bet slug: xrp-all-time-high-by-june-30-2026
Bet price level: 3.6607
Bet outcome: NO
Bet kind: price_reach
Bet expiration: 2026-07-01 05:00:00+00:00
Option symbol: XRP_USDC-26JUN26-3-C
Option/Bet/Total invest: 12.43 / 617.35 / 629.78
Spread(Option/Bet/Total): $4.36(35.09%) / $32.30(5.23%) / $36.66(5.82%)
```
Error: Unknown target "-1003805082954" for telegram.

2026-03-21T15:15:34.054Z ALERT: annDP=17.01% xrp-all-time-high-by-june-30-2026
2026-03-21T15:15:35.717Z SEND ERROR: Command failed: /home/dima/.nvm/versions/node/v22.22.0/bin/openclaw --dev message send --channel telegram --target -1003805082954 --silent -m 📊 Searcher Alert (annDP=17.01%):
```
Combination #151 (pivot: +4.73%, default: +4.73% (+17.01%Y))
LEN: 97d (DIV: -5d), MP: +108.7%, AP: +154.6%, PTCP: 80%
Bet token: 9204103845295998574174644655568224547826780478747010463640756803659982305491
Bet slug: xrp-all-time-high-by-june-30-2026
Bet price level: 3.6607
Bet outcome: NO
Bet kind: price_reach
Bet expiration: 2026-07-01 05:00:00+00:00
Option symbol: XRP_USDC-26JUN26-3-C
Option/Bet/Total invest: 12.43 / 617.35 / 629.78
Spread(Option/Bet/Total): $4.36(35.09%) / $32.30(5.23%) / $36.66(5.82%)
```
Error: Unknown target "-1003805082954" for telegram.

2026-03-21T15:17:34.398Z ALERT: annDP=17.01% xrp-all-time-high-by-june-30-2026
2026-03-21T15:17:36.083Z SEND ERROR: Command failed: /home/dima/.nvm/versions/node/v22.22.0/bin/openclaw --dev message send --channel telegram --target -1003805082954 --silent -m 📊 Searcher Alert (annDP=17.01%):
```
Combination #151 (pivot: +4.73%, default: +4.73% (+17.01%Y))
LEN: 97d (DIV: -5d), MP: +108.8%, AP: +154.7%, PTCP: 80%
Bet token: 9204103845295998574174644655568224547826780478747010463640756803659982305491
Bet slug: xrp-all-time-high-by-june-30-2026
Bet price level: 3.6607
Bet outcome: NO
Bet kind: price_reach
Bet expiration: 2026-07-01 05:00:00+00:00
Option symbol: XRP_USDC-26JUN26-3-C
Option/Bet/Total invest: 12.43 / 617.35 / 629.78
Spread(Option/Bet/Total): $4.36(35.09%) / $32.58(5.28%) / $36.95(5.87%)
```
Error: Unknown target "-1003805082954" for telegram.

2026-03-21T15:19:34.358Z ALERT: annDP=17.01% xrp-all-time-high-by-june-30-2026
2026-03-21T15:19:36.055Z SEND ERROR: Command failed: /home/dima/.nvm/versions/node/v22.22.0/bin/openclaw --dev message send --channel telegram --target -1003805082954 --silent -m 📊 Searcher Alert (annDP=17.01%):
```
Combination #151 (pivot: +4.73%, default: +4.73% (+17.01%Y))
LEN: 97d (DIV: -5d), MP: +108.9%, AP: +155.0%, PTCP: 80%
Bet token: 9204103845295998574174644655568224547826780478747010463640756803659982305491
Bet slug: xrp-all-time-high-by-june-30-2026
Bet price level: 3.6607
Bet outcome: NO
Bet kind: price_reach
Bet expiration: 2026-07-01 05:00:00+00:00
Option symbol: XRP_USDC-26JUN26-3-C
Option/Bet/Total invest: 12.43 / 617.35 / 629.78
Spread(Option/Bet/Total): $4.36(35.09%) / $32.30(5.23%) / $36.66(5.82%)
```
Error: Unknown target "-1003805082954" for telegram.

2026-03-21T15:21:34.958Z ALERT: annDP=17.01% xrp-all-time-high-by-june-30-2026
2026-03-21T15:21:36.619Z SEND ERROR: Command failed: /home/dima/.nvm/versions/node/v22.22.0/bin/openclaw --dev message send --channel telegram --target -1003805082954 --silent -m 📊 Searcher Alert (annDP=17.01%):
```
Combination #153 (pivot: +4.73%, default: +4.73% (+17.01%Y))
LEN: 97d (DIV: -5d), MP: +108.8%, AP: +154.8%, PTCP: 80%
Bet token: 9204103845295998574174644655568224547826780478747010463640756803659982305491
Bet slug: xrp-all-time-high-by-june-30-2026
Bet price level: 3.6607
Bet outcome: NO
Bet kind: price_reach
Bet expiration: 2026-07-01 05:00:00+00:00
Option symbol: XRP_USDC-26JUN26-3-C
Option/Bet/Total invest: 12.43 / 617.35 / 629.78
Spread(Option/Bet/Total): $4.36(35.09%) / $32.30(5.23%) / $36.66(5.82%)
```
Error: Unknown target "-1003805082954" for telegram.

2026-03-21T15:23:35.119Z ALERT: annDP=17.01% xrp-all-time-high-by-june-30-2026
2026-03-21T15:23:36.797Z SEND ERROR: Command failed: /home/dima/.nvm/versions/node/v22.22.0/bin/openclaw --dev message send --channel telegram --target -1003805082954 --silent -m 📊 Searcher Alert (annDP=17.01%):
```
Combination #152 (pivot: +4.73%, default: +4.73% (+17.01%Y))
LEN: 97d (DIV: -5d), MP: +108.7%, AP: +154.7%, PTCP: 80%
Bet token: 9204103845295998574174644655568224547826780478747010463640756803659982305491
Bet slug: xrp-all-time-high-by-june-30-2026
Bet price level: 3.6607
Bet outcome: NO
Bet kind: price_reach
Bet expiration: 2026-07-01 05:00:00+00:00
Option symbol: XRP_USDC-26JUN26-3-C
Option/Bet/Total invest: 12.43 / 617.35 / 629.78
Spread(Option/Bet/Total): $4.36(35.09%) / $32.30(5.23%) / $36.66(5.82%)
```
Error: Unknown target "-1003805082954" for telegram.

2026-03-21T15:25:35.311Z ALERT: annDP=17.01% xrp-all-time-high-by-june-30-2026
2026-03-21T15:25:36.987Z SEND ERROR: Command failed: /home/dima/.nvm/versions/node/v22.22.0/bin/openclaw --dev message send --channel telegram --target -1003805082954 --silent -m 📊 Searcher Alert (annDP=17.01%):
```
Combination #152 (pivot: +4.73%, default: +4.73% (+17.01%Y))
LEN: 97d (DIV: -5d), MP: +108.7%, AP: +154.7%, PTCP: 80%
Bet token: 9204103845295998574174644655568224547826780478747010463640756803659982305491
Bet slug: xrp-all-time-high-by-june-30-2026
Bet price level: 3.6607
Bet outcome: NO
Bet kind: price_reach
Bet expiration: 2026-07-01 05:00:00+00:00
Option symbol: XRP_USDC-26JUN26-3-C
Option/Bet/Total invest: 12.43 / 617.35 / 629.78
Spread(Option/Bet/Total): $4.36(35.09%) / $32.30(5.23%) / $36.66(5.82%)
```
Error: Unknown target "-1003805082954" for telegram.

2026-03-21T15:27:34.590Z ALERT: annDP=17.01% xrp-all-time-high-by-june-30-2026
2026-03-21T15:27:36.250Z SEND ERROR: Command failed: /home/dima/.nvm/versions/node/v22.22.0/bin/openclaw --dev message send --channel telegram --target -1003805082954 --silent -m 📊 Searcher Alert (annDP=17.01%):
```
Combination #151 (pivot: +4.73%, default: +4.73% (+17.01%Y))
LEN: 97d (DIV: -5d), MP: +108.7%, AP: +154.6%, PTCP: 80%
Bet token: 9204103845295998574174644655568224547826780478747010463640756803659982305491
Bet slug: xrp-all-time-high-by-june-30-2026
Bet price level: 3.6607
Bet outcome: NO
Bet kind: price_reach
Bet expiration: 2026-07-01 05:00:00+00:00
Option symbol: XRP_USDC-26JUN26-3-C
Option/Bet/Total invest: 12.43 / 617.35 / 629.78
Spread(Option/Bet/Total): $4.36(35.09%) / $32.30(5.23%) / $36.66(5.82%)
```
Error: Unknown target "-1003805082954" for telegram.

2026-03-21T15:29:34.389Z ALERT: annDP=17.01% xrp-all-time-high-by-june-30-2026
2026-03-21T15:29:36.067Z SEND ERROR: Command failed: /home/dima/.nvm/versions/node/v22.22.0/bin/openclaw --dev message send --channel telegram --target -1003805082954 --silent -m 📊 Searcher Alert (annDP=17.01%):
```
Combination #151 (pivot: +4.73%, default: +4.73% (+17.01%Y))
LEN: 97d (DIV: -5d), MP: +108.6%, AP: +154.5%, PTCP: 80%
Bet token: 9204103845295998574174644655568224547826780478747010463640756803659982305491
Bet slug: xrp-all-time-high-by-june-30-2026
Bet price level: 3.6607
Bet outcome: NO
Bet kind: price_reach
Bet expiration: 2026-07-01 05:00:00+00:00
Option symbol: XRP_USDC-26JUN26-3-C
Option/Bet/Total invest: 12.43 / 617.35 / 629.78
Spread(Option/Bet/Total): $4.36(35.10%) / $32.30(5.23%) / $36.66(5.82%)
```
Error: Unknown target "-1003805082954" for telegram.

2026-03-21T15:31:34.667Z ALERT: annDP=17.02% xrp-all-time-high-by-june-30-2026
2026-03-21T15:31:36.348Z SEND ERROR: Command failed: /home/dima/.nvm/versions/node/v22.22.0/bin/openclaw --dev message send --channel telegram --target -1003805082954 --silent -m 📊 Searcher Alert (annDP=17.02%):
```
Combination #151 (pivot: +4.73%, default: +4.73% (+17.02%Y))
LEN: 97d (DIV: -5d), MP: +108.6%, AP: +154.5%, PTCP: 80%
Bet token: 9204103845295998574174644655568224547826780478747010463640756803659982305491
Bet slug: xrp-all-time-high-by-june-30-2026
Bet price level: 3.6607
Bet outcome: NO
Bet kind: price_reach
Bet expiration: 2026-07-01 05:00:00+00:00
Option symbol: XRP_USDC-26JUN26-3-C
Option/Bet/Total invest: 12.43 / 617.35 / 629.78
Spread(Option/Bet/Total): $4.36(35.10%) / $32.30(5.23%) / $36.66(5.82%)
```
Error: Unknown target "-1003805082954" for telegram.

2026-03-21T15:33:33.596Z ALERT: annDP=17.02% xrp-all-time-high-by-june-30-2026
2026-03-21T15:33:35.272Z SEND ERROR: Command failed: /home/dima/.nvm/versions/node/v22.22.0/bin/openclaw --dev message send --channel telegram --target -1003805082954 --silent -m 📊 Searcher Alert (annDP=17.02%):
```
Combination #151 (pivot: +4.73%, default: +4.73% (+17.02%Y))
LEN: 97d (DIV: -5d), MP: +108.5%, AP: +154.4%, PTCP: 80%
Bet token: 9204103845295998574174644655568224547826780478747010463640756803659982305491
Bet slug: xrp-all-time-high-by-june-30-2026
Bet price level: 3.6607
Bet outcome: NO
Bet kind: price_reach
Bet expiration: 2026-07-01 05:00:00+00:00
Option symbol: XRP_USDC-26JUN26-3-C
Option/Bet/Total invest: 12.43 / 617.35 / 629.78
Spread(Option/Bet/Total): $4.36(35.10%) / $32.30(5.23%) / $36.67(5.82%)
```
Error: Unknown target "-1003805082954" for telegram.

2026-03-21T15:35:34.907Z ALERT: annDP=16.72% xrp-all-time-high-by-june-30-2026
2026-03-21T15:35:36.590Z SEND ERROR: Command failed: /home/dima/.nvm/versions/node/v22.22.0/bin/openclaw --dev message send --channel telegram --target -1003805082954 --silent -m 📊 Searcher Alert (annDP=16.72%):
```
Combination #151 (pivot: +4.65%, default: +4.65% (+16.72%Y))
LEN: 97d (DIV: -5d), MP: +108.3%, AP: +154.2%, PTCP: 80%
Bet token: 9204103845295998574174644655568224547826780478747010463640756803659982305491
Bet slug: xrp-all-time-high-by-june-30-2026
Bet price level: 3.6607
Bet outcome: NO
Bet kind: price_reach
Bet expiration: 2026-07-01 05:00:00+00:00
Option symbol: XRP_USDC-26JUN26-3-C
Option/Bet/Total invest: 12.93 / 617.35 / 630.29
Spread(Option/Bet/Total): $4.86(37.61%) / $32.58(5.28%) / $37.45(5.94%)
```
Error: Unknown target "-1003805082954" for telegram.

2026-03-21T15:37:33.904Z ALERT: annDP=17.02% xrp-all-time-high-by-june-30-2026
2026-03-21T15:37:35.589Z SEND ERROR: Command failed: /home/dima/.nvm/versions/node/v22.22.0/bin/openclaw --dev message send --channel telegram --target -1003805082954 --silent -m 📊 Searcher Alert (annDP=17.02%):
```
Combination #151 (pivot: +4.73%, default: +4.73% (+17.02%Y))
LEN: 97d (DIV: -5d), MP: +108.5%, AP: +154.4%, PTCP: 80%
Bet token: 9204103845295998574174644655568224547826780478747010463640756803659982305491
Bet slug: xrp-all-time-high-by-june-30-2026
Bet price level: 3.6607
Bet outcome: NO
Bet kind: price_reach
Bet expiration: 2026-07-01 05:00:00+00:00
Option symbol: XRP_USDC-26JUN26-3-C
Option/Bet/Total invest: 12.43 / 617.35 / 629.78
Spread(Option/Bet/Total): $4.36(35.10%) / $32.30(5.23%) / $36.67(5.82%)
```
Error: Unknown target "-1003805082954" for telegram.

2026-03-21T15:39:35.365Z ALERT: annDP=17.02% xrp-all-time-high-by-june-30-2026
2026-03-21T15:39:37.043Z SEND ERROR: Command failed: /home/dima/.nvm/versions/node/v22.22.0/bin/openclaw --dev message send --channel telegram --target -1003805082954 --silent -m 📊 Searcher Alert (annDP=17.02%):
```
Combination #151 (pivot: +4.73%, default: +4.73% (+17.02%Y))
LEN: 97d (DIV: -5d), MP: +108.5%, AP: +154.4%, PTCP: 80%
Bet token: 9204103845295998574174644655568224547826780478747010463640756803659982305491
Bet slug: xrp-all-time-high-by-june-30-2026
Bet price level: 3.6607
Bet outcome: NO
Bet kind: price_reach
Bet expiration: 2026-07-01 05:00:00+00:00
Option symbol: XRP_USDC-26JUN26-3-C
Option/Bet/Total invest: 12.43 / 617.35 / 629.78
Spread(Option/Bet/Total): $4.36(35.10%) / $32.30(5.23%) / $36.67(5.82%)
```
Error: Unknown target "-1003805082954" for telegram.

2026-03-21T15:41:33.726Z ALERT: annDP=17.02% xrp-all-time-high-by-june-30-2026
2026-03-21T15:41:35.405Z SEND ERROR: Command failed: /home/dima/.nvm/versions/node/v22.22.0/bin/openclaw --dev message send --channel telegram --target -1003805082954 --silent -m 📊 Searcher Alert (annDP=17.02%):
```
Combination #151 (pivot: +4.73%, default: +4.73% (+17.02%Y))
LEN: 97d (DIV: -5d), MP: +108.6%, AP: +154.6%, PTCP: 80%
Bet token: 9204103845295998574174644655568224547826780478747010463640756803659982305491
Bet slug: xrp-all-time-high-by-june-30-2026
Bet price level: 3.6607
Bet outcome: NO
Bet kind: price_reach
Bet expiration: 2026-07-01 05:00:00+00:00
Option symbol: XRP_USDC-26JUN26-3-C
Option/Bet/Total invest: 12.43 / 617.35 / 629.78
Spread(Option/Bet/Total): $4.36(35.10%) / $32.30(5.23%) / $36.66(5.82%)
```
Error: Unknown target "-1003805082954" for telegram.

2026-03-21T15:43:33.888Z ALERT: annDP=17.02% xrp-all-time-high-by-june-30-2026
2026-03-21T15:43:35.572Z SEND ERROR: Command failed: /home/dima/.nvm/versions/node/v22.22.0/bin/openclaw --dev message send --channel telegram --target -1003805082954 --silent -m 📊 Searcher Alert (annDP=17.02%):
```
Combination #150 (pivot: +4.73%, default: +4.73% (+17.02%Y))
LEN: 97d (DIV: -5d), MP: +108.6%, AP: +154.6%, PTCP: 80%
Bet token: 9204103845295998574174644655568224547826780478747010463640756803659982305491
Bet slug: xrp-all-time-high-by-june-30-2026
Bet price level: 3.6607
Bet outcome: NO
Bet kind: price_reach
Bet expiration: 2026-07-01 05:00:00+00:00
Option symbol: XRP_USDC-26JUN26-3-C
Option/Bet/Total invest: 12.43 / 617.35 / 629.78
Spread(Option/Bet/Total): $4.36(35.10%) / $32.30(5.23%) / $36.66(5.82%)
```
Error: Unknown target "-1003805082954" for telegram.

2026-03-21T15:45:34.480Z ALERT: annDP=17.02% xrp-all-time-high-by-june-30-2026
2026-03-21T15:45:36.164Z SEND ERROR: Command failed: /home/dima/.nvm/versions/node/v22.22.0/bin/openclaw --dev message send --channel telegram --target -1003805082954 --silent -m 📊 Searcher Alert (annDP=17.02%):
```
Combination #150 (pivot: +4.73%, default: +4.73% (+17.02%Y))
LEN: 97d (DIV: -5d), MP: +108.6%, AP: +154.5%, PTCP: 80%
Bet token: 9204103845295998574174644655568224547826780478747010463640756803659982305491
Bet slug: xrp-all-time-high-by-june-30-2026
Bet price level: 3.6607
Bet outcome: NO
Bet kind: price_reach
Bet expiration: 2026-07-01 05:00:00+00:00
Option symbol: XRP_USDC-26JUN26-3-C
Option/Bet/Total invest: 12.43 / 617.35 / 629.78
Spread(Option/Bet/Total): $4.36(35.10%) / $32.30(5.23%) / $36.66(5.82%)
```
Error: Unknown target "-1003805082954" for telegram.

2026-03-21T15:47:34.695Z ALERT: annDP=17.02% xrp-all-time-high-by-june-30-2026
2026-03-21T15:47:36.384Z SEND ERROR: Command failed: /home/dima/.nvm/versions/node/v22.22.0/bin/openclaw --dev message send --channel telegram --target -1003805082954 --silent -m 📊 Searcher Alert (annDP=17.02%):
```
Combination #151 (pivot: +4.73%, default: +4.73% (+17.02%Y))
LEN: 97d (DIV: -5d), MP: +108.6%, AP: +154.6%, PTCP: 80%
Bet token: 9204103845295998574174644655568224547826780478747010463640756803659982305491
Bet slug: xrp-all-time-high-by-june-30-2026
Bet price level: 3.6607
Bet outcome: NO
Bet kind: price_reach
Bet expiration: 2026-07-01 05:00:00+00:00
Option symbol: XRP_USDC-26JUN26-3-C
Option/Bet/Total invest: 12.43 / 617.35 / 629.78
Spread(Option/Bet/Total): $4.36(35.09%) / $32.30(5.23%) / $36.66(5.82%)
```
Error: Unknown target "-1003805082954" for telegram.

2026-03-21T15:49:33.408Z ALERT: annDP=17.02% xrp-all-time-high-by-june-30-2026
2026-03-21T15:49:35.082Z SEND ERROR: Command failed: /home/dima/.nvm/versions/node/v22.22.0/bin/openclaw --dev message send --channel telegram --target -1003805082954 --silent -m 📊 Searcher Alert (annDP=17.02%):
```
Combination #151 (pivot: +4.73%, default: +4.73% (+17.02%Y))
LEN: 97d (DIV: -5d), MP: +108.7%, AP: +154.6%, PTCP: 80%
Bet token: 9204103845295998574174644655568224547826780478747010463640756803659982305491
Bet slug: xrp-all-time-high-by-june-30-2026
Bet price level: 3.6607
Bet outcome: NO
Bet kind: price_reach
Bet expiration: 2026-07-01 05:00:00+00:00
Option symbol: XRP_USDC-26JUN26-3-C
Option/Bet/Total invest: 12.43 / 617.35 / 629.78
Spread(Option/Bet/Total): $4.36(35.09%) / $32.30(5.23%) / $36.66(5.82%)
```
Error: Unknown target "-1003805082954" for telegram.

2026-03-21T15:51:34.302Z ALERT: annDP=17.02% xrp-all-time-high-by-june-30-2026
2026-03-21T15:51:35.966Z SEND ERROR: Command failed: /home/dima/.nvm/versions/node/v22.22.0/bin/openclaw --dev message send --channel telegram --target -1003805082954 --silent -m 📊 Searcher Alert (annDP=17.02%):
```
Combination #151 (pivot: +4.73%, default: +4.73% (+17.02%Y))
LEN: 97d (DIV: -5d), MP: +108.6%, AP: +154.5%, PTCP: 80%
Bet token: 9204103845295998574174644655568224547826780478747010463640756803659982305491
Bet slug: xrp-all-time-high-by-june-30-2026
Bet price level: 3.6607
Bet outcome: NO
Bet kind: price_reach
Bet expiration: 2026-07-01 05:00:00+00:00
Option symbol: XRP_USDC-26JUN26-3-C
Option/Bet/Total invest: 12.43 / 617.35 / 629.78
Spread(Option/Bet/Total): $4.36(35.10%) / $32.30(5.23%) / $36.66(5.82%)
```
Error: Unknown target "-1003805082954" for telegram.

2026-03-21T15:53:34.093Z ALERT: annDP=17.02% xrp-all-time-high-by-june-30-2026
2026-03-21T15:53:35.785Z SEND ERROR: Command failed: /home/dima/.nvm/versions/node/v22.22.0/bin/openclaw --dev message send --channel telegram --target -1003805082954 --silent -m 📊 Searcher Alert (annDP=17.02%):
```
Combination #151 (pivot: +4.73%, default: +4.73% (+17.02%Y))
LEN: 97d (DIV: -5d), MP: +108.6%, AP: +154.6%, PTCP: 80%
Bet token: 9204103845295998574174644655568224547826780478747010463640756803659982305491
Bet slug: xrp-all-time-high-by-june-30-2026
Bet price level: 3.6607
Bet outcome: NO
Bet kind: price_reach
Bet expiration: 2026-07-01 05:00:00+00:00
Option symbol: XRP_USDC-26JUN26-3-C
Option/Bet/Total invest: 12.43 / 617.35 / 629.78
Spread(Option/Bet/Total): $4.36(35.10%) / $32.30(5.23%) / $36.66(5.82%)
```
Error: Unknown target "-1003805082954" for telegram.

2026-03-21T15:55:34.275Z ALERT: annDP=17.02% xrp-all-time-high-by-june-30-2026
2026-03-21T15:55:35.949Z SEND ERROR: Command failed: /home/dima/.nvm/versions/node/v22.22.0/bin/openclaw --dev message send --channel telegram --target -1003805082954 --silent -m 📊 Searcher Alert (annDP=17.02%):
```
Combination #151 (pivot: +4.73%, default: +4.73% (+17.02%Y))
LEN: 97d (DIV: -5d), MP: +108.5%, AP: +154.4%, PTCP: 80%
Bet token: 9204103845295998574174644655568224547826780478747010463640756803659982305491
Bet slug: xrp-all-time-high-by-june-30-2026
Bet price level: 3.6607
Bet outcome: NO
Bet kind: price_reach
Bet expiration: 2026-07-01 05:00:00+00:00
Option symbol: XRP_USDC-26JUN26-3-C
Option/Bet/Total invest: 12.43 / 617.35 / 629.78
Spread(Option/Bet/Total): $4.36(35.10%) / $32.30(5.23%) / $36.67(5.82%)
```
Error: Unknown target "-1003805082954" for telegram.

2026-03-21T15:57:34.602Z ALERT: annDP=17.02% xrp-all-time-high-by-june-30-2026
2026-03-21T15:57:36.288Z SEND ERROR: Command failed: /home/dima/.nvm/versions/node/v22.22.0/bin/openclaw --dev message send --channel telegram --target -1003805082954 --silent -m 📊 Searcher Alert (annDP=17.02%):
```
Combination #151 (pivot: +4.73%, default: +4.73% (+17.02%Y))
LEN: 97d (DIV: -5d), MP: +108.7%, AP: +154.6%, PTCP: 80%
Bet token: 9204103845295998574174644655568224547826780478747010463640756803659982305491
Bet slug: xrp-all-time-high-by-june-30-2026
Bet price level: 3.6607
Bet outcome: NO
Bet kind: price_reach
Bet expiration: 2026-07-01 05:00:00+00:00
Option symbol: XRP_USDC-26JUN26-3-C
Option/Bet/Total invest: 12.43 / 617.35 / 629.78
Spread(Option/Bet/Total): $4.36(35.09%) / $32.30(5.23%) / $36.66(5.82%)
```
Error: Unknown target "-1003805082954" for telegram.

2026-03-21T15:59:34.430Z ALERT: annDP=17.02% xrp-all-time-high-by-june-30-2026
2026-03-21T15:59:36.102Z SEND ERROR: Command failed: /home/dima/.nvm/versions/node/v22.22.0/bin/openclaw --dev message send --channel telegram --target -1003805082954 --silent -m 📊 Searcher Alert (annDP=17.02%):
```
Combination #150 (pivot: +4.73%, default: +4.73% (+17.02%Y))
LEN: 97d (DIV: -5d), MP: +108.6%, AP: +154.6%, PTCP: 80%
Bet token: 9204103845295998574174644655568224547826780478747010463640756803659982305491
Bet slug: xrp-all-time-high-by-june-30-2026
Bet price level: 3.6607
Bet outcome: NO
Bet kind: price_reach
Bet expiration: 2026-07-01 05:00:00+00:00
Option symbol: XRP_USDC-26JUN26-3-C
Option/Bet/Total invest: 12.43 / 617.35 / 629.78
Spread(Option/Bet/Total): $4.36(35.10%) / $32.58(5.28%) / $36.95(5.87%)
```
Error: Unknown target "-1003805082954" for telegram.

2026-03-21T16:01:35.028Z ALERT: annDP=17.02% xrp-all-time-high-by-june-30-2026
2026-03-21T16:01:36.700Z SEND ERROR: Command failed: /home/dima/.nvm/versions/node/v22.22.0/bin/openclaw --dev message send --channel telegram --target -1003805082954 --silent -m 📊 Searcher Alert (annDP=17.02%):
```
Combination #150 (pivot: +4.73%, default: +4.73% (+17.02%Y))
LEN: 97d (DIV: -5d), MP: +108.7%, AP: +154.7%, PTCP: 80%
Bet token: 9204103845295998574174644655568224547826780478747010463640756803659982305491
Bet slug: xrp-all-time-high-by-june-30-2026
Bet price level: 3.6607
Bet outcome: NO
Bet kind: price_reach
Bet expiration: 2026-07-01 05:00:00+00:00
Option symbol: XRP_USDC-26JUN26-3-C
Option/Bet/Total invest: 12.43 / 617.35 / 629.78
Spread(Option/Bet/Total): $4.36(35.09%) / $32.30(5.23%) / $36.66(5.82%)
```
Error: Unknown target "-1003805082954" for telegram.

2026-03-21T16:03:33.453Z ALERT: annDP=16.91% xrp-all-time-high-by-june-30-2026
2026-03-21T16:03:35.126Z SEND ERROR: Command failed: /home/dima/.nvm/versions/node/v22.22.0/bin/openclaw --dev message send --channel telegram --target -1003805082954 --silent -m 📊 Searcher Alert (annDP=16.91%):
```
Combination #151 (pivot: +4.70%, default: +4.70% (+16.91%Y))
LEN: 97d (DIV: -5d), MP: +108.6%, AP: +154.5%, PTCP: 80%
Bet token: 9204103845295998574174644655568224547826780478747010463640756803659982305491
Bet slug: xrp-all-time-high-by-june-30-2026
Bet price level: 3.6607
Bet outcome: NO
Bet kind: price_reach
Bet expiration: 2026-07-01 05:00:00+00:00
Option symbol: XRP_USDC-26JUN26-3-C
Option/Bet/Total invest: 12.43 / 617.54 / 629.97
Spread(Option/Bet/Total): $4.36(35.10%) / $31.11(5.04%) / $35.47(5.63%)
```
Error: Unknown target "-1003805082954" for telegram.

2026-03-21T16:05:34.203Z ALERT: annDP=16.91% xrp-all-time-high-by-june-30-2026
2026-03-21T16:05:35.881Z SEND ERROR: Command failed: /home/dima/.nvm/versions/node/v22.22.0/bin/openclaw --dev message send --channel telegram --target -1003805082954 --silent -m 📊 Searcher Alert (annDP=16.91%):
```
Combination #151 (pivot: +4.70%, default: +4.70% (+16.91%Y))
LEN: 97d (DIV: -5d), MP: +108.6%, AP: +154.6%, PTCP: 80%
Bet token: 9204103845295998574174644655568224547826780478747010463640756803659982305491
Bet slug: xrp-all-time-high-by-june-30-2026
Bet price level: 3.6607
Bet outcome: NO
Bet kind: price_reach
Bet expiration: 2026-07-01 05:00:00+00:00
Option symbol: XRP_USDC-26JUN26-3-C
Option/Bet/Total invest: 12.43 / 617.54 / 629.97
Spread(Option/Bet/Total): $4.36(35.09%) / $31.11(5.04%) / $35.47(5.63%)
```
Error: Unknown target "-1003805082954" for telegram.

2026-03-21T16:07:34.280Z ALERT: annDP=16.96% xrp-all-time-high-by-june-30-2026
2026-03-21T16:07:35.960Z SEND ERROR: Command failed: /home/dima/.nvm/versions/node/v22.22.0/bin/openclaw --dev message send --channel telegram --target -1003805082954 --silent -m 📊 Searcher Alert (annDP=16.96%):
```
Combination #151 (pivot: +4.72%, default: +4.72% (+16.96%Y))
LEN: 97d (DIV: -5d), MP: +108.6%, AP: +154.6%, PTCP: 80%
Bet token: 9204103845295998574174644655568224547826780478747010463640756803659982305491
Bet slug: xrp-all-time-high-by-june-30-2026
Bet price level: 3.6607
Bet outcome: NO
Bet kind: price_reach
Bet expiration: 2026-07-01 05:00:00+00:00
Option symbol: XRP_USDC-26JUN26-3-C
Option/Bet/Total invest: 12.43 / 617.45 / 629.88
Spread(Option/Bet/Total): $4.36(35.10%) / $31.02(5.02%) / $35.38(5.62%)
```
Error: Unknown target "-1003805082954" for telegram.

2026-03-21T16:09:34.773Z ALERT: annDP=16.96% xrp-all-time-high-by-june-30-2026
2026-03-21T16:09:36.447Z SEND ERROR: Command failed: /home/dima/.nvm/versions/node/v22.22.0/bin/openclaw --dev message send --channel telegram --target -1003805082954 --silent -m 📊 Searcher Alert (annDP=16.96%):
```
Combination #151 (pivot: +4.72%, default: +4.72% (+16.96%Y))
LEN: 97d (DIV: -5d), MP: +108.7%, AP: +154.6%, PTCP: 80%
Bet token: 9204103845295998574174644655568224547826780478747010463640756803659982305491
Bet slug: xrp-all-time-high-by-june-30-2026
Bet price level: 3.6607
Bet outcome: NO
Bet kind: price_reach
Bet expiration: 2026-07-01 05:00:00+00:00
Option symbol: XRP_USDC-26JUN26-3-C
Option/Bet/Total invest: 12.43 / 617.45 / 629.88
Spread(Option/Bet/Total): $4.36(35.09%) / $31.02(5.02%) / $35.38(5.62%)
```
Error: Unknown target "-1003805082954" for telegram.

2026-03-21T16:11:34.019Z ALERT: annDP=16.97% xrp-all-time-high-by-june-30-2026
2026-03-21T16:11:35.696Z SEND ERROR: Command failed: /home/dima/.nvm/versions/node/v22.22.0/bin/openclaw --dev message send --channel telegram --target -1003805082954 --silent -m 📊 Searcher Alert (annDP=16.97%):
```
Combination #151 (pivot: +4.72%, default: +4.72% (+16.97%Y))
LEN: 97d (DIV: -5d), MP: +108.8%, AP: +154.8%, PTCP: 80%
Bet token: 9204103845295998574174644655568224547826780478747010463640756803659982305491
Bet slug: xrp-all-time-high-by-june-30-2026
Bet price level: 3.6607
Bet outcome: NO
Bet kind: price_reach
Bet expiration: 2026-07-01 05:00:00+00:00
Option symbol: XRP_USDC-26JUN26-3-C
Option/Bet/Total invest: 12.43 / 617.45 / 629.88
Spread(Option/Bet/Total): $4.36(35.09%) / $31.02(5.02%) / $35.38(5.62%)
```
Error: Unknown target "-1003805082954" for telegram.

2026-03-21T16:13:34.133Z ALERT: annDP=16.97% xrp-all-time-high-by-june-30-2026
2026-03-21T16:13:35.811Z SEND ERROR: Command failed: /home/dima/.nvm/versions/node/v22.22.0/bin/openclaw --dev message send --channel telegram --target -1003805082954 --silent -m 📊 Searcher Alert (annDP=16.97%):
```
Combination #150 (pivot: +4.72%, default: +4.72% (+16.97%Y))
LEN: 97d (DIV: -5d), MP: +108.7%, AP: +154.7%, PTCP: 80%
Bet token: 9204103845295998574174644655568224547826780478747010463640756803659982305491
Bet slug: xrp-all-time-high-by-june-30-2026
Bet price level: 3.6607
Bet outcome: NO
Bet kind: price_reach
Bet expiration: 2026-07-01 05:00:00+00:00
Option symbol: XRP_USDC-26JUN26-3-C
Option/Bet/Total invest: 12.43 / 617.45 / 629.88
Spread(Option/Bet/Total): $4.36(35.09%) / $31.02(5.02%) / $35.38(5.62%)
```
Error: Unknown target "-1003805082954" for telegram.

2026-03-21T16:15:34.592Z ALERT: annDP=16.97% xrp-all-time-high-by-june-30-2026
2026-03-21T16:15:36.270Z SEND ERROR: Command failed: /home/dima/.nvm/versions/node/v22.22.0/bin/openclaw --dev message send --channel telegram --target -1003805082954 --silent -m 📊 Searcher Alert (annDP=16.97%):
```
Combination #153 (pivot: +4.72%, default: +4.72% (+16.97%Y))
LEN: 97d (DIV: -5d), MP: +108.7%, AP: +154.7%, PTCP: 80%
Bet token: 9204103845295998574174644655568224547826780478747010463640756803659982305491
Bet slug: xrp-all-time-high-by-june-30-2026
Bet price level: 3.6607
Bet outcome: NO
Bet kind: price_reach
Bet expiration: 2026-07-01 05:00:00+00:00
Option symbol: XRP_USDC-26JUN26-3-C
Option/Bet/Total invest: 12.43 / 617.45 / 629.88
Spread(Option/Bet/Total): $4.36(35.09%) / $31.02(5.02%) / $35.38(5.62%)
```
Error: Unknown target "-1003805082954" for telegram.

2026-03-21T16:17:34.289Z ALERT: annDP=16.97% xrp-all-time-high-by-june-30-2026
2026-03-21T16:17:35.965Z SEND ERROR: Command failed: /home/dima/.nvm/versions/node/v22.22.0/bin/openclaw --dev message send --channel telegram --target -1003805082954 --silent -m 📊 Searcher Alert (annDP=16.97%):
```
Combination #151 (pivot: +4.72%, default: +4.72% (+16.97%Y))
LEN: 97d (DIV: -5d), MP: +108.6%, AP: +154.5%, PTCP: 80%
Bet token: 9204103845295998574174644655568224547826780478747010463640756803659982305491
Bet slug: xrp-all-time-high-by-june-30-2026
Bet price level: 3.6607
Bet outcome: NO
Bet kind: price_reach
Bet expiration: 2026-07-01 05:00:00+00:00
Option symbol: XRP_USDC-26JUN26-3-C
Option/Bet/Total invest: 12.43 / 617.45 / 629.88
Spread(Option/Bet/Total): $4.36(35.10%) / $31.02(5.02%) / $35.38(5.62%)
```
Error: Unknown target "-1003805082954" for telegram.

2026-03-21T16:19:35.052Z ALERT: annDP=16.97% xrp-all-time-high-by-june-30-2026
2026-03-21T16:19:36.754Z SEND ERROR: Command failed: /home/dima/.nvm/versions/node/v22.22.0/bin/openclaw --dev message send --channel telegram --target -1003805082954 --silent -m 📊 Searcher Alert (annDP=16.97%):
```
Combination #153 (pivot: +4.72%, default: +4.72% (+16.97%Y))
LEN: 97d (DIV: -5d), MP: +108.7%, AP: +154.7%, PTCP: 80%
Bet token: 9204103845295998574174644655568224547826780478747010463640756803659982305491
Bet slug: xrp-all-time-high-by-june-30-2026
Bet price level: 3.6607
Bet outcome: NO
Bet kind: price_reach
Bet expiration: 2026-07-01 05:00:00+00:00
Option symbol: XRP_USDC-26JUN26-3-C
Option/Bet/Total invest: 12.43 / 617.45 / 629.88
Spread(Option/Bet/Total): $4.36(35.09%) / $31.02(5.02%) / $35.38(5.62%)
```
Error: Unknown target "-1003805082954" for telegram.

2026-03-21T16:21:34.397Z ALERT: annDP=16.97% xrp-all-time-high-by-june-30-2026
2026-03-21T16:21:36.073Z SEND ERROR: Command failed: /home/dima/.nvm/versions/node/v22.22.0/bin/openclaw --dev message send --channel telegram --target -1003805082954 --silent -m 📊 Searcher Alert (annDP=16.97%):
```
Combination #153 (pivot: +4.72%, default: +4.72% (+16.97%Y))
LEN: 97d (DIV: -5d), MP: +108.9%, AP: +154.9%, PTCP: 80%
Bet token: 9204103845295998574174644655568224547826780478747010463640756803659982305491
Bet slug: xrp-all-time-high-by-june-30-2026
Bet price level: 3.6607
Bet outcome: NO
Bet kind: price_reach
Bet expiration: 2026-07-01 05:00:00+00:00
Option symbol: XRP_USDC-26JUN26-3-C
Option/Bet/Total invest: 12.43 / 617.45 / 629.88
Spread(Option/Bet/Total): $5.36(43.13%) / $31.02(5.02%) / $36.38(5.78%)
```
Error: Unknown target "-1003805082954" for telegram.

2026-03-21T16:23:34.809Z ALERT: annDP=16.97% xrp-all-time-high-by-june-30-2026
2026-03-21T16:23:36.484Z SEND ERROR: Command failed: /home/dima/.nvm/versions/node/v22.22.0/bin/openclaw --dev message send --channel telegram --target -1003805082954 --silent -m 📊 Searcher Alert (annDP=16.97%):
```
Combination #152 (pivot: +4.72%, default: +4.72% (+16.97%Y))
LEN: 97d (DIV: -5d), MP: +108.8%, AP: +154.8%, PTCP: 80%
Bet token: 9204103845295998574174644655568224547826780478747010463640756803659982305491
Bet slug: xrp-all-time-high-by-june-30-2026
Bet price level: 3.6607
Bet outcome: NO
Bet kind: price_reach
Bet expiration: 2026-07-01 05:00:00+00:00
Option symbol: XRP_USDC-26JUN26-3-C
Option/Bet/Total invest: 12.43 / 617.45 / 629.88
Spread(Option/Bet/Total): $5.36(43.13%) / $31.02(5.02%) / $36.38(5.78%)
```
Error: Unknown target "-1003805082954" for telegram.

2026-03-21T16:25:34.521Z ALERT: annDP=16.97% xrp-all-time-high-by-june-30-2026
2026-03-21T16:25:36.207Z SEND ERROR: Command failed: /home/dima/.nvm/versions/node/v22.22.0/bin/openclaw --dev message send --channel telegram --target -1003805082954 --silent -m 📊 Searcher Alert (annDP=16.97%):
```
Combination #153 (pivot: +4.72%, default: +4.72% (+16.97%Y))
LEN: 97d (DIV: -5d), MP: +108.8%, AP: +154.8%, PTCP: 80%
Bet token: 9204103845295998574174644655568224547826780478747010463640756803659982305491
Bet slug: xrp-all-time-high-by-june-30-2026
Bet price level: 3.6607
Bet outcome: NO
Bet kind: price_reach
Bet expiration: 2026-07-01 05:00:00+00:00
Option symbol: XRP_USDC-26JUN26-3-C
Option/Bet/Total invest: 12.43 / 617.45 / 629.88
Spread(Option/Bet/Total): $5.36(43.13%) / $31.02(5.02%) / $36.38(5.78%)
```
Error: Unknown target "-1003805082954" for telegram.

2026-03-21T16:27:34.400Z ALERT: annDP=16.97% xrp-all-time-high-by-june-30-2026
2026-03-21T16:27:36.067Z SEND ERROR: Command failed: /home/dima/.nvm/versions/node/v22.22.0/bin/openclaw --dev message send --channel telegram --target -1003805082954 --silent -m 📊 Searcher Alert (annDP=16.97%):
```
Combination #153 (pivot: +4.72%, default: +4.72% (+16.97%Y))
LEN: 97d (DIV: -5d), MP: +108.8%, AP: +154.8%, PTCP: 80%
Bet token: 9204103845295998574174644655568224547826780478747010463640756803659982305491
Bet slug: xrp-all-time-high-by-june-30-2026
Bet price level: 3.6607
Bet outcome: NO
Bet kind: price_reach
Bet expiration: 2026-07-01 05:00:00+00:00
Option symbol: XRP_USDC-26JUN26-3-C
Option/Bet/Total invest: 12.43 / 617.45 / 629.88
Spread(Option/Bet/Total): $5.36(43.13%) / $31.02(5.02%) / $36.38(5.78%)
```
Error: Unknown target "-1003805082954" for telegram.

2026-03-21T16:29:34.760Z ALERT: annDP=16.97% xrp-all-time-high-by-june-30-2026
2026-03-21T16:29:36.441Z SEND ERROR: Command failed: /home/dima/.nvm/versions/node/v22.22.0/bin/openclaw --dev message send --channel telegram --target -1003805082954 --silent -m 📊 Searcher Alert (annDP=16.97%):
```
Combination #153 (pivot: +4.72%, default: +4.72% (+16.97%Y))
LEN: 97d (DIV: -5d), MP: +108.8%, AP: +154.8%, PTCP: 80%
Bet token: 9204103845295998574174644655568224547826780478747010463640756803659982305491
Bet slug: xrp-all-time-high-by-june-30-2026
Bet price level: 3.6607
Bet outcome: NO
Bet kind: price_reach
Bet expiration: 2026-07-01 05:00:00+00:00
Option symbol: XRP_USDC-26JUN26-3-C
Option/Bet/Total invest: 12.43 / 617.45 / 629.88
Spread(Option/Bet/Total): $5.36(43.13%) / $31.02(5.02%) / $36.38(5.78%)
```
Error: Unknown target "-1003805082954" for telegram.

2026-03-21T16:31:34.289Z ALERT: annDP=16.97% xrp-all-time-high-by-june-30-2026
2026-03-21T16:31:35.977Z SEND ERROR: Command failed: /home/dima/.nvm/versions/node/v22.22.0/bin/openclaw --dev message send --channel telegram --target -1003805082954 --silent -m 📊 Searcher Alert (annDP=16.97%):
```
Combination #153 (pivot: +4.72%, default: +4.72% (+16.97%Y))
LEN: 97d (DIV: -5d), MP: +108.9%, AP: +154.9%, PTCP: 80%
Bet token: 9204103845295998574174644655568224547826780478747010463640756803659982305491
Bet slug: xrp-all-time-high-by-june-30-2026
Bet price level: 3.6607
Bet outcome: NO
Bet kind: price_reach
Bet expiration: 2026-07-01 05:00:00+00:00
Option symbol: XRP_USDC-26JUN26-3-C
Option/Bet/Total invest: 12.43 / 617.45 / 629.88
Spread(Option/Bet/Total): $5.36(43.13%) / $31.02(5.02%) / $36.38(5.78%)
```
Error: Unknown target "-1003805082954" for telegram.

2026-03-21T16:33:34.284Z ALERT: annDP=16.97% xrp-all-time-high-by-june-30-2026
2026-03-21T16:33:35.969Z SEND ERROR: Command failed: /home/dima/.nvm/versions/node/v22.22.0/bin/openclaw --dev message send --channel telegram --target -1003805082954 --silent -m 📊 Searcher Alert (annDP=16.97%):
```
Combination #153 (pivot: +4.72%, default: +4.72% (+16.97%Y))
LEN: 97d (DIV: -5d), MP: +108.9%, AP: +154.9%, PTCP: 80%
Bet token: 9204103845295998574174644655568224547826780478747010463640756803659982305491
Bet slug: xrp-all-time-high-by-june-30-2026
Bet price level: 3.6607
Bet outcome: NO
Bet kind: price_reach
Bet expiration: 2026-07-01 05:00:00+00:00
Option symbol: XRP_USDC-26JUN26-3-C
Option/Bet/Total invest: 12.43 / 617.45 / 629.88
Spread(Option/Bet/Total): $5.36(43.13%) / $31.02(5.02%) / $36.38(5.78%)
```
Error: Unknown target "-1003805082954" for telegram.

2026-03-21T16:35:34.197Z ALERT: annDP=16.97% xrp-all-time-high-by-june-30-2026
2026-03-21T16:35:35.873Z SEND ERROR: Command failed: /home/dima/.nvm/versions/node/v22.22.0/bin/openclaw --dev message send --channel telegram --target -1003805082954 --silent -m 📊 Searcher Alert (annDP=16.97%):
```
Combination #153 (pivot: +4.72%, default: +4.72% (+16.97%Y))
LEN: 97d (DIV: -5d), MP: +108.9%, AP: +155.0%, PTCP: 80%
Bet token: 9204103845295998574174644655568224547826780478747010463640756803659982305491
Bet slug: xrp-all-time-high-by-june-30-2026
Bet price level: 3.6607
Bet outcome: NO
Bet kind: price_reach
Bet expiration: 2026-07-01 05:00:00+00:00
Option symbol: XRP_USDC-26JUN26-3-C
Option/Bet/Total invest: 12.43 / 617.45 / 629.88
Spread(Option/Bet/Total): $5.36(43.13%) / $31.02(5.02%) / $36.38(5.78%)
```
Error: Unknown target "-1003805082954" for telegram.

2026-03-21T16:37:34.491Z ALERT: annDP=16.97% xrp-all-time-high-by-june-30-2026
2026-03-21T16:37:36.173Z SEND ERROR: Command failed: /home/dima/.nvm/versions/node/v22.22.0/bin/openclaw --dev message send --channel telegram --target -1003805082954 --silent -m 📊 Searcher Alert (annDP=16.97%):
```
Combination #153 (pivot: +4.72%, default: +4.72% (+16.97%Y))
LEN: 97d (DIV: -5d), MP: +109.0%, AP: +155.0%, PTCP: 80%
Bet token: 9204103845295998574174644655568224547826780478747010463640756803659982305491
Bet slug: xrp-all-time-high-by-june-30-2026
Bet price level: 3.6607
Bet outcome: NO
Bet kind: price_reach
Bet expiration: 2026-07-01 05:00:00+00:00
Option symbol: XRP_USDC-26JUN26-3-C
Option/Bet/Total invest: 12.43 / 617.45 / 629.88
Spread(Option/Bet/Total): $5.36(43.13%) / $31.02(5.02%) / $36.38(5.78%)
```
Error: Unknown target "-1003805082954" for telegram.

2026-03-21T16:39:34.519Z ALERT: annDP=16.97% xrp-all-time-high-by-june-30-2026
2026-03-21T16:39:36.217Z SEND ERROR: Command failed: /home/dima/.nvm/versions/node/v22.22.0/bin/openclaw --dev message send --channel telegram --target -1003805082954 --silent -m 📊 Searcher Alert (annDP=16.97%):
```
Combination #153 (pivot: +4.72%, default: +4.72% (+16.97%Y))
LEN: 97d (DIV: -5d), MP: +108.9%, AP: +154.9%, PTCP: 80%
Bet token: 9204103845295998574174644655568224547826780478747010463640756803659982305491
Bet slug: xrp-all-time-high-by-june-30-2026
Bet price level: 3.6607
Bet outcome: NO
Bet kind: price_reach
Bet expiration: 2026-07-01 05:00:00+00:00
Option symbol: XRP_USDC-26JUN26-3-C
Option/Bet/Total invest: 12.43 / 617.45 / 629.88
Spread(Option/Bet/Total): $5.36(43.13%) / $31.02(5.02%) / $36.38(5.78%)
```
Error: Unknown target "-1003805082954" for telegram.

2026-03-21T16:41:35.381Z ALERT: annDP=16.35% xrp-all-time-high-by-june-30-2026
2026-03-21T16:41:37.062Z SEND ERROR: Command failed: /home/dima/.nvm/versions/node/v22.22.0/bin/openclaw --dev message send --channel telegram --target -1003805082954 --silent -m 📊 Searcher Alert (annDP=16.35%):
```
Combination #153 (pivot: +4.55%, default: +4.55% (+16.35%Y))
LEN: 97d (DIV: -5d), MP: +109.1%, AP: +155.1%, PTCP: 80%
Bet token: 9204103845295998574174644655568224547826780478747010463640756803659982305491
Bet slug: xrp-all-time-high-by-june-30-2026
Bet price level: 3.6607
Bet outcome: NO
Bet kind: price_reach
Bet expiration: 2026-07-01 05:00:00+00:00
Option symbol: XRP_USDC-26JUN26-3-C
Option/Bet/Total invest: 12.43 / 618.49 / 630.92
Spread(Option/Bet/Total): $5.36(43.13%) / $32.06(5.18%) / $37.42(5.93%)
```
Error: Unknown target "-1003805082954" for telegram.

2026-03-21T16:43:33.643Z ALERT: annDP=16.97% xrp-all-time-high-by-june-30-2026
2026-03-21T16:43:35.315Z SEND ERROR: Command failed: /home/dima/.nvm/versions/node/v22.22.0/bin/openclaw --dev message send --channel telegram --target -1003805082954 --silent -m 📊 Searcher Alert (annDP=16.97%):
```
Combination #153 (pivot: +4.72%, default: +4.72% (+16.97%Y))
LEN: 97d (DIV: -5d), MP: +109.0%, AP: +155.0%, PTCP: 80%
Bet token: 9204103845295998574174644655568224547826780478747010463640756803659982305491
Bet slug: xrp-all-time-high-by-june-30-2026
Bet price level: 3.6607
Bet outcome: NO
Bet kind: price_reach
Bet expiration: 2026-07-01 05:00:00+00:00
Option symbol: XRP_USDC-26JUN26-3-C
Option/Bet/Total invest: 12.43 / 617.45 / 629.88
Spread(Option/Bet/Total): $5.36(43.13%) / $31.02(5.02%) / $36.38(5.78%)
```
Error: Unknown target "-1003805082954" for telegram.

2026-03-21T16:45:34.539Z ALERT: annDP=16.97% xrp-all-time-high-by-june-30-2026
2026-03-21T16:45:36.239Z SEND ERROR: Command failed: /home/dima/.nvm/versions/node/v22.22.0/bin/openclaw --dev message send --channel telegram --target -1003805082954 --silent -m 📊 Searcher Alert (annDP=16.97%):
```
Combination #153 (pivot: +4.72%, default: +4.72% (+16.97%Y))
LEN: 97d (DIV: -5d), MP: +108.9%, AP: +154.9%, PTCP: 80%
Bet token: 9204103845295998574174644655568224547826780478747010463640756803659982305491
Bet slug: xrp-all-time-high-by-june-30-2026
Bet price level: 3.6607
Bet outcome: NO
Bet kind: price_reach
Bet expiration: 2026-07-01 05:00:00+00:00
Option symbol: XRP_USDC-26JUN26-3-C
Option/Bet/Total invest: 12.43 / 617.45 / 629.88
Spread(Option/Bet/Total): $5.36(43.13%) / $31.02(5.02%) / $36.38(5.78%)
```
Error: Unknown target "-1003805082954" for telegram.

2026-03-21T16:47:34.399Z ALERT: annDP=16.97% xrp-all-time-high-by-june-30-2026
2026-03-21T16:47:36.081Z SEND ERROR: Command failed: /home/dima/.nvm/versions/node/v22.22.0/bin/openclaw --dev message send --channel telegram --target -1003805082954 --silent -m 📊 Searcher Alert (annDP=16.97%):
```
Combination #151 (pivot: +4.72%, default: +4.72% (+16.97%Y))
LEN: 97d (DIV: -5d), MP: +108.9%, AP: +154.9%, PTCP: 80%
Bet token: 9204103845295998574174644655568224547826780478747010463640756803659982305491
Bet slug: xrp-all-time-high-by-june-30-2026
Bet price level: 3.6607
Bet outcome: NO
Bet kind: price_reach
Bet expiration: 2026-07-01 05:00:00+00:00
Option symbol: XRP_USDC-26JUN26-3-C
Option/Bet/Total invest: 12.43 / 617.45 / 629.88
Spread(Option/Bet/Total): $5.36(43.13%) / $31.02(5.02%) / $36.38(5.78%)
```
Error: Unknown target "-1003805082954" for telegram.

2026-03-21T16:49:34.413Z ALERT: annDP=16.97% xrp-all-time-high-by-june-30-2026
2026-03-21T16:49:36.080Z SEND ERROR: Command failed: /home/dima/.nvm/versions/node/v22.22.0/bin/openclaw --dev message send --channel telegram --target -1003805082954 --silent -m 📊 Searcher Alert (annDP=16.97%):
```
Combination #153 (pivot: +4.72%, default: +4.72% (+16.97%Y))
LEN: 97d (DIV: -5d), MP: +108.8%, AP: +154.8%, PTCP: 80%
Bet token: 9204103845295998574174644655568224547826780478747010463640756803659982305491
Bet slug: xrp-all-time-high-by-june-30-2026
Bet price level: 3.6607
Bet outcome: NO
Bet kind: price_reach
Bet expiration: 2026-07-01 05:00:00+00:00
Option symbol: XRP_USDC-26JUN26-3-C
Option/Bet/Total invest: 12.43 / 617.45 / 629.88
Spread(Option/Bet/Total): $5.36(43.13%) / $31.02(5.02%) / $36.38(5.78%)
```
Error: Unknown target "-1003805082954" for telegram.

2026-03-21T16:51:34.874Z ALERT: annDP=16.97% xrp-all-time-high-by-june-30-2026
2026-03-21T16:51:36.557Z SEND ERROR: Command failed: /home/dima/.nvm/versions/node/v22.22.0/bin/openclaw --dev message send --channel telegram --target -1003805082954 --silent -m 📊 Searcher Alert (annDP=16.97%):
```
Combination #153 (pivot: +4.72%, default: +4.72% (+16.97%Y))
LEN: 97d (DIV: -5d), MP: +108.8%, AP: +154.8%, PTCP: 80%
Bet token: 9204103845295998574174644655568224547826780478747010463640756803659982305491
Bet slug: xrp-all-time-high-by-june-30-2026
Bet price level: 3.6607
Bet outcome: NO
Bet kind: price_reach
Bet expiration: 2026-07-01 05:00:00+00:00
Option symbol: XRP_USDC-26JUN26-3-C
Option/Bet/Total invest: 12.43 / 617.45 / 629.88
Spread(Option/Bet/Total): $5.36(43.13%) / $31.02(5.02%) / $36.38(5.78%)
```
Error: Unknown target "-1003805082954" for telegram.

2026-03-21T16:53:34.286Z ALERT: annDP=16.97% xrp-all-time-high-by-june-30-2026
2026-03-21T16:53:35.964Z SEND ERROR: Command failed: /home/dima/.nvm/versions/node/v22.22.0/bin/openclaw --dev message send --channel telegram --target -1003805082954 --silent -m 📊 Searcher Alert (annDP=16.97%):
```
Combination #153 (pivot: +4.72%, default: +4.72% (+16.97%Y))
LEN: 97d (DIV: -5d), MP: +108.8%, AP: +154.8%, PTCP: 80%
Bet token: 9204103845295998574174644655568224547826780478747010463640756803659982305491
Bet slug: xrp-all-time-high-by-june-30-2026
Bet price level: 3.6607
Bet outcome: NO
Bet kind: price_reach
Bet expiration: 2026-07-01 05:00:00+00:00
Option symbol: XRP_USDC-26JUN26-3-C
Option/Bet/Total invest: 12.43 / 617.45 / 629.88
Spread(Option/Bet/Total): $5.36(43.13%) / $31.02(5.02%) / $36.38(5.78%)
```
Error: Unknown target "-1003805082954" for telegram.

2026-03-21T16:55:34.815Z ALERT: annDP=16.97% xrp-all-time-high-by-june-30-2026
2026-03-21T16:55:36.501Z SEND ERROR: Command failed: /home/dima/.nvm/versions/node/v22.22.0/bin/openclaw --dev message send --channel telegram --target -1003805082954 --silent -m 📊 Searcher Alert (annDP=16.97%):
```
Combination #153 (pivot: +4.72%, default: +4.72% (+16.97%Y))
LEN: 97d (DIV: -5d), MP: +108.8%, AP: +154.8%, PTCP: 80%
Bet token: 9204103845295998574174644655568224547826780478747010463640756803659982305491
Bet slug: xrp-all-time-high-by-june-30-2026
Bet price level: 3.6607
Bet outcome: NO
Bet kind: price_reach
Bet expiration: 2026-07-01 05:00:00+00:00
Option symbol: XRP_USDC-26JUN26-3-C
Option/Bet/Total invest: 12.43 / 617.45 / 629.88
Spread(Option/Bet/Total): $5.36(43.13%) / $31.02(5.02%) / $36.38(5.78%)
```
Error: Unknown target "-1003805082954" for telegram.

2026-03-21T16:57:35.526Z ALERT: annDP=16.97% xrp-all-time-high-by-june-30-2026
2026-03-21T16:57:37.203Z SEND ERROR: Command failed: /home/dima/.nvm/versions/node/v22.22.0/bin/openclaw --dev message send --channel telegram --target -1003805082954 --silent -m 📊 Searcher Alert (annDP=16.97%):
```
Combination #153 (pivot: +4.72%, default: +4.72% (+16.97%Y))
LEN: 97d (DIV: -5d), MP: +108.8%, AP: +154.8%, PTCP: 80%
Bet token: 9204103845295998574174644655568224547826780478747010463640756803659982305491
Bet slug: xrp-all-time-high-by-june-30-2026
Bet price level: 3.6607
Bet outcome: NO
Bet kind: price_reach
Bet expiration: 2026-07-01 05:00:00+00:00
Option symbol: XRP_USDC-26JUN26-3-C
Option/Bet/Total invest: 12.43 / 617.45 / 629.88
Spread(Option/Bet/Total): $5.36(43.13%) / $31.02(5.02%) / $36.38(5.78%)
```
Error: Unknown target "-1003805082954" for telegram.

2026-03-21T16:59:34.673Z ALERT: annDP=16.97% xrp-all-time-high-by-june-30-2026
2026-03-21T16:59:36.357Z SEND ERROR: Command failed: /home/dima/.nvm/versions/node/v22.22.0/bin/openclaw --dev message send --channel telegram --target -1003805082954 --silent -m 📊 Searcher Alert (annDP=16.97%):
```
Combination #153 (pivot: +4.72%, default: +4.72% (+16.97%Y))
LEN: 97d (DIV: -5d), MP: +108.8%, AP: +154.8%, PTCP: 80%
Bet token: 9204103845295998574174644655568224547826780478747010463640756803659982305491
Bet slug: xrp-all-time-high-by-june-30-2026
Bet price level: 3.6607
Bet outcome: NO
Bet kind: price_reach
Bet expiration: 2026-07-01 05:00:00+00:00
Option symbol: XRP_USDC-26JUN26-3-C
Option/Bet/Total invest: 12.43 / 617.45 / 629.88
Spread(Option/Bet/Total): $5.36(43.13%) / $31.02(5.02%) / $36.38(5.78%)
```
Error: Unknown target "-1003805082954" for telegram.

2026-03-21T17:01:34.184Z ALERT: annDP=16.97% xrp-all-time-high-by-june-30-2026
2026-03-21T17:01:35.868Z SEND ERROR: Command failed: /home/dima/.nvm/versions/node/v22.22.0/bin/openclaw --dev message send --channel telegram --target -1003805082954 --silent -m 📊 Searcher Alert (annDP=16.97%):
```
Combination #153 (pivot: +4.72%, default: +4.72% (+16.97%Y))
LEN: 97d (DIV: -5d), MP: +108.7%, AP: +154.7%, PTCP: 80%
Bet token: 9204103845295998574174644655568224547826780478747010463640756803659982305491
Bet slug: xrp-all-time-high-by-june-30-2026
Bet price level: 3.6607
Bet outcome: NO
Bet kind: price_reach
Bet expiration: 2026-07-01 05:00:00+00:00
Option symbol: XRP_USDC-26JUN26-3-C
Option/Bet/Total invest: 12.43 / 617.45 / 629.88
Spread(Option/Bet/Total): $5.36(43.14%) / $31.02(5.02%) / $36.38(5.78%)
```
Error: Unknown target "-1003805082954" for telegram.

2026-03-21T17:03:35.396Z ALERT: annDP=16.97% xrp-all-time-high-by-june-30-2026
2026-03-21T17:03:37.092Z SEND ERROR: Command failed: /home/dima/.nvm/versions/node/v22.22.0/bin/openclaw --dev message send --channel telegram --target -1003805082954 --silent -m 📊 Searcher Alert (annDP=16.97%):
```
Combination #152 (pivot: +4.72%, default: +4.72% (+16.97%Y))
LEN: 97d (DIV: -5d), MP: +108.7%, AP: +154.7%, PTCP: 80%
Bet token: 9204103845295998574174644655568224547826780478747010463640756803659982305491
Bet slug: xrp-all-time-high-by-june-30-2026
Bet price level: 3.6607
Bet outcome: NO
Bet kind: price_reach
Bet expiration: 2026-07-01 05:00:00+00:00
Option symbol: XRP_USDC-26JUN26-3-C
Option/Bet/Total invest: 12.43 / 617.45 / 629.88
Spread(Option/Bet/Total): $5.36(43.14%) / $31.02(5.02%) / $36.38(5.78%)
```
Error: Unknown target "-1003805082954" for telegram.

2026-03-21T17:05:34.939Z ALERT: annDP=16.97% xrp-all-time-high-by-june-30-2026
2026-03-21T17:05:36.609Z SEND ERROR: Command failed: /home/dima/.nvm/versions/node/v22.22.0/bin/openclaw --dev message send --channel telegram --target -1003805082954 --silent -m 📊 Searcher Alert (annDP=16.97%):
```
Combination #152 (pivot: +4.72%, default: +4.72% (+16.97%Y))
LEN: 97d (DIV: -5d), MP: +108.7%, AP: +154.6%, PTCP: 80%
Bet token: 9204103845295998574174644655568224547826780478747010463640756803659982305491
Bet slug: xrp-all-time-high-by-june-30-2026
Bet price level: 3.6607
Bet outcome: NO
Bet kind: price_reach
Bet expiration: 2026-07-01 05:00:00+00:00
Option symbol: XRP_USDC-26JUN26-3-C
Option/Bet/Total invest: 12.43 / 617.45 / 629.88
Spread(Option/Bet/Total): $5.36(43.14%) / $31.02(5.02%) / $36.38(5.78%)
```
Error: Unknown target "-1003805082954" for telegram.

2026-03-21T17:07:34.582Z ALERT: annDP=16.97% xrp-all-time-high-by-june-30-2026
2026-03-21T17:07:36.254Z SEND ERROR: Command failed: /home/dima/.nvm/versions/node/v22.22.0/bin/openclaw --dev message send --channel telegram --target -1003805082954 --silent -m 📊 Searcher Alert (annDP=16.97%):
```
Combination #153 (pivot: +4.72%, default: +4.72% (+16.97%Y))
LEN: 97d (DIV: -5d), MP: +108.7%, AP: +154.7%, PTCP: 80%
Bet token: 9204103845295998574174644655568224547826780478747010463640756803659982305491
Bet slug: xrp-all-time-high-by-june-30-2026
Bet price level: 3.6607
Bet outcome: NO
Bet kind: price_reach
Bet expiration: 2026-07-01 05:00:00+00:00
Option symbol: XRP_USDC-26JUN26-3-C
Option/Bet/Total invest: 12.43 / 617.45 / 629.88
Spread(Option/Bet/Total): $5.36(43.14%) / $31.02(5.02%) / $36.38(5.78%)
```
Error: Unknown target "-1003805082954" for telegram.

2026-03-21T17:09:33.815Z ALERT: annDP=16.97% xrp-all-time-high-by-june-30-2026
2026-03-21T17:09:35.485Z SEND ERROR: Command failed: /home/dima/.nvm/versions/node/v22.22.0/bin/openclaw --dev message send --channel telegram --target -1003805082954 --silent -m 📊 Searcher Alert (annDP=16.97%):
```
Combination #153 (pivot: +4.72%, default: +4.72% (+16.97%Y))
LEN: 97d (DIV: -5d), MP: +108.9%, AP: +154.9%, PTCP: 80%
Bet token: 9204103845295998574174644655568224547826780478747010463640756803659982305491
Bet slug: xrp-all-time-high-by-june-30-2026
Bet price level: 3.6607
Bet outcome: NO
Bet kind: price_reach
Bet expiration: 2026-07-01 05:00:00+00:00
Option symbol: XRP_USDC-26JUN26-3-C
Option/Bet/Total invest: 12.43 / 617.45 / 629.88
Spread(Option/Bet/Total): $5.36(43.13%) / $31.02(5.02%) / $36.38(5.78%)
```
Error: Unknown target "-1003805082954" for telegram.

2026-03-21T17:11:33.877Z ALERT: annDP=16.97% xrp-all-time-high-by-june-30-2026
2026-03-21T17:11:35.558Z SEND ERROR: Command failed: /home/dima/.nvm/versions/node/v22.22.0/bin/openclaw --dev message send --channel telegram --target -1003805082954 --silent -m 📊 Searcher Alert (annDP=16.97%):
```
Combination #153 (pivot: +4.72%, default: +4.72% (+16.97%Y))
LEN: 97d (DIV: -5d), MP: +109.0%, AP: +155.1%, PTCP: 80%
Bet token: 9204103845295998574174644655568224547826780478747010463640756803659982305491
Bet slug: xrp-all-time-high-by-june-30-2026
Bet price level: 3.6607
Bet outcome: NO
Bet kind: price_reach
Bet expiration: 2026-07-01 05:00:00+00:00
Option symbol: XRP_USDC-26JUN26-3-C
Option/Bet/Total invest: 12.43 / 617.45 / 629.88
Spread(Option/Bet/Total): $5.36(43.13%) / $31.02(5.02%) / $36.38(5.78%)
```
Error: Unknown target "-1003805082954" for telegram.

2026-03-21T17:13:35.204Z ALERT: annDP=16.97% xrp-all-time-high-by-june-30-2026
2026-03-21T17:13:36.905Z SEND ERROR: Command failed: /home/dima/.nvm/versions/node/v22.22.0/bin/openclaw --dev message send --channel telegram --target -1003805082954 --silent -m 📊 Searcher Alert (annDP=16.97%):
```
Combination #152 (pivot: +4.72%, default: +4.72% (+16.97%Y))
LEN: 97d (DIV: -5d), MP: +109.1%, AP: +155.1%, PTCP: 80%
Bet token: 9204103845295998574174644655568224547826780478747010463640756803659982305491
Bet slug: xrp-all-time-high-by-june-30-2026
Bet price level: 3.6607
Bet outcome: NO
Bet kind: price_reach
Bet expiration: 2026-07-01 05:00:00+00:00
Option symbol: XRP_USDC-26JUN26-3-C
Option/Bet/Total invest: 12.43 / 617.45 / 629.88
Spread(Option/Bet/Total): $5.36(43.13%) / $31.02(5.02%) / $36.38(5.78%)
```
Error: Unknown target "-1003805082954" for telegram.

2026-03-21T17:15:34.417Z ALERT: annDP=16.97% xrp-all-time-high-by-june-30-2026
2026-03-21T17:15:36.090Z SEND ERROR: Command failed: /home/dima/.nvm/versions/node/v22.22.0/bin/openclaw --dev message send --channel telegram --target -1003805082954 --silent -m 📊 Searcher Alert (annDP=16.97%):
```
Combination #153 (pivot: +4.72%, default: +4.72% (+16.97%Y))
LEN: 97d (DIV: -5d), MP: +109.1%, AP: +155.2%, PTCP: 80%
Bet token: 9204103845295998574174644655568224547826780478747010463640756803659982305491
Bet slug: xrp-all-time-high-by-june-30-2026
Bet price level: 3.6607
Bet outcome: NO
Bet kind: price_reach
Bet expiration: 2026-07-01 05:00:00+00:00
Option symbol: XRP_USDC-26JUN26-3-C
Option/Bet/Total invest: 12.43 / 617.45 / 629.88
Spread(Option/Bet/Total): $5.36(43.13%) / $31.02(5.02%) / $36.38(5.78%)
```
Error: Unknown target "-1003805082954" for telegram.

2026-03-21T17:17:34.863Z ALERT: annDP=16.97% xrp-all-time-high-by-june-30-2026
2026-03-21T17:17:36.524Z SEND ERROR: Command failed: /home/dima/.nvm/versions/node/v22.22.0/bin/openclaw --dev message send --channel telegram --target -1003805082954 --silent -m 📊 Searcher Alert (annDP=16.97%):
```
Combination #153 (pivot: +4.72%, default: +4.72% (+16.97%Y))
LEN: 97d (DIV: -5d), MP: +109.1%, AP: +155.1%, PTCP: 80%
Bet token: 9204103845295998574174644655568224547826780478747010463640756803659982305491
Bet slug: xrp-all-time-high-by-june-30-2026
Bet price level: 3.6607
Bet outcome: NO
Bet kind: price_reach
Bet expiration: 2026-07-01 05:00:00+00:00
Option symbol: XRP_USDC-26JUN26-3-C
Option/Bet/Total invest: 12.43 / 617.45 / 629.88
Spread(Option/Bet/Total): $5.36(43.13%) / $31.02(5.02%) / $36.38(5.78%)
```
Error: Unknown target "-1003805082954" for telegram.

2026-03-21T17:19:34.809Z ALERT: annDP=16.97% xrp-all-time-high-by-june-30-2026
2026-03-21T17:19:36.481Z SEND ERROR: Command failed: /home/dima/.nvm/versions/node/v22.22.0/bin/openclaw --dev message send --channel telegram --target -1003805082954 --silent -m 📊 Searcher Alert (annDP=16.97%):
```
Combination #153 (pivot: +4.72%, default: +4.72% (+16.97%Y))
LEN: 97d (DIV: -5d), MP: +109.1%, AP: +155.1%, PTCP: 80%
Bet token: 9204103845295998574174644655568224547826780478747010463640756803659982305491
Bet slug: xrp-all-time-high-by-june-30-2026
Bet price level: 3.6607
Bet outcome: NO
Bet kind: price_reach
Bet expiration: 2026-07-01 05:00:00+00:00
Option symbol: XRP_USDC-26JUN26-3-C
Option/Bet/Total invest: 12.43 / 617.45 / 629.88
Spread(Option/Bet/Total): $5.36(43.13%) / $31.02(5.02%) / $36.38(5.78%)
```
Error: Unknown target "-1003805082954" for telegram.

2026-03-21T17:21:35.336Z ALERT: annDP=16.97% xrp-all-time-high-by-june-30-2026
2026-03-21T17:21:37.019Z SEND ERROR: Command failed: /home/dima/.nvm/versions/node/v22.22.0/bin/openclaw --dev message send --channel telegram --target -1003805082954 --silent -m 📊 Searcher Alert (annDP=16.97%):
```
Combination #153 (pivot: +4.72%, default: +4.72% (+16.97%Y))
LEN: 97d (DIV: -5d), MP: +109.1%, AP: +155.2%, PTCP: 80%
Bet token: 9204103845295998574174644655568224547826780478747010463640756803659982305491
Bet slug: xrp-all-time-high-by-june-30-2026
Bet price level: 3.6607
Bet outcome: NO
Bet kind: price_reach
Bet expiration: 2026-07-01 05:00:00+00:00
Option symbol: XRP_USDC-26JUN26-3-C
Option/Bet/Total invest: 12.43 / 617.45 / 629.88
Spread(Option/Bet/Total): $5.36(43.13%) / $31.02(5.02%) / $36.38(5.78%)
```
Error: Unknown target "-1003805082954" for telegram.

2026-03-21T17:23:33.965Z ALERT: annDP=16.97% xrp-all-time-high-by-june-30-2026
2026-03-21T17:23:35.643Z SEND ERROR: Command failed: /home/dima/.nvm/versions/node/v22.22.0/bin/openclaw --dev message send --channel telegram --target -1003805082954 --silent -m 📊 Searcher Alert (annDP=16.97%):
```
Combination #153 (pivot: +4.72%, default: +4.72% (+16.97%Y))
LEN: 97d (DIV: -5d), MP: +109.0%, AP: +155.0%, PTCP: 80%
Bet token: 9204103845295998574174644655568224547826780478747010463640756803659982305491
Bet slug: xrp-all-time-high-by-june-30-2026
Bet price level: 3.6607
Bet outcome: NO
Bet kind: price_reach
Bet expiration: 2026-07-01 05:00:00+00:00
Option symbol: XRP_USDC-26JUN26-3-C
Option/Bet/Total invest: 12.43 / 617.45 / 629.88
Spread(Option/Bet/Total): $5.36(43.13%) / $31.02(5.02%) / $36.38(5.78%)
```
Error: Unknown target "-1003805082954" for telegram.

2026-03-21T17:25:35.075Z ALERT: annDP=16.97% xrp-all-time-high-by-june-30-2026
2026-03-21T17:25:36.755Z SEND ERROR: Command failed: /home/dima/.nvm/versions/node/v22.22.0/bin/openclaw --dev message send --channel telegram --target -1003805082954 --silent -m 📊 Searcher Alert (annDP=16.97%):
```
Combination #153 (pivot: +4.72%, default: +4.72% (+16.97%Y))
LEN: 97d (DIV: -5d), MP: +109.0%, AP: +155.1%, PTCP: 80%
Bet token: 9204103845295998574174644655568224547826780478747010463640756803659982305491
Bet slug: xrp-all-time-high-by-june-30-2026
Bet price level: 3.6607
Bet outcome: NO
Bet kind: price_reach
Bet expiration: 2026-07-01 05:00:00+00:00
Option symbol: XRP_USDC-26JUN26-3-C
Option/Bet/Total invest: 12.43 / 617.45 / 629.88
Spread(Option/Bet/Total): $5.36(43.13%) / $31.02(5.02%) / $36.38(5.78%)
```
Error: Unknown target "-1003805082954" for telegram.

2026-03-21T17:27:34.038Z ALERT: annDP=16.97% xrp-all-time-high-by-june-30-2026
2026-03-21T17:27:35.713Z SEND ERROR: Command failed: /home/dima/.nvm/versions/node/v22.22.0/bin/openclaw --dev message send --channel telegram --target -1003805082954 --silent -m 📊 Searcher Alert (annDP=16.97%):
```
Combination #153 (pivot: +4.72%, default: +4.72% (+16.97%Y))
LEN: 97d (DIV: -5d), MP: +109.0%, AP: +155.0%, PTCP: 80%
Bet token: 9204103845295998574174644655568224547826780478747010463640756803659982305491
Bet slug: xrp-all-time-high-by-june-30-2026
Bet price level: 3.6607
Bet outcome: NO
Bet kind: price_reach
Bet expiration: 2026-07-01 05:00:00+00:00
Option symbol: XRP_USDC-26JUN26-3-C
Option/Bet/Total invest: 12.43 / 617.45 / 629.88
Spread(Option/Bet/Total): $5.36(43.13%) / $31.02(5.02%) / $36.38(5.78%)
```
Error: Unknown target "-1003805082954" for telegram.

2026-03-21T17:29:33.750Z ALERT: annDP=16.97% xrp-all-time-high-by-june-30-2026
2026-03-21T17:29:35.423Z SEND ERROR: Command failed: /home/dima/.nvm/versions/node/v22.22.0/bin/openclaw --dev message send --channel telegram --target -1003805082954 --silent -m 📊 Searcher Alert (annDP=16.97%):
```
Combination #152 (pivot: +4.72%, default: +4.72% (+16.97%Y))
LEN: 97d (DIV: -5d), MP: +108.7%, AP: +154.6%, PTCP: 80%
Bet token: 9204103845295998574174644655568224547826780478747010463640756803659982305491
Bet slug: xrp-all-time-high-by-june-30-2026
Bet price level: 3.6607
Bet outcome: NO
Bet kind: price_reach
Bet expiration: 2026-07-01 05:00:00+00:00
Option symbol: XRP_USDC-26JUN26-3-C
Option/Bet/Total invest: 12.43 / 617.45 / 629.88
Spread(Option/Bet/Total): $5.36(43.14%) / $31.02(5.02%) / $36.38(5.78%)
```
Error: Unknown target "-1003805082954" for telegram.

2026-03-21T17:31:34.924Z ALERT: annDP=16.97% xrp-all-time-high-by-june-30-2026
2026-03-21T17:31:36.598Z SEND ERROR: Command failed: /home/dima/.nvm/versions/node/v22.22.0/bin/openclaw --dev message send --channel telegram --target -1003805082954 --silent -m 📊 Searcher Alert (annDP=16.97%):
```
Combination #153 (pivot: +4.72%, default: +4.72% (+16.97%Y))
LEN: 97d (DIV: -5d), MP: +108.6%, AP: +154.5%, PTCP: 80%
Bet token: 9204103845295998574174644655568224547826780478747010463640756803659982305491
Bet slug: xrp-all-time-high-by-june-30-2026
Bet price level: 3.6607
Bet outcome: NO
Bet kind: price_reach
Bet expiration: 2026-07-01 05:00:00+00:00
Option symbol: XRP_USDC-26JUN26-3-C
Option/Bet/Total invest: 12.43 / 617.45 / 629.88
Spread(Option/Bet/Total): $5.36(43.14%) / $31.02(5.02%) / $36.38(5.78%)
```
Error: Unknown target "-1003805082954" for telegram.

2026-03-21T17:33:35.157Z ALERT: annDP=16.97% xrp-all-time-high-by-june-30-2026
2026-03-21T17:33:36.856Z SEND ERROR: Command failed: /home/dima/.nvm/versions/node/v22.22.0/bin/openclaw --dev message send --channel telegram --target -1003805082954 --silent -m 📊 Searcher Alert (annDP=16.97%):
```
Combination #153 (pivot: +4.72%, default: +4.72% (+16.97%Y))
LEN: 97d (DIV: -5d), MP: +108.6%, AP: +154.5%, PTCP: 80%
Bet token: 9204103845295998574174644655568224547826780478747010463640756803659982305491
Bet slug: xrp-all-time-high-by-june-30-2026
Bet price level: 3.6607
Bet outcome: NO
Bet kind: price_reach
Bet expiration: 2026-07-01 05:00:00+00:00
Option symbol: XRP_USDC-26JUN26-3-C
Option/Bet/Total invest: 12.43 / 617.45 / 629.88
Spread(Option/Bet/Total): $5.36(43.14%) / $31.02(5.02%) / $36.38(5.78%)
```
Error: Unknown target "-1003805082954" for telegram.

2026-03-21T17:35:34.653Z ALERT: annDP=16.97% xrp-all-time-high-by-june-30-2026
2026-03-21T17:35:36.345Z SEND ERROR: Command failed: /home/dima/.nvm/versions/node/v22.22.0/bin/openclaw --dev message send --channel telegram --target -1003805082954 --silent -m 📊 Searcher Alert (annDP=16.97%):
```
Combination #152 (pivot: +4.72%, default: +4.72% (+16.97%Y))
LEN: 97d (DIV: -5d), MP: +108.5%, AP: +154.4%, PTCP: 80%
Bet token: 9204103845295998574174644655568224547826780478747010463640756803659982305491
Bet slug: xrp-all-time-high-by-june-30-2026
Bet price level: 3.6607
Bet outcome: NO
Bet kind: price_reach
Bet expiration: 2026-07-01 05:00:00+00:00
Option symbol: XRP_USDC-26JUN26-3-C
Option/Bet/Total invest: 12.43 / 617.45 / 629.88
Spread(Option/Bet/Total): $5.36(43.14%) / $31.02(5.02%) / $36.38(5.78%)
```
Error: Unknown target "-1003805082954" for telegram.

2026-03-21T17:37:33.765Z ALERT: annDP=16.97% xrp-all-time-high-by-june-30-2026
2026-03-21T17:37:35.445Z SEND ERROR: Command failed: /home/dima/.nvm/versions/node/v22.22.0/bin/openclaw --dev message send --channel telegram --target -1003805082954 --silent -m 📊 Searcher Alert (annDP=16.97%):
```
Combination #153 (pivot: +4.72%, default: +4.72% (+16.97%Y))
LEN: 97d (DIV: -5d), MP: +108.3%, AP: +154.2%, PTCP: 80%
Bet token: 9204103845295998574174644655568224547826780478747010463640756803659982305491
Bet slug: xrp-all-time-high-by-june-30-2026
Bet price level: 3.6607
Bet outcome: NO
Bet kind: price_reach
Bet expiration: 2026-07-01 05:00:00+00:00
Option symbol: XRP_USDC-26JUN26-3-C
Option/Bet/Total invest: 12.43 / 617.45 / 629.88
Spread(Option/Bet/Total): $5.36(43.15%) / $31.02(5.02%) / $36.38(5.78%)
```
Error: Unknown target "-1003805082954" for telegram.

2026-03-21T17:39:35.759Z ALERT: annDP=16.6% xrp-all-time-high-by-june-30-2026
2026-03-21T17:39:37.428Z SEND ERROR: Command failed: /home/dima/.nvm/versions/node/v22.22.0/bin/openclaw --dev message send --channel telegram --target -1003805082954 --silent -m 📊 Searcher Alert (annDP=16.6%):
```
Combination #153 (pivot: +4.62%, default: +4.62% (+16.60%Y))
LEN: 97d (DIV: -5d), MP: +108.3%, AP: +154.2%, PTCP: 80%
Bet token: 9204103845295998574174644655568224547826780478747010463640756803659982305491
Bet slug: xrp-all-time-high-by-june-30-2026
Bet price level: 3.6607
Bet outcome: NO
Bet kind: price_reach
Bet expiration: 2026-07-01 05:00:00+00:00
Option symbol: XRP_USDC-26JUN26-3-C
Option/Bet/Total invest: 12.93 / 617.57 / 630.50
Spread(Option/Bet/Total): $5.86(45.35%) / $31.15(5.04%) / $37.02(5.87%)
```
Error: Unknown target "-1003805082954" for telegram.

2026-03-21T17:41:34.288Z ALERT: annDP=16.6% xrp-all-time-high-by-june-30-2026
2026-03-21T17:41:35.964Z SEND ERROR: Command failed: /home/dima/.nvm/versions/node/v22.22.0/bin/openclaw --dev message send --channel telegram --target -1003805082954 --silent -m 📊 Searcher Alert (annDP=16.6%):
```
Combination #153 (pivot: +4.61%, default: +4.61% (+16.60%Y))
LEN: 97d (DIV: -5d), MP: +108.2%, AP: +154.0%, PTCP: 80%
Bet token: 9204103845295998574174644655568224547826780478747010463640756803659982305491
Bet slug: xrp-all-time-high-by-june-30-2026
Bet price level: 3.6607
Bet outcome: NO
Bet kind: price_reach
Bet expiration: 2026-07-01 05:00:00+00:00
Option symbol: XRP_USDC-26JUN26-3-C
Option/Bet/Total invest: 12.93 / 617.57 / 630.50
Spread(Option/Bet/Total): $12.49(96.62%) / $31.16(5.04%) / $43.65(6.92%)
```
Error: Unknown target "-1003805082954" for telegram.

2026-03-21T17:43:33.979Z ALERT: annDP=16.58% xrp-all-time-high-by-june-30-2026
2026-03-21T17:43:35.654Z SEND ERROR: Command failed: /home/dima/.nvm/versions/node/v22.22.0/bin/openclaw --dev message send --channel telegram --target -1003805082954 --silent -m 📊 Searcher Alert (annDP=16.58%):
```
Combination #153 (pivot: +4.61%, default: +4.61% (+16.58%Y))
LEN: 97d (DIV: -5d), MP: +108.1%, AP: +154.0%, PTCP: 80%
Bet token: 9204103845295998574174644655568224547826780478747010463640756803659982305491
Bet slug: xrp-all-time-high-by-june-30-2026
Bet price level: 3.6607
Bet outcome: NO
Bet kind: price_reach
Bet expiration: 2026-07-01 05:00:00+00:00
Option symbol: XRP_USDC-26JUN26-3-C
Option/Bet/Total invest: 12.93 / 617.60 / 630.53
Spread(Option/Bet/Total): $5.36(41.48%) / $31.08(5.03%) / $36.45(5.78%)
```
Error: Unknown target "-1003805082954" for telegram.

2026-03-21T17:45:33.896Z ALERT: annDP=16.58% xrp-all-time-high-by-june-30-2026
2026-03-21T17:45:35.580Z SEND ERROR: Command failed: /home/dima/.nvm/versions/node/v22.22.0/bin/openclaw --dev message send --channel telegram --target -1003805082954 --silent -m 📊 Searcher Alert (annDP=16.58%):
```
Combination #153 (pivot: +4.61%, default: +4.61% (+16.58%Y))
LEN: 97d (DIV: -5d), MP: +108.3%, AP: +154.1%, PTCP: 80%
Bet token: 9204103845295998574174644655568224547826780478747010463640756803659982305491
Bet slug: xrp-all-time-high-by-june-30-2026
Bet price level: 3.6607
Bet outcome: NO
Bet kind: price_reach
Bet expiration: 2026-07-01 05:00:00+00:00
Option symbol: XRP_USDC-26JUN26-3-C
Option/Bet/Total invest: 12.93 / 617.60 / 630.53
Spread(Option/Bet/Total): $5.86(45.35%) / $31.08(5.03%) / $36.95(5.86%)
```
Error: Unknown target "-1003805082954" for telegram.

2026-03-21T17:47:34.540Z ALERT: annDP=16.58% xrp-all-time-high-by-june-30-2026
2026-03-21T17:47:36.205Z SEND ERROR: Command failed: /home/dima/.nvm/versions/node/v22.22.0/bin/openclaw --dev message send --channel telegram --target -1003805082954 --silent -m 📊 Searcher Alert (annDP=16.58%):
```
Combination #153 (pivot: +4.61%, default: +4.61% (+16.58%Y))
LEN: 97d (DIV: -5d), MP: +108.3%, AP: +154.2%, PTCP: 80%
Bet token: 9204103845295998574174644655568224547826780478747010463640756803659982305491
Bet slug: xrp-all-time-high-by-june-30-2026
Bet price level: 3.6607
Bet outcome: NO
Bet kind: price_reach
Bet expiration: 2026-07-01 05:00:00+00:00
Option symbol: XRP_USDC-26JUN26-3-C
Option/Bet/Total invest: 12.93 / 617.60 / 630.53
Spread(Option/Bet/Total): $5.86(45.35%) / $31.08(5.03%) / $36.95(5.86%)
```
Error: Unknown target "-1003805082954" for telegram.

2026-03-21T17:49:35.086Z ALERT: annDP=16.88% xrp-all-time-high-by-june-30-2026
2026-03-21T17:49:36.755Z SEND ERROR: Command failed: /home/dima/.nvm/versions/node/v22.22.0/bin/openclaw --dev message send --channel telegram --target -1003805082954 --silent -m 📊 Searcher Alert (annDP=16.88%):
```
Combination #153 (pivot: +4.69%, default: +4.69% (+16.88%Y))
LEN: 97d (DIV: -5d), MP: +108.3%, AP: +154.2%, PTCP: 80%
Bet token: 9204103845295998574174644655568224547826780478747010463640756803659982305491
Bet slug: xrp-all-time-high-by-june-30-2026
Bet price level: 3.6607
Bet outcome: NO
Bet kind: price_reach
Bet expiration: 2026-07-01 05:00:00+00:00
Option symbol: XRP_USDC-26JUN26-3-C
Option/Bet/Total invest: 12.43 / 617.60 / 630.03
Spread(Option/Bet/Total): $5.36(43.15%) / $31.08(5.03%) / $36.45(5.78%)
```
Error: Unknown target "-1003805082954" for telegram.

2026-03-21T17:51:35.030Z ALERT: annDP=16.88% xrp-all-time-high-by-june-30-2026
2026-03-21T17:51:36.703Z SEND ERROR: Command failed: /home/dima/.nvm/versions/node/v22.22.0/bin/openclaw --dev message send --channel telegram --target -1003805082954 --silent -m 📊 Searcher Alert (annDP=16.88%):
```
Combination #153 (pivot: +4.69%, default: +4.69% (+16.88%Y))
LEN: 97d (DIV: -5d), MP: +108.3%, AP: +154.2%, PTCP: 80%
Bet token: 9204103845295998574174644655568224547826780478747010463640756803659982305491
Bet slug: xrp-all-time-high-by-june-30-2026
Bet price level: 3.6607
Bet outcome: NO
Bet kind: price_reach
Bet expiration: 2026-07-01 05:00:00+00:00
Option symbol: XRP_USDC-26JUN26-3-C
Option/Bet/Total invest: 12.43 / 617.60 / 630.03
Spread(Option/Bet/Total): $5.36(43.15%) / $31.08(5.03%) / $36.45(5.78%)
```
Error: Unknown target "-1003805082954" for telegram.

2026-03-21T17:53:34.176Z ALERT: annDP=16.59% xrp-all-time-high-by-june-30-2026
2026-03-21T17:53:35.853Z SEND ERROR: Command failed: /home/dima/.nvm/versions/node/v22.22.0/bin/openclaw --dev message send --channel telegram --target -1003805082954 --silent -m 📊 Searcher Alert (annDP=16.59%):
```
Combination #153 (pivot: +4.61%, default: +4.61% (+16.59%Y))
LEN: 97d (DIV: -5d), MP: +108.3%, AP: +154.2%, PTCP: 80%
Bet token: 9204103845295998574174644655568224547826780478747010463640756803659982305491
Bet slug: xrp-all-time-high-by-june-30-2026
Bet price level: 3.6607
Bet outcome: NO
Bet kind: price_reach
Bet expiration: 2026-07-01 05:00:00+00:00
Option symbol: XRP_USDC-26JUN26-3-C
Option/Bet/Total invest: 12.93 / 617.60 / 630.53
Spread(Option/Bet/Total): $5.86(45.35%) / $31.08(5.03%) / $36.95(5.86%)
```
Error: Unknown target "-1003805082954" for telegram.

2026-03-21T17:55:34.188Z ALERT: annDP=16.59% xrp-all-time-high-by-june-30-2026
2026-03-21T17:55:35.857Z SEND ERROR: Command failed: /home/dima/.nvm/versions/node/v22.22.0/bin/openclaw --dev message send --channel telegram --target -1003805082954 --silent -m 📊 Searcher Alert (annDP=16.59%):
```
Combination #152 (pivot: +4.61%, default: +4.61% (+16.59%Y))
LEN: 97d (DIV: -5d), MP: +108.3%, AP: +154.2%, PTCP: 80%
Bet token: 9204103845295998574174644655568224547826780478747010463640756803659982305491
Bet slug: xrp-all-time-high-by-june-30-2026
Bet price level: 3.6607
Bet outcome: NO
Bet kind: price_reach
Bet expiration: 2026-07-01 05:00:00+00:00
Option symbol: XRP_USDC-26JUN26-3-C
Option/Bet/Total invest: 12.93 / 617.60 / 630.53
Spread(Option/Bet/Total): $5.86(45.35%) / $31.08(5.03%) / $36.95(5.86%)
```
Error: Unknown target "-1003805082954" for telegram.

2026-03-21T17:57:33.616Z ALERT: annDP=16.88% xrp-all-time-high-by-june-30-2026
2026-03-21T17:57:35.288Z SEND ERROR: Command failed: /home/dima/.nvm/versions/node/v22.22.0/bin/openclaw --dev message send --channel telegram --target -1003805082954 --silent -m 📊 Searcher Alert (annDP=16.88%):
```
Combination #153 (pivot: +4.69%, default: +4.69% (+16.88%Y))
LEN: 97d (DIV: -5d), MP: +108.3%, AP: +154.2%, PTCP: 80%
Bet token: 9204103845295998574174644655568224547826780478747010463640756803659982305491
Bet slug: xrp-all-time-high-by-june-30-2026
Bet price level: 3.6607
Bet outcome: NO
Bet kind: price_reach
Bet expiration: 2026-07-01 05:00:00+00:00
Option symbol: XRP_USDC-26JUN26-3-C
Option/Bet/Total invest: 12.43 / 617.60 / 630.03
Spread(Option/Bet/Total): $5.36(43.15%) / $31.08(5.03%) / $36.45(5.78%)
```
Error: Unknown target "-1003805082954" for telegram.

2026-03-21T17:59:34.327Z ALERT: annDP=16.88% xrp-all-time-high-by-june-30-2026
2026-03-21T17:59:35.998Z SEND ERROR: Command failed: /home/dima/.nvm/versions/node/v22.22.0/bin/openclaw --dev message send --channel telegram --target -1003805082954 --silent -m 📊 Searcher Alert (annDP=16.88%):
```
Combination #153 (pivot: +4.69%, default: +4.69% (+16.88%Y))
LEN: 97d (DIV: -5d), MP: +108.3%, AP: +154.2%, PTCP: 80%
Bet token: 9204103845295998574174644655568224547826780478747010463640756803659982305491
Bet slug: xrp-all-time-high-by-june-30-2026
Bet price level: 3.6607
Bet outcome: NO
Bet kind: price_reach
Bet expiration: 2026-07-01 05:00:00+00:00
Option symbol: XRP_USDC-26JUN26-3-C
Option/Bet/Total invest: 12.43 / 617.60 / 630.03
Spread(Option/Bet/Total): $5.36(43.15%) / $31.08(5.03%) / $36.45(5.78%)
```
Error: Unknown target "-1003805082954" for telegram.

2026-03-21T18:00:32.874Z ALERT: annDP=16.89% xrp-all-time-high-by-june-30-2026
2026-03-21T18:00:34.564Z SEND ERROR: Command failed: /home/dima/.nvm/versions/node/v22.22.0/bin/openclaw --dev message send --channel telegram --target -1003805082954 --silent -m 📊 Searcher Alert (annDP=16.89%):
```
Combination #153 (pivot: +4.69%, default: +4.69% (+16.89%Y))
LEN: 97d (DIV: -5d), MP: +108.3%, AP: +154.2%, PTCP: 80%
Bet token: 9204103845295998574174644655568224547826780478747010463640756803659982305491
Bet slug: xrp-all-time-high-by-june-30-2026
Bet price level: 3.6607
Bet outcome: NO
Bet kind: price_reach
Bet expiration: 2026-07-01 05:00:00+00:00
Option symbol: XRP_USDC-26JUN26-3-C
Option/Bet/Total invest: 12.43 / 617.60 / 630.03
Spread(Option/Bet/Total): $5.36(43.15%) / $31.08(5.03%) / $36.45(5.78%)
```
Error: Unknown target "-1003805082954" for telegram.

2026-03-21T18:01:33.902Z ALERT: annDP=16.59% xrp-all-time-high-by-june-30-2026
2026-03-21T18:01:35.594Z SEND ERROR: Command failed: /home/dima/.nvm/versions/node/v22.22.0/bin/openclaw --dev message send --channel telegram --target -1003805082954 --silent -m 📊 Searcher Alert (annDP=16.59%):
```
Combination #153 (pivot: +4.61%, default: +4.61% (+16.59%Y))
LEN: 97d (DIV: -5d), MP: +108.3%, AP: +154.2%, PTCP: 80%
Bet token: 9204103845295998574174644655568224547826780478747010463640756803659982305491
Bet slug: xrp-all-time-high-by-june-30-2026
Bet price level: 3.6607
Bet outcome: NO
Bet kind: price_reach
Bet expiration: 2026-07-01 05:00:00+00:00
Option symbol: XRP_USDC-26JUN26-3-C
Option/Bet/Total invest: 12.93 / 617.60 / 630.53
Spread(Option/Bet/Total): $5.86(45.35%) / $31.08(5.03%) / $36.95(5.86%)
```
Error: Unknown target "-1003805082954" for telegram.

2026-03-21T18:03:35.068Z ALERT: annDP=16.89% xrp-all-time-high-by-june-30-2026
2026-03-21T18:05:34.698Z ALERT: annDP=16.94% xrp-all-time-high-by-june-30-2026
2026-03-21T18:07:34.239Z ALERT: annDP=17% xrp-all-time-high-by-june-30-2026
2026-03-21T18:09:35.604Z ALERT: annDP=17% xrp-all-time-high-by-june-30-2026
2026-03-21T18:11:30.395Z OK: top annDP=13.28% (solana-all-time-high-by-june-30-2026), below 14%
2026-03-21T18:13:29.022Z OK: top annDP=13.28% (solana-all-time-high-by-june-30-2026), below 14%
2026-03-21T18:15:30.153Z OK: top annDP=13.28% (solana-all-time-high-by-june-30-2026), below 14%
2026-03-21T18:17:29.865Z OK: top annDP=13.28% (solana-all-time-high-by-june-30-2026), below 14%
2026-03-21T18:19:29.793Z OK: top annDP=13.28% (solana-all-time-high-by-june-30-2026), below 14%
2026-03-21T18:21:29.850Z OK: top annDP=13.28% (solana-all-time-high-by-june-30-2026), below 14%
2026-03-21T18:23:29.079Z OK: top annDP=13.31% (solana-all-time-high-by-june-30-2026), below 14%
2026-03-21T18:25:30.563Z OK: top annDP=13.31% (solana-all-time-high-by-june-30-2026), below 14%
2026-03-21T18:27:30.419Z OK: top annDP=13.31% (solana-all-time-high-by-june-30-2026), below 14%
2026-03-21T18:29:29.239Z OK: top annDP=13.31% (solana-all-time-high-by-june-30-2026), below 14%
2026-03-21T18:31:29.730Z OK: top annDP=13.31% (solana-all-time-high-by-june-30-2026), below 14%
2026-03-21T18:33:29.841Z OK: top annDP=13.38% (solana-all-time-high-by-june-30-2026), below 14%
2026-03-21T18:35:29.855Z OK: top annDP=13.31% (solana-all-time-high-by-june-30-2026), below 14%
2026-03-21T18:37:31.232Z OK: top annDP=13.31% (solana-all-time-high-by-june-30-2026), below 14%
2026-03-21T18:39:30.477Z OK: top annDP=13.31% (solana-all-time-high-by-june-30-2026), below 14%
2026-03-21T18:41:29.306Z OK: top annDP=13.31% (solana-all-time-high-by-june-30-2026), below 14%
2026-03-21T18:43:30.456Z OK: top annDP=13.35% (solana-all-time-high-by-june-30-2026), below 14%
2026-03-21T18:45:30.466Z OK: top annDP=13.35% (solana-all-time-high-by-june-30-2026), below 14%
2026-03-21T18:47:29.911Z OK: top annDP=13.31% (solana-all-time-high-by-june-30-2026), below 14%
2026-03-21T18:49:30.236Z OK: top annDP=13.31% (solana-all-time-high-by-june-30-2026), below 14%
2026-03-21T18:51:29.966Z OK: top annDP=13.31% (solana-all-time-high-by-june-30-2026), below 14%
2026-03-21T18:53:29.009Z OK: top annDP=13.29% (solana-all-time-high-by-june-30-2026), below 14%
2026-03-21T18:55:29.886Z OK: top annDP=13.29% (solana-all-time-high-by-june-30-2026), below 14%
2026-03-21T18:57:29.550Z OK: top annDP=13.29% (solana-all-time-high-by-june-30-2026), below 14%
2026-03-21T18:59:29.414Z OK: top annDP=13.29% (solana-all-time-high-by-june-30-2026), below 14%
2026-03-21T19:01:29.224Z OK: top annDP=13.29% (solana-all-time-high-by-june-30-2026), below 14%
2026-03-21T19:03:28.819Z OK: top annDP=13.29% (solana-all-time-high-by-june-30-2026), below 14%
2026-03-21T19:05:29.749Z OK: top annDP=13.29% (solana-all-time-high-by-june-30-2026), below 14%
2026-03-21T19:07:29.392Z OK: top annDP=13.38% (solana-all-time-high-by-june-30-2026), below 14%
2026-03-21T19:09:30.023Z OK: top annDP=13.42% (solana-all-time-high-by-june-30-2026), below 14%
2026-03-21T19:11:29.951Z OK: top annDP=13.42% (solana-all-time-high-by-june-30-2026), below 14%
2026-03-21T19:13:30.409Z OK: top annDP=13.31% (solana-all-time-high-by-june-30-2026), below 14%
2026-03-21T19:15:30.210Z OK: top annDP=13.31% (solana-all-time-high-by-june-30-2026), below 14%
2026-03-21T19:17:29.197Z OK: top annDP=13.31% (solana-all-time-high-by-june-30-2026), below 14%
2026-03-21T19:19:29.915Z OK: top annDP=13.31% (solana-all-time-high-by-june-30-2026), below 14%
2026-03-21T19:21:30.943Z OK: top annDP=13.42% (solana-all-time-high-by-june-30-2026), below 14%
2026-03-21T19:23:29.623Z OK: top annDP=13.31% (solana-all-time-high-by-june-30-2026), below 14%
2026-03-21T19:25:29.749Z OK: top annDP=13.31% (solana-all-time-high-by-june-30-2026), below 14%
2026-03-21T19:27:29.430Z OK: top annDP=13.31% (solana-all-time-high-by-june-30-2026), below 14%
2026-03-21T19:29:29.923Z OK: top annDP=13.31% (solana-all-time-high-by-june-30-2026), below 14%
2026-03-21T19:31:30.502Z OK: top annDP=13.32% (solana-all-time-high-by-june-30-2026), below 14%
2026-03-21T19:33:29.866Z OK: top annDP=13.32% (solana-all-time-high-by-june-30-2026), below 14%
2026-03-21T19:35:30.173Z OK: top annDP=13.32% (solana-all-time-high-by-june-30-2026), below 14%
2026-03-21T19:37:30.389Z OK: top annDP=13.32% (solana-all-time-high-by-june-30-2026), below 14%
2026-03-21T19:39:28.503Z OK: top annDP=13.29% (solana-all-time-high-by-june-30-2026), below 14%
2026-03-21T19:41:30.062Z OK: top annDP=13.29% (solana-all-time-high-by-june-30-2026), below 14%
2026-03-21T19:43:30.708Z OK: top annDP=13.29% (solana-all-time-high-by-june-30-2026), below 14%
2026-03-21T19:45:33.835Z OK: top annDP=13.29% (solana-all-time-high-by-june-30-2026), below 14%
2026-03-21T19:47:31.847Z OK: top annDP=13.32% (solana-all-time-high-by-june-30-2026), below 14%
2026-03-21T19:49:32.628Z OK: top annDP=13.23% (solana-all-time-high-by-june-30-2026), below 14%
2026-03-21T19:51:32.621Z OK: top annDP=13.32% (solana-all-time-high-by-june-30-2026), below 14%
2026-03-21T19:53:34.015Z OK: top annDP=13.32% (solana-all-time-high-by-june-30-2026), below 14%
2026-03-21T19:55:32.582Z OK: top annDP=13.32% (solana-all-time-high-by-june-30-2026), below 14%
2026-03-21T19:57:30.589Z OK: top annDP=13.32% (solana-all-time-high-by-june-30-2026), below 14%
2026-03-21T19:59:31.116Z OK: top annDP=13.32% (solana-all-time-high-by-june-30-2026), below 14%
2026-03-21T20:01:31.646Z OK: top annDP=13.32% (solana-all-time-high-by-june-30-2026), below 14%
2026-03-21T20:03:31.961Z OK: top annDP=13.32% (solana-all-time-high-by-june-30-2026), below 14%
2026-03-21T20:05:31.870Z OK: top annDP=13.32% (solana-all-time-high-by-june-30-2026), below 14%
2026-03-21T20:07:31.682Z OK: top annDP=13.39% (solana-all-time-high-by-june-30-2026), below 14%
2026-03-21T20:09:31.280Z OK: top annDP=13.32% (solana-all-time-high-by-june-30-2026), below 14%
2026-03-21T20:11:30.675Z OK: top annDP=13.32% (solana-all-time-high-by-june-30-2026), below 14%
2026-03-21T20:13:29.818Z OK: top annDP=13.32% (solana-all-time-high-by-june-30-2026), below 14%
2026-03-21T20:15:30.580Z OK: top annDP=13.32% (solana-all-time-high-by-june-30-2026), below 14%
2026-03-21T20:17:30.638Z OK: top annDP=13.32% (solana-all-time-high-by-june-30-2026), below 14%
2026-03-21T20:19:30.802Z OK: top annDP=13.39% (solana-all-time-high-by-june-30-2026), below 14%
2026-03-21T20:21:38.385Z OK: top annDP=13.39% (solana-all-time-high-by-june-30-2026), below 14%
2026-03-21T20:23:35.030Z OK: top annDP=13.32% (solana-all-time-high-by-june-30-2026), below 14%
2026-03-21T20:25:32.558Z OK: top annDP=13.32% (solana-all-time-high-by-june-30-2026), below 14%
2026-03-21T20:27:29.401Z OK: top annDP=13.29% (solana-all-time-high-by-june-30-2026), below 14%
2026-03-21T20:29:32.164Z OK: top annDP=13.29% (solana-all-time-high-by-june-30-2026), below 14%
2026-03-21T20:31:35.074Z OK: top annDP=13.32% (solana-all-time-high-by-june-30-2026), below 14%
2026-03-21T20:33:30.054Z OK: top annDP=13.29% (solana-all-time-high-by-june-30-2026), below 14%
2026-03-21T20:35:28.883Z OK: top annDP=13.29% (solana-all-time-high-by-june-30-2026), below 14%
2026-03-21T20:37:30.328Z OK: top annDP=13.29% (solana-all-time-high-by-june-30-2026), below 14%
2026-03-21T20:39:30.639Z OK: top annDP=13.29% (solana-all-time-high-by-june-30-2026), below 14%
2026-03-21T20:41:29.901Z OK: top annDP=13.29% (solana-all-time-high-by-june-30-2026), below 14%
2026-03-21T20:43:29.847Z OK: top annDP=13.32% (solana-all-time-high-by-june-30-2026), below 14%
2026-03-21T20:45:29.706Z OK: top annDP=13.32% (solana-all-time-high-by-june-30-2026), below 14%
2026-03-21T20:47:28.939Z OK: top annDP=13.3% (solana-all-time-high-by-june-30-2026), below 14%
2026-03-21T20:49:29.914Z OK: top annDP=13.34% (solana-all-time-high-by-june-30-2026), below 14%
2026-03-21T20:51:29.281Z OK: top annDP=13.42% (solana-all-time-high-by-june-30-2026), below 14%
2026-03-21T20:53:29.674Z OK: top annDP=13.42% (solana-all-time-high-by-june-30-2026), below 14%
2026-03-21T20:55:29.519Z OK: top annDP=13.38% (solana-all-time-high-by-june-30-2026), below 14%
2026-03-21T20:57:29.546Z OK: top annDP=13.38% (solana-all-time-high-by-june-30-2026), below 14%
2026-03-21T20:59:29.556Z OK: top annDP=13.3% (solana-all-time-high-by-june-30-2026), below 14%
2026-03-21T21:01:29.769Z OK: top annDP=13.23% (solana-all-time-high-by-june-30-2026), below 14%
2026-03-21T21:03:28.498Z OK: top annDP=13.23% (solana-all-time-high-by-june-30-2026), below 14%
2026-03-21T21:05:29.938Z OK: top annDP=13.23% (solana-all-time-high-by-june-30-2026), below 14%
2026-03-21T21:07:29.370Z OK: top annDP=13.23% (solana-all-time-high-by-june-30-2026), below 14%
2026-03-21T21:09:30.413Z OK: top annDP=13.23% (solana-all-time-high-by-june-30-2026), below 14%
2026-03-21T21:11:29.846Z OK: top annDP=13.27% (solana-all-time-high-by-june-30-2026), below 14%
2026-03-21T21:13:29.144Z OK: top annDP=13.23% (solana-all-time-high-by-june-30-2026), below 14%
2026-03-21T21:15:30.052Z OK: top annDP=13.24% (solana-all-time-high-by-june-30-2026), below 14%
2026-03-21T21:17:28.935Z OK: top annDP=13.24% (solana-all-time-high-by-june-30-2026), below 14%
2026-03-21T21:19:29.144Z OK: top annDP=13.27% (solana-all-time-high-by-june-30-2026), below 14%
2026-03-21T21:21:29.590Z OK: top annDP=13.27% (solana-all-time-high-by-june-30-2026), below 14%
2026-03-21T21:23:30.234Z OK: top annDP=13.27% (solana-all-time-high-by-june-30-2026), below 14%
2026-03-21T21:25:29.878Z OK: top annDP=13.24% (solana-all-time-high-by-june-30-2026), below 14%
2026-03-21T21:27:29.458Z OK: top annDP=13.24% (solana-all-time-high-by-june-30-2026), below 14%
2026-03-21T21:29:28.685Z OK: top annDP=13.24% (solana-all-time-high-by-june-30-2026), below 14%
2026-03-21T21:31:30.330Z OK: top annDP=13.24% (solana-all-time-high-by-june-30-2026), below 14%
2026-03-21T21:33:29.993Z OK: top annDP=13.24% (solana-all-time-high-by-june-30-2026), below 14%
2026-03-21T21:35:29.775Z OK: top annDP=13.24% (solana-all-time-high-by-june-30-2026), below 14%
2026-03-21T21:37:28.833Z OK: top annDP=13.24% (solana-all-time-high-by-june-30-2026), below 14%
2026-03-21T21:39:29.198Z OK: top annDP=13.24% (solana-all-time-high-by-june-30-2026), below 14%
2026-03-21T21:41:28.392Z OK: top annDP=13.24% (solana-all-time-high-by-june-30-2026), below 14%
2026-03-21T21:43:29.112Z OK: top annDP=13.24% (solana-all-time-high-by-june-30-2026), below 14%
2026-03-21T21:45:29.947Z OK: top annDP=13.24% (solana-all-time-high-by-june-30-2026), below 14%
2026-03-21T21:47:29.992Z OK: top annDP=13.24% (solana-all-time-high-by-june-30-2026), below 14%
2026-03-21T21:49:29.424Z OK: top annDP=13.24% (solana-all-time-high-by-june-30-2026), below 14%
2026-03-21T21:51:28.987Z OK: top annDP=13.24% (solana-all-time-high-by-june-30-2026), below 14%
2026-03-21T21:53:29.047Z OK: top annDP=13.24% (solana-all-time-high-by-june-30-2026), below 14%
2026-03-21T21:55:29.360Z OK: top annDP=13.29% (solana-all-time-high-by-june-30-2026), below 14%
2026-03-21T21:57:28.353Z OK: top annDP=13.32% (solana-all-time-high-by-june-30-2026), below 14%
2026-03-21T21:59:29.495Z OK: top annDP=13.32% (solana-all-time-high-by-june-30-2026), below 14%
2026-03-21T22:01:29.060Z OK: top annDP=13.37% (solana-all-time-high-by-june-30-2026), below 14%
2026-03-21T22:03:34.425Z ALERT: annDP=14.64% solana-all-time-high-by-june-30-2026
2026-03-21T22:05:33.687Z ALERT: annDP=14.64% solana-all-time-high-by-june-30-2026
2026-03-21T22:07:34.133Z ALERT: annDP=14.64% solana-all-time-high-by-june-30-2026
2026-03-21T22:09:29.293Z OK: top annDP=13.13% (solana-all-time-high-by-june-30-2026), below 14%
2026-03-21T22:11:28.906Z OK: top annDP=13.16% (solana-all-time-high-by-june-30-2026), below 14%
2026-03-21T22:13:29.099Z OK: top annDP=13.06% (solana-all-time-high-by-june-30-2026), below 14%
2026-03-21T22:15:28.410Z OK: top annDP=13.06% (solana-all-time-high-by-june-30-2026), below 14%
2026-03-21T22:17:29.770Z OK: top annDP=13.16% (solana-all-time-high-by-june-30-2026), below 14%
2026-03-21T22:19:28.517Z OK: top annDP=13.16% (solana-all-time-high-by-june-30-2026), below 14%
2026-03-21T22:21:29.544Z OK: top annDP=13.27% (solana-all-time-high-by-june-30-2026), below 14%
2026-03-21T22:23:29.688Z OK: top annDP=13.27% (solana-all-time-high-by-june-30-2026), below 14%
2026-03-21T22:25:29.633Z OK: top annDP=13.3% (solana-all-time-high-by-june-30-2026), below 14%
2026-03-21T22:27:28.861Z OK: top annDP=13.3% (solana-all-time-high-by-june-30-2026), below 14%
2026-03-21T22:29:28.912Z OK: top annDP=13.41% (solana-all-time-high-by-june-30-2026), below 14%
2026-03-21T22:31:29.758Z OK: top annDP=13.47% (solana-all-time-high-by-june-30-2026), below 14%
2026-03-21T22:33:29.755Z OK: top annDP=13.35% (solana-all-time-high-by-june-30-2026), below 14%
2026-03-21T22:35:29.512Z OK: top annDP=13.42% (solana-all-time-high-by-june-30-2026), below 14%
2026-03-21T22:37:30.036Z OK: top annDP=13.42% (solana-all-time-high-by-june-30-2026), below 14%
2026-03-21T22:39:29.667Z OK: top annDP=13.42% (solana-all-time-high-by-june-30-2026), below 14%
2026-03-21T22:41:28.981Z OK: top annDP=13.53% (solana-all-time-high-by-june-30-2026), below 14%
2026-03-21T22:43:29.655Z OK: top annDP=13.4% (solana-all-time-high-by-june-30-2026), below 14%
2026-03-21T22:45:29.069Z OK: top annDP=13.4% (solana-all-time-high-by-june-30-2026), below 14%
2026-03-21T22:47:29.933Z OK: top annDP=13.4% (solana-all-time-high-by-june-30-2026), below 14%
2026-03-21T22:49:29.228Z OK: top annDP=13.47% (solana-all-time-high-by-june-30-2026), below 14%
2026-03-21T22:51:29.224Z OK: top annDP=13.47% (solana-all-time-high-by-june-30-2026), below 14%
2026-03-21T22:53:29.335Z OK: top annDP=13.47% (solana-all-time-high-by-june-30-2026), below 14%
2026-03-21T22:55:30.382Z OK: top annDP=13.43% (solana-all-time-high-by-june-30-2026), below 14%
2026-03-21T22:57:29.756Z OK: top annDP=13.43% (solana-all-time-high-by-june-30-2026), below 14%
2026-03-21T22:59:28.722Z OK: top annDP=13.43% (solana-all-time-high-by-june-30-2026), below 14%
2026-03-21T23:01:28.485Z OK: top annDP=13.32% (solana-all-time-high-by-june-30-2026), below 14%
2026-03-21T23:03:29.396Z OK: top annDP=13.32% (solana-all-time-high-by-june-30-2026), below 14%
2026-03-21T23:05:30.341Z OK: top annDP=13.32% (solana-all-time-high-by-june-30-2026), below 14%
2026-03-21T23:07:28.887Z OK: top annDP=13.37% (solana-all-time-high-by-june-30-2026), below 14%
2026-03-21T23:09:29.958Z OK: top annDP=13.37% (solana-all-time-high-by-june-30-2026), below 14%
2026-03-21T23:11:28.990Z OK: top annDP=13.37% (solana-all-time-high-by-june-30-2026), below 14%
2026-03-21T23:13:29.019Z OK: top annDP=13.32% (solana-all-time-high-by-june-30-2026), below 14%
2026-03-21T23:15:29.499Z OK: top annDP=13.32% (solana-all-time-high-by-june-30-2026), below 14%
2026-03-21T23:17:29.812Z OK: top annDP=12% (solana-all-time-high-by-june-30-2026), below 14%
2026-03-21T23:19:34.128Z ALERT: annDP=14.45% solana-all-time-high-by-june-30-2026
2026-03-21T23:21:33.655Z ALERT: annDP=14.26% solana-all-time-high-by-june-30-2026
2026-03-21T23:23:33.917Z ALERT: annDP=14.26% solana-all-time-high-by-june-30-2026
2026-03-21T23:25:33.659Z ALERT: annDP=14.31% solana-all-time-high-by-june-30-2026
2026-03-21T23:27:33.957Z ALERT: annDP=14.31% solana-all-time-high-by-june-30-2026
2026-03-21T23:29:34.814Z ALERT: annDP=14.31% solana-all-time-high-by-june-30-2026
2026-03-21T23:31:33.466Z ALERT: annDP=14.31% solana-all-time-high-by-june-30-2026
2026-03-21T23:33:29.269Z OK: top annDP=13.06% (solana-all-time-high-by-june-30-2026), below 14%
2026-03-21T23:35:28.787Z OK: top annDP=13.06% (solana-all-time-high-by-june-30-2026), below 14%
2026-03-21T23:37:30.044Z OK: top annDP=13.06% (solana-all-time-high-by-june-30-2026), below 14%
2026-03-21T23:39:29.624Z OK: top annDP=13.06% (solana-all-time-high-by-june-30-2026), below 14%
2026-03-21T23:41:28.686Z OK: top annDP=13.06% (solana-all-time-high-by-june-30-2026), below 14%
2026-03-21T23:43:29.880Z OK: top annDP=13.06% (solana-all-time-high-by-june-30-2026), below 14%
2026-03-21T23:45:28.797Z OK: top annDP=13.06% (solana-all-time-high-by-june-30-2026), below 14%
2026-03-21T23:47:29.108Z OK: top annDP=13.06% (solana-all-time-high-by-june-30-2026), below 14%
2026-03-21T23:49:29.933Z OK: top annDP=13.06% (solana-all-time-high-by-june-30-2026), below 14%
2026-03-21T23:51:30.026Z OK: top annDP=13.06% (solana-all-time-high-by-june-30-2026), below 14%
2026-03-21T23:53:28.905Z OK: top annDP=13.06% (solana-all-time-high-by-june-30-2026), below 14%
2026-03-21T23:55:28.504Z OK: top annDP=13.06% (solana-all-time-high-by-june-30-2026), below 14%
2026-03-21T23:57:29.758Z OK: top annDP=13.06% (solana-all-time-high-by-june-30-2026), below 14%
2026-03-21T23:59:28.938Z OK: top annDP=13.06% (solana-all-time-high-by-june-30-2026), below 14%
2026-03-22T00:01:28.774Z OK: top annDP=13.06% (solana-all-time-high-by-june-30-2026), below 14%
2026-03-22T00:03:29.651Z OK: top annDP=13.07% (solana-all-time-high-by-june-30-2026), below 14%
2026-03-22T00:05:29.131Z OK: top annDP=13.07% (solana-all-time-high-by-june-30-2026), below 14%
2026-03-22T00:07:29.408Z OK: top annDP=13.07% (solana-all-time-high-by-june-30-2026), below 14%
2026-03-22T00:09:28.787Z OK: top annDP=13.06% (solana-all-time-high-by-june-30-2026), below 14%
2026-03-22T00:11:29.446Z OK: top annDP=13.06% (solana-all-time-high-by-june-30-2026), below 14%
2026-03-22T00:13:29.724Z OK: top annDP=13.07% (solana-all-time-high-by-june-30-2026), below 14%
2026-03-22T00:15:28.971Z OK: top annDP=13.07% (solana-all-time-high-by-june-30-2026), below 14%
2026-03-22T00:17:28.927Z OK: top annDP=13.07% (solana-all-time-high-by-june-30-2026), below 14%
2026-03-22T00:19:28.842Z OK: top annDP=13.07% (solana-all-time-high-by-june-30-2026), below 14%
2026-03-22T00:21:29.891Z OK: top annDP=13.07% (solana-all-time-high-by-june-30-2026), below 14%
2026-03-22T00:23:29.521Z OK: top annDP=13.07% (solana-all-time-high-by-june-30-2026), below 14%
2026-03-22T00:25:30.146Z OK: top annDP=13.07% (solana-all-time-high-by-june-30-2026), below 14%
2026-03-22T00:27:29.477Z OK: top annDP=13.07% (solana-all-time-high-by-june-30-2026), below 14%
2026-03-22T00:29:29.486Z OK: top annDP=13.07% (solana-all-time-high-by-june-30-2026), below 14%
2026-03-22T00:31:29.179Z OK: top annDP=13.07% (solana-all-time-high-by-june-30-2026), below 14%
2026-03-22T00:33:28.862Z OK: top annDP=13.07% (solana-all-time-high-by-june-30-2026), below 14%
2026-03-22T00:35:28.674Z OK: top annDP=13.07% (solana-all-time-high-by-june-30-2026), below 14%
2026-03-22T00:37:29.486Z OK: top annDP=13.07% (solana-all-time-high-by-june-30-2026), below 14%
2026-03-22T00:39:29.646Z OK: top annDP=13.07% (solana-all-time-high-by-june-30-2026), below 14%
2026-03-22T00:41:28.428Z OK: top annDP=13.07% (solana-all-time-high-by-june-30-2026), below 14%
2026-03-22T00:43:28.571Z OK: top annDP=13.07% (solana-all-time-high-by-june-30-2026), below 14%
2026-03-22T00:45:34.153Z ALERT: annDP=14.92% solana-all-time-high-by-june-30-2026
2026-03-22T00:47:33.649Z ALERT: annDP=14.92% solana-all-time-high-by-june-30-2026
2026-03-22T00:49:33.907Z ALERT: annDP=14.92% solana-all-time-high-by-june-30-2026
2026-03-22T00:51:33.055Z ALERT: annDP=14.92% solana-all-time-high-by-june-30-2026
2026-03-22T00:53:33.918Z ALERT: annDP=14.93% solana-all-time-high-by-june-30-2026
2026-03-22T00:55:33.309Z ALERT: annDP=14.93% solana-all-time-high-by-june-30-2026
2026-03-22T00:57:33.475Z ALERT: annDP=14.93% solana-all-time-high-by-june-30-2026
2026-03-22T00:59:33.253Z ALERT: annDP=14.93% solana-all-time-high-by-june-30-2026
2026-03-22T01:01:33.517Z ALERT: annDP=14.93% solana-all-time-high-by-june-30-2026
2026-03-22T01:03:34.343Z ALERT: annDP=14.93% solana-all-time-high-by-june-30-2026
2026-03-22T01:05:33.619Z ALERT: annDP=14.93% solana-all-time-high-by-june-30-2026
2026-03-22T01:07:34.034Z ALERT: annDP=14.93% solana-all-time-high-by-june-30-2026
2026-03-22T01:09:33.047Z ALERT: annDP=14.93% solana-all-time-high-by-june-30-2026
2026-03-22T01:11:33.774Z ALERT: annDP=14.66% solana-all-time-high-by-june-30-2026
2026-03-22T01:13:33.154Z ALERT: annDP=14.66% solana-all-time-high-by-june-30-2026
2026-03-22T01:15:33.365Z ALERT: annDP=14.66% solana-all-time-high-by-june-30-2026
2026-03-22T01:17:33.994Z ALERT: annDP=14.66% solana-all-time-high-by-june-30-2026
2026-03-22T01:19:33.455Z ALERT: annDP=14.66% solana-all-time-high-by-june-30-2026
2026-03-22T01:21:34.400Z ALERT: annDP=14.93% solana-all-time-high-by-june-30-2026
2026-03-22T01:23:34.962Z ALERT: annDP=14.93% solana-all-time-high-by-june-30-2026
2026-03-22T01:25:34.142Z ALERT: annDP=14.93% solana-all-time-high-by-june-30-2026
2026-03-22T01:27:33.537Z ALERT: annDP=14.93% solana-all-time-high-by-june-30-2026
2026-03-22T01:29:34.047Z ALERT: annDP=14.93% solana-all-time-high-by-june-30-2026
2026-03-22T01:31:34.610Z ALERT: annDP=14.67% solana-all-time-high-by-june-30-2026
2026-03-22T01:33:33.771Z ALERT: annDP=14.93% solana-all-time-high-by-june-30-2026
2026-03-22T01:35:34.633Z ALERT: annDP=14.93% solana-all-time-high-by-june-30-2026
2026-03-22T01:37:39.308Z ALERT: annDP=14.93% solana-all-time-high-by-june-30-2026
2026-03-22T01:39:34.258Z ALERT: annDP=14.67% solana-all-time-high-by-june-30-2026
2026-03-22T01:41:34.453Z ALERT: annDP=14.67% solana-all-time-high-by-june-30-2026
2026-03-22T01:43:33.831Z ALERT: annDP=14.67% solana-all-time-high-by-june-30-2026
2026-03-22T01:45:33.260Z ALERT: annDP=14.67% solana-all-time-high-by-june-30-2026
2026-03-22T01:47:33.089Z ALERT: annDP=14.67% solana-all-time-high-by-june-30-2026
2026-03-22T01:49:34.700Z ALERT: annDP=14.67% solana-all-time-high-by-june-30-2026
2026-03-22T01:51:33.662Z ALERT: annDP=14.67% solana-all-time-high-by-june-30-2026
2026-03-22T01:53:32.808Z ALERT: annDP=15.06% solana-all-time-high-by-june-30-2026
2026-03-22T01:55:33.252Z ALERT: annDP=15.06% solana-all-time-high-by-june-30-2026
2026-03-22T01:57:33.627Z ALERT: annDP=15.06% solana-all-time-high-by-june-30-2026
2026-03-22T01:59:34.759Z ALERT: annDP=15.06% solana-all-time-high-by-june-30-2026
2026-03-22T02:01:33.971Z ALERT: annDP=15.06% solana-all-time-high-by-june-30-2026
2026-03-22T02:03:33.212Z ALERT: annDP=15.32% solana-all-time-high-by-june-30-2026
2026-03-22T02:05:33.794Z ALERT: annDP=15.06% solana-all-time-high-by-june-30-2026
2026-03-22T02:07:33.773Z ALERT: annDP=15.06% solana-all-time-high-by-june-30-2026
2026-03-22T02:09:34.503Z ALERT: annDP=15.06% solana-all-time-high-by-june-30-2026
2026-03-22T02:11:33.131Z ALERT: annDP=15.32% solana-all-time-high-by-june-30-2026
2026-03-22T02:13:33.677Z ALERT: annDP=15.32% solana-all-time-high-by-june-30-2026
2026-03-22T02:15:33.537Z ALERT: annDP=15.32% solana-all-time-high-by-june-30-2026
2026-03-22T02:17:33.434Z ALERT: annDP=15.33% solana-all-time-high-by-june-30-2026
2026-03-22T02:19:33.477Z ALERT: annDP=15.33% solana-all-time-high-by-june-30-2026
2026-03-22T02:21:33.103Z ALERT: annDP=15.06% solana-all-time-high-by-june-30-2026
2026-03-22T02:23:34.418Z ALERT: annDP=15.06% solana-all-time-high-by-june-30-2026
2026-03-22T02:25:34.413Z ALERT: annDP=15.06% solana-all-time-high-by-june-30-2026
2026-03-22T02:27:34.143Z ALERT: annDP=15.06% solana-all-time-high-by-june-30-2026
2026-03-22T02:29:38.955Z ALERT: annDP=15.06% solana-all-time-high-by-june-30-2026
2026-03-22T02:31:33.615Z ALERT: annDP=15.06% solana-all-time-high-by-june-30-2026
2026-03-22T02:33:33.874Z ALERT: annDP=15.06% solana-all-time-high-by-june-30-2026
2026-03-22T02:35:33.853Z ALERT: annDP=15.06% solana-all-time-high-by-june-30-2026
2026-03-22T02:37:34.063Z ALERT: annDP=15.06% solana-all-time-high-by-june-30-2026
2026-03-22T02:39:33.963Z ALERT: annDP=15.06% solana-all-time-high-by-june-30-2026
2026-03-22T02:41:34.824Z ALERT: annDP=15.06% solana-all-time-high-by-june-30-2026
2026-03-22T02:43:34.221Z ALERT: annDP=15.06% solana-all-time-high-by-june-30-2026
2026-03-22T02:45:34.448Z ALERT: annDP=15.06% solana-all-time-high-by-june-30-2026
2026-03-22T02:47:33.544Z ALERT: annDP=15.06% solana-all-time-high-by-june-30-2026
2026-03-22T02:49:34.357Z ALERT: annDP=15.06% solana-all-time-high-by-june-30-2026
2026-03-22T02:51:34.735Z ALERT: annDP=15.06% solana-all-time-high-by-june-30-2026
2026-03-22T02:53:33.713Z ALERT: annDP=15.06% solana-all-time-high-by-june-30-2026
2026-03-22T02:55:33.576Z ALERT: annDP=15.06% solana-all-time-high-by-june-30-2026
2026-03-22T02:57:33.988Z ALERT: annDP=15.06% solana-all-time-high-by-june-30-2026
2026-03-22T02:59:34.164Z ALERT: annDP=15.06% solana-all-time-high-by-june-30-2026
2026-03-22T03:01:33.759Z ALERT: annDP=15.06% solana-all-time-high-by-june-30-2026
2026-03-22T03:03:32.723Z ALERT: annDP=15.07% solana-all-time-high-by-june-30-2026
2026-03-22T03:05:34.384Z ALERT: annDP=15.33% solana-all-time-high-by-june-30-2026
2026-03-22T03:07:34.029Z ALERT: annDP=15.33% solana-all-time-high-by-june-30-2026
2026-03-22T03:09:34.674Z ALERT: annDP=15.33% solana-all-time-high-by-june-30-2026
2026-03-22T03:11:33.887Z ALERT: annDP=15.33% solana-all-time-high-by-june-30-2026
2026-03-22T03:13:33.898Z ALERT: annDP=15.33% solana-all-time-high-by-june-30-2026
2026-03-22T03:15:33.058Z ALERT: annDP=15.33% solana-all-time-high-by-june-30-2026
2026-03-22T03:17:33.322Z ALERT: annDP=15.33% solana-all-time-high-by-june-30-2026
2026-03-22T03:19:34.252Z ALERT: annDP=15.33% solana-all-time-high-by-june-30-2026
2026-03-22T03:21:32.997Z ALERT: annDP=15.07% solana-all-time-high-by-june-30-2026
2026-03-22T03:23:33.907Z ALERT: annDP=15.07% solana-all-time-high-by-june-30-2026
2026-03-22T03:25:34.272Z ALERT: annDP=15.07% solana-all-time-high-by-june-30-2026
2026-03-22T03:27:33.864Z ALERT: annDP=15.07% solana-all-time-high-by-june-30-2026
2026-03-22T03:29:33.476Z ALERT: annDP=15.07% solana-all-time-high-by-june-30-2026
2026-03-22T03:31:33.838Z ALERT: annDP=15.07% solana-all-time-high-by-june-30-2026
2026-03-22T03:33:34.483Z ALERT: annDP=15.07% solana-all-time-high-by-june-30-2026
2026-03-22T03:35:33.212Z ALERT: annDP=15.07% solana-all-time-high-by-june-30-2026
2026-03-22T03:37:33.237Z ALERT: annDP=15.07% solana-all-time-high-by-june-30-2026
2026-03-22T03:39:34.352Z ALERT: annDP=15.07% solana-all-time-high-by-june-30-2026
2026-03-22T03:41:33.696Z ALERT: annDP=15.07% solana-all-time-high-by-june-30-2026
2026-03-22T03:43:34.276Z ALERT: annDP=15.07% solana-all-time-high-by-june-30-2026
2026-03-22T03:45:33.172Z ALERT: annDP=15.07% solana-all-time-high-by-june-30-2026
2026-03-22T03:47:33.133Z ALERT: annDP=15.07% solana-all-time-high-by-june-30-2026
2026-03-22T03:49:34.445Z ALERT: annDP=15.07% solana-all-time-high-by-june-30-2026
2026-03-22T03:51:34.225Z ALERT: annDP=15.07% solana-all-time-high-by-june-30-2026
2026-03-22T03:53:34.119Z ALERT: annDP=15.07% solana-all-time-high-by-june-30-2026
2026-03-22T03:55:33.511Z ALERT: annDP=15.07% solana-all-time-high-by-june-30-2026
2026-03-22T03:57:33.991Z ALERT: annDP=15.07% solana-all-time-high-by-june-30-2026
2026-03-22T03:59:34.072Z ALERT: annDP=15.07% solana-all-time-high-by-june-30-2026
2026-03-22T04:01:34.164Z ALERT: annDP=15.07% solana-all-time-high-by-june-30-2026
2026-03-22T04:03:33.163Z ALERT: annDP=15.07% solana-all-time-high-by-june-30-2026
2026-03-22T04:05:34.040Z ALERT: annDP=15.07% solana-all-time-high-by-june-30-2026
2026-03-22T04:07:34.685Z ALERT: annDP=15.07% solana-all-time-high-by-june-30-2026
2026-03-22T04:09:33.265Z ALERT: annDP=15.07% solana-all-time-high-by-june-30-2026
2026-03-22T04:11:34.592Z ALERT: annDP=15.07% solana-all-time-high-by-june-30-2026
2026-03-22T04:13:33.817Z ALERT: annDP=15.07% solana-all-time-high-by-june-30-2026
2026-03-22T04:15:34.383Z ALERT: annDP=15.07% solana-all-time-high-by-june-30-2026
2026-03-22T04:17:33.526Z ALERT: annDP=15.07% solana-all-time-high-by-june-30-2026
2026-03-22T04:19:34.223Z ALERT: annDP=15.07% solana-all-time-high-by-june-30-2026
2026-03-22T04:21:34.118Z ALERT: annDP=15.07% solana-all-time-high-by-june-30-2026
2026-03-22T04:23:33.831Z ALERT: annDP=15.07% solana-all-time-high-by-june-30-2026
2026-03-22T04:25:34.875Z ALERT: annDP=15.07% solana-all-time-high-by-june-30-2026
2026-03-22T04:27:34.105Z ALERT: annDP=15.07% solana-all-time-high-by-june-30-2026
2026-03-22T04:29:34.533Z ALERT: annDP=15.07% solana-all-time-high-by-june-30-2026
2026-03-22T04:31:34.260Z ALERT: annDP=15.07% solana-all-time-high-by-june-30-2026
2026-03-22T04:33:34.538Z ALERT: annDP=15.07% solana-all-time-high-by-june-30-2026
2026-03-22T04:35:33.452Z ALERT: annDP=15.07% solana-all-time-high-by-june-30-2026
2026-03-22T04:37:34.798Z ALERT: annDP=15.07% solana-all-time-high-by-june-30-2026
2026-03-22T04:39:33.842Z ALERT: annDP=15.07% solana-all-time-high-by-june-30-2026
2026-03-22T04:41:33.787Z ALERT: annDP=15.07% solana-all-time-high-by-june-30-2026
2026-03-22T04:43:33.966Z ALERT: annDP=15.07% solana-all-time-high-by-june-30-2026
2026-03-22T04:45:34.344Z ALERT: annDP=15.07% solana-all-time-high-by-june-30-2026
2026-03-22T04:47:33.073Z ALERT: annDP=15.07% solana-all-time-high-by-june-30-2026
2026-03-22T04:49:33.851Z ALERT: annDP=15.07% solana-all-time-high-by-june-30-2026
2026-03-22T04:51:33.911Z ALERT: annDP=15.07% solana-all-time-high-by-june-30-2026
2026-03-22T04:53:34.956Z ALERT: annDP=15.08% solana-all-time-high-by-june-30-2026
2026-03-22T04:55:33.338Z ALERT: annDP=15.08% solana-all-time-high-by-june-30-2026
2026-03-22T04:57:33.332Z ALERT: annDP=15.08% solana-all-time-high-by-june-30-2026
2026-03-22T04:59:33.611Z ALERT: annDP=15.08% solana-all-time-high-by-june-30-2026
2026-03-22T05:01:32.772Z ALERT: annDP=15.08% solana-all-time-high-by-june-30-2026
2026-03-22T05:03:34.164Z ALERT: annDP=15.08% solana-all-time-high-by-june-30-2026
2026-03-22T05:05:33.413Z ALERT: annDP=15.08% solana-all-time-high-by-june-30-2026
2026-03-22T05:07:34.107Z ALERT: annDP=15.08% solana-all-time-high-by-june-30-2026
2026-03-22T05:09:34.704Z ALERT: annDP=15.08% solana-all-time-high-by-june-30-2026
2026-03-22T05:11:34.731Z ALERT: annDP=15.08% solana-all-time-high-by-june-30-2026
2026-03-22T05:13:33.892Z ALERT: annDP=15.08% solana-all-time-high-by-june-30-2026
2026-03-22T05:15:34.222Z ALERT: annDP=15.08% solana-all-time-high-by-june-30-2026
2026-03-22T05:17:34.301Z ALERT: annDP=15.08% solana-all-time-high-by-june-30-2026
2026-03-22T05:19:33.730Z ALERT: annDP=15.08% solana-all-time-high-by-june-30-2026
2026-03-22T05:21:34.391Z ALERT: annDP=15.08% solana-all-time-high-by-june-30-2026
2026-03-22T05:23:34.387Z ALERT: annDP=15.08% solana-all-time-high-by-june-30-2026
2026-03-22T05:25:34.231Z ALERT: annDP=15.08% solana-all-time-high-by-june-30-2026
2026-03-22T05:27:33.977Z ALERT: annDP=15.08% solana-all-time-high-by-june-30-2026
2026-03-22T05:29:35.523Z ALERT: annDP=15.08% solana-all-time-high-by-june-30-2026
2026-03-22T05:31:33.184Z ALERT: annDP=15.08% solana-all-time-high-by-june-30-2026
2026-03-22T05:33:34.645Z ALERT: annDP=15.08% solana-all-time-high-by-june-30-2026
2026-03-22T05:35:29.155Z OK: top annDP=9.34% (xrp-all-time-high-by-june-30-2026), below 14%
2026-03-22T05:37:28.599Z OK: top annDP=9.34% (xrp-all-time-high-by-june-30-2026), below 14%
2026-03-22T05:39:29.078Z OK: top annDP=9.34% (xrp-all-time-high-by-june-30-2026), below 14%
2026-03-22T05:41:29.573Z OK: top annDP=9.34% (solana-all-time-high-by-june-30-2026), below 14%
2026-03-22T05:43:28.832Z OK: top annDP=9.34% (solana-all-time-high-by-june-30-2026), below 14%
2026-03-22T05:45:28.644Z OK: top annDP=9.35% (solana-all-time-high-by-june-30-2026), below 14%
2026-03-22T05:47:29.809Z OK: top annDP=9.66% (solana-all-time-high-by-june-30-2026), below 14%
2026-03-22T05:49:28.990Z OK: top annDP=9.61% (solana-all-time-high-by-june-30-2026), below 14%
2026-03-22T05:51:28.830Z OK: top annDP=9.47% (solana-all-time-high-by-june-30-2026), below 14%
2026-03-22T05:53:29.610Z OK: top annDP=9.34% (xrp-all-time-high-by-june-30-2026), below 14%
2026-03-22T05:55:29.025Z OK: top annDP=9.34% (xrp-all-time-high-by-june-30-2026), below 14%
2026-03-22T05:57:28.984Z OK: top annDP=9.34% (xrp-all-time-high-by-june-30-2026), below 14%
2026-03-22T05:59:30.061Z OK: top annDP=9.34% (xrp-all-time-high-by-june-30-2026), below 14%
2026-03-22T06:01:29.102Z OK: top annDP=9.34% (xrp-all-time-high-by-june-30-2026), below 14%
2026-03-22T06:03:29.401Z OK: top annDP=8.32% (xrp-all-time-high-by-june-30-2026), below 14%
2026-03-22T06:05:28.830Z OK: top annDP=8.37% (xrp-all-time-high-by-june-30-2026), below 14%
2026-03-22T06:07:30.226Z OK: top annDP=8.37% (xrp-all-time-high-by-june-30-2026), below 14%
2026-03-22T06:09:29.870Z OK: top annDP=8.37% (xrp-all-time-high-by-june-30-2026), below 14%
2026-03-22T06:11:29.765Z OK: top annDP=8.37% (xrp-all-time-high-by-june-30-2026), below 14%
2026-03-22T06:13:28.581Z OK: top annDP=8.37% (xrp-all-time-high-by-june-30-2026), below 14%
2026-03-22T06:15:29.176Z OK: top annDP=8.37% (xrp-all-time-high-by-june-30-2026), below 14%
2026-03-22T06:17:28.633Z OK: top annDP=8.37% (xrp-all-time-high-by-june-30-2026), below 14%
2026-03-22T06:19:29.281Z OK: top annDP=8.37% (xrp-all-time-high-by-june-30-2026), below 14%
2026-03-22T06:21:29.309Z OK: top annDP=8.37% (xrp-all-time-high-by-june-30-2026), below 14%
2026-03-22T06:23:29.248Z OK: top annDP=8.37% (xrp-all-time-high-by-june-30-2026), below 14%
2026-03-22T06:25:29.795Z OK: top annDP=8.37% (xrp-all-time-high-by-june-30-2026), below 14%
2026-03-22T06:27:28.561Z OK: top annDP=8.37% (xrp-all-time-high-by-june-30-2026), below 14%
2026-03-22T06:29:29.522Z OK: top annDP=8.37% (xrp-all-time-high-by-june-30-2026), below 14%
2026-03-22T06:31:28.701Z OK: top annDP=8.37% (xrp-all-time-high-by-june-30-2026), below 14%
2026-03-22T06:33:29.202Z OK: top annDP=8.37% (xrp-all-time-high-by-june-30-2026), below 14%
2026-03-22T06:35:29.628Z OK: top annDP=8.37% (xrp-all-time-high-by-june-30-2026), below 14%
2026-03-22T06:37:29.666Z OK: top annDP=8.37% (xrp-all-time-high-by-june-30-2026), below 14%
2026-03-22T06:39:28.882Z OK: top annDP=8.37% (xrp-all-time-high-by-june-30-2026), below 14%
2026-03-22T06:41:28.725Z OK: top annDP=8.37% (xrp-all-time-high-by-june-30-2026), below 14%
2026-03-22T06:43:29.042Z OK: top annDP=8.15% (solana-all-time-high-by-june-30-2026), below 14%
2026-03-22T06:45:54.947Z ERROR: page.click: Timeout 30000ms exceeded.
Call log:
  - waiting for locator('#refresh-button')

2026-03-22T06:47:29.680Z OK: top annDP=8.15% (solana-all-time-high-by-june-30-2026), below 14%
2026-03-22T06:49:29.308Z OK: top annDP=8.37% (xrp-all-time-high-by-june-30-2026), below 14%
2026-03-22T06:51:30.022Z OK: top annDP=8.37% (xrp-all-time-high-by-june-30-2026), below 14%
2026-03-22T06:53:16.808Z ERROR: page.goto: net::ERR_NAME_NOT_RESOLVED at https://inv.ondatamint.com/searcher/
Call log:
  - navigating to "https://inv.ondatamint.com/searcher/", waiting until "networkidle"

2026-03-22T06:55:01.425Z ERROR: page.goto: net::ERR_NAME_NOT_RESOLVED at https://inv.ondatamint.com/searcher/
Call log:
  - navigating to "https://inv.ondatamint.com/searcher/", waiting until "networkidle"

2026-03-22T06:58:01.683Z ERROR: page.goto: Timeout 60000ms exceeded.
Call log:
  - navigating to "https://inv.ondatamint.com/searcher/", waiting until "networkidle"

2026-03-22T06:59:01.992Z ERROR: page.goto: net::ERR_NAME_NOT_RESOLVED at https://inv.ondatamint.com/searcher/
Call log:
  - navigating to "https://inv.ondatamint.com/searcher/", waiting until "networkidle"

2026-03-22T07:01:29.895Z OK: top annDP=8.37% (xrp-all-time-high-by-june-30-2026), below 14%
2026-03-22T07:03:29.706Z OK: top annDP=8.37% (xrp-all-time-high-by-june-30-2026), below 14%
2026-03-22T07:05:29.756Z OK: top annDP=8.37% (xrp-all-time-high-by-june-30-2026), below 14%
2026-03-22T07:07:29.567Z OK: top annDP=8.37% (xrp-all-time-high-by-june-30-2026), below 14%
2026-03-22T07:09:28.496Z OK: top annDP=8.37% (xrp-all-time-high-by-june-30-2026), below 14%
2026-03-22T07:11:29.522Z OK: top annDP=8.37% (xrp-all-time-high-by-june-30-2026), below 14%
2026-03-22T07:13:29.661Z OK: top annDP=8.37% (xrp-all-time-high-by-june-30-2026), below 14%
2026-03-22T07:15:29.948Z OK: top annDP=8.37% (xrp-all-time-high-by-june-30-2026), below 14%
2026-03-22T07:17:29.726Z OK: top annDP=8.37% (xrp-all-time-high-by-june-30-2026), below 14%
2026-03-22T07:19:28.805Z OK: top annDP=8.37% (xrp-all-time-high-by-june-30-2026), below 14%
2026-03-22T07:21:29.015Z OK: top annDP=8.37% (xrp-all-time-high-by-june-30-2026), below 14%
2026-03-22T07:23:29.313Z OK: top annDP=8.37% (xrp-all-time-high-by-june-30-2026), below 14%
2026-03-22T07:25:29.522Z OK: top annDP=8.37% (xrp-all-time-high-by-june-30-2026), below 14%
2026-03-22T07:27:30.303Z OK: top annDP=8.37% (xrp-all-time-high-by-june-30-2026), below 14%
2026-03-22T07:29:28.915Z OK: top annDP=8.37% (xrp-all-time-high-by-june-30-2026), below 14%
2026-03-22T07:31:30.058Z OK: top annDP=8.37% (xrp-all-time-high-by-june-30-2026), below 14%
2026-03-22T07:33:30.040Z OK: top annDP=8.37% (xrp-all-time-high-by-june-30-2026), below 14%
2026-03-22T07:35:29.858Z OK: top annDP=8.37% (xrp-all-time-high-by-june-30-2026), below 14%
2026-03-22T07:37:29.595Z OK: top annDP=8.37% (xrp-all-time-high-by-june-30-2026), below 14%
2026-03-22T07:39:28.874Z OK: top annDP=8.37% (xrp-all-time-high-by-june-30-2026), below 14%
2026-03-22T07:41:28.718Z OK: top annDP=8.38% (xrp-all-time-high-by-june-30-2026), below 14%
2026-03-22T07:43:30.378Z OK: top annDP=8.66% (xrp-all-time-high-by-june-30-2026), below 14%
2026-03-22T07:45:30.374Z OK: top annDP=8.66% (xrp-all-time-high-by-june-30-2026), below 14%
2026-03-22T07:47:30.369Z OK: top annDP=8.38% (xrp-all-time-high-by-june-30-2026), below 14%
2026-03-22T07:49:28.634Z OK: top annDP=8.66% (xrp-all-time-high-by-june-30-2026), below 14%
2026-03-22T07:51:29.561Z OK: top annDP=8.38% (xrp-all-time-high-by-june-30-2026), below 14%
2026-03-22T07:53:30.090Z OK: top annDP=8.66% (xrp-all-time-high-by-june-30-2026), below 14%
2026-03-22T07:53:42.888Z OK: top annDP=8.66% (xrp-all-time-high-by-june-30-2026), below 14%
2026-03-22T07:54:14.006Z OK: top annDP=8.66% (xrp-all-time-high-by-june-30-2026), below 14%
2026-03-22T07:55:29.201Z OK: top annDP=8.66% (xrp-all-time-high-by-june-30-2026), below 14%
2026-03-22T07:57:29.997Z OK: top annDP=8.66% (xrp-all-time-high-by-june-30-2026), below 14%
2026-03-22T08:00:01.329Z ERROR: page.goto: Timeout 60000ms exceeded.
Call log:
  - navigating to "https://inv.ondatamint.com/searcher/", waiting until "networkidle"

2026-03-22T08:01:30.066Z OK: top annDP=8.16% (solana-all-time-high-by-june-30-2026), below 14%
2026-03-22T08:03:30.231Z OK: top annDP=8.16% AP=+238.0% (solana-all-time-high-by-june-30-2026), below 14%
2026-03-22T08:05:30.226Z OK: top annDP=8.16% AP=+238.4% (solana-all-time-high-by-june-30-2026), below 14%
2026-03-22T08:07:29.451Z OK: top annDP=8.38% AP=+161.1% (xrp-all-time-high-by-june-30-2026), below 14%
2026-03-22T08:09:28.903Z OK: top annDP=8.38% AP=+161.5% (xrp-all-time-high-by-june-30-2026), below 14%
2026-03-22T08:12:01.833Z ERROR: page.goto: Timeout 60000ms exceeded.
Call log:
  - navigating to "https://inv.ondatamint.com/searcher/", waiting until "networkidle"

2026-03-22T08:13:29.590Z OK: top annDP=8.09% AP=+238.1% (solana-all-time-high-by-june-30-2026), below 14%
2026-03-22T08:15:30.637Z OK: top annDP=8.09% AP=+238.0% (solana-all-time-high-by-june-30-2026), below 14%
2026-03-22T08:17:30.181Z OK: top annDP=8.38% AP=+161.4% (xrp-all-time-high-by-june-30-2026), below 14%
2026-03-22T08:19:29.092Z OK: top annDP=8.38% AP=+162.0% (xrp-all-time-high-by-june-30-2026), below 14%
2026-03-22T08:21:29.705Z OK: top annDP=8.38% AP=+162.2% (xrp-all-time-high-by-june-30-2026), below 14%
2026-03-22T08:23:30.167Z OK: top annDP=8.38% AP=+162.3% (xrp-all-time-high-by-june-30-2026), below 14%
2026-03-22T08:25:29.929Z OK: top annDP=8.33% AP=+161.9% (xrp-all-time-high-by-june-30-2026), below 14%
2026-03-22T08:27:29.359Z OK: top annDP=8.33% AP=+161.8% (xrp-all-time-high-by-june-30-2026), below 14%
2026-03-22T08:29:29.487Z OK: top annDP=8.33% AP=+162.5% (xrp-all-time-high-by-june-30-2026), below 14%
2026-03-22T08:31:29.179Z OK: top annDP=8.62% AP=+162.2% (xrp-all-time-high-by-june-30-2026), below 14%
2026-03-22T08:33:28.689Z OK: top annDP=8.62% AP=+162.0% (xrp-all-time-high-by-june-30-2026), below 14%
2026-03-22T08:35:29.750Z OK: top annDP=8.62% AP=+162.3% (xrp-all-time-high-by-june-30-2026), below 14%
2026-03-22T08:37:01.360Z ERROR: page.goto: net::ERR_NAME_NOT_RESOLVED at https://inv.ondatamint.com/searcher/
Call log:
  - navigating to "https://inv.ondatamint.com/searcher/", waiting until "networkidle"

2026-03-22T08:39:29.662Z OK: top annDP=8.62% AP=+162.1% (xrp-all-time-high-by-june-30-2026), below 14%
2026-03-22T08:41:29.656Z OK: top annDP=8.62% AP=+161.9% (xrp-all-time-high-by-june-30-2026), below 14%
2026-03-22T08:43:29.753Z OK: top annDP=8.62% AP=+161.7% (xrp-all-time-high-by-june-30-2026), below 14%
2026-03-22T08:45:30.214Z OK: top annDP=8.62% AP=+161.8% (xrp-all-time-high-by-june-30-2026), below 14%
2026-03-22T08:47:29.711Z OK: top annDP=8.62% AP=+161.7% (xrp-all-time-high-by-june-30-2026), below 14%
2026-03-22T08:49:30.224Z OK: top annDP=8.09% AP=+238.8% (solana-all-time-high-by-june-30-2026), below 14%
2026-03-22T08:51:28.903Z OK: top annDP=8.09% AP=+238.9% (solana-all-time-high-by-june-30-2026), below 14%
2026-03-22T08:53:29.775Z OK: top annDP=8.09% AP=+239.2% (solana-all-time-high-by-june-30-2026), below 14%
2026-03-22T08:55:29.289Z OK: top annDP=8.33% AP=+161.7% (xrp-all-time-high-by-june-30-2026), below 14%
2026-03-22T08:57:29.533Z OK: top annDP=8.09% AP=+238.9% (solana-all-time-high-by-june-30-2026), below 14%
2026-03-22T08:59:29.297Z OK: top annDP=8.09% AP=+238.5% (solana-all-time-high-by-june-30-2026), below 14%
2026-03-22T09:01:30.194Z OK: top annDP=8.62% AP=+161.7% (xrp-all-time-high-by-june-30-2026), below 14%
2026-03-22T09:03:29.221Z OK: top annDP=8.16% AP=+238.5% (solana-all-time-high-by-june-30-2026), below 14%
2026-03-22T09:05:29.119Z OK: top annDP=8.16% AP=+238.5% (solana-all-time-high-by-june-30-2026), below 14%
2026-03-22T09:07:29.994Z OK: top annDP=8.16% AP=+238.2% (solana-all-time-high-by-june-30-2026), below 14%
2026-03-22T09:09:29.088Z OK: top annDP=8.09% AP=+237.9% (solana-all-time-high-by-june-30-2026), below 14%
2026-03-22T09:11:29.818Z OK: top annDP=8.09% AP=+237.8% (solana-all-time-high-by-june-30-2026), below 14%
2026-03-22T09:13:29.946Z OK: top annDP=8.08% AP=+237.9% (solana-all-time-high-by-june-30-2026), below 14%
2026-03-22T09:15:28.662Z OK: top annDP=8.09% AP=+237.7% (solana-all-time-high-by-june-30-2026), below 14%
2026-03-22T09:17:29.565Z OK: top annDP=8.09% AP=+238.1% (solana-all-time-high-by-june-30-2026), below 14%
2026-03-22T09:19:29.781Z OK: top annDP=8.09% AP=+238.8% (solana-all-time-high-by-june-30-2026), below 14%
2026-03-22T09:21:29.790Z OK: top annDP=8.09% AP=+238.8% (solana-all-time-high-by-june-30-2026), below 14%
2026-03-22T09:23:29.467Z OK: top annDP=8.09% AP=+238.3% (solana-all-time-high-by-june-30-2026), below 14%
2026-03-22T09:25:30.035Z OK: top annDP=8.62% AP=+161.9% (xrp-all-time-high-by-june-30-2026), below 14%
2026-03-22T09:27:29.979Z OK: top annDP=8.12% AP=+239.3% (solana-all-time-high-by-june-30-2026), below 14%
2026-03-22T09:29:28.824Z OK: top annDP=8.12% AP=+238.9% (solana-all-time-high-by-june-30-2026), below 14%
2026-03-22T09:31:29.040Z OK: top annDP=8.12% AP=+239.1% (solana-all-time-high-by-june-30-2026), below 14%
2026-03-22T09:33:29.666Z OK: top annDP=8.62% AP=+162.3% (xrp-all-time-high-by-june-30-2026), below 14%
2026-03-22T09:35:29.978Z OK: top annDP=8.62% AP=+162.2% (xrp-all-time-high-by-june-30-2026), below 14%
2026-03-22T09:37:28.927Z OK: top annDP=8.62% AP=+162.2% (xrp-all-time-high-by-june-30-2026), below 14%
2026-03-22T09:39:29.804Z OK: top annDP=8.1% AP=+238.6% (solana-all-time-high-by-june-30-2026), below 14%
2026-03-22T09:41:29.913Z OK: top annDP=8.1% AP=+238.5% (solana-all-time-high-by-june-30-2026), below 14%
2026-03-22T09:43:29.285Z OK: top annDP=8.62% AP=+162.0% (xrp-all-time-high-by-june-30-2026), below 14%
2026-03-22T09:45:29.684Z OK: top annDP=8.1% AP=+238.5% (solana-all-time-high-by-june-30-2026), below 14%
2026-03-22T09:47:29.228Z OK: top annDP=8.1% AP=+238.4% (solana-all-time-high-by-june-30-2026), below 14%
2026-03-22T09:49:29.992Z OK: top annDP=7.97% AP=+238.4% (solana-all-time-high-by-june-30-2026), below 14%
2026-03-22T09:51:29.788Z OK: top annDP=8.63% AP=+162.2% (xrp-all-time-high-by-june-30-2026), below 14%
2026-03-22T09:53:29.736Z OK: top annDP=7.98% AP=+239.0% (solana-all-time-high-by-june-30-2026), below 14%
2026-03-22T09:55:29.180Z OK: top annDP=7.98% AP=+238.8% (solana-all-time-high-by-june-30-2026), below 14%
2026-03-22T09:57:29.557Z OK: top annDP=8.63% AP=+162.1% (xrp-all-time-high-by-june-30-2026), below 14%
2026-03-22T09:59:29.135Z OK: top annDP=8.34% AP=+162.1% (xrp-all-time-high-by-june-30-2026), below 14%
2026-03-22T10:01:29.412Z OK: top annDP=8.34% AP=+162.3% (xrp-all-time-high-by-june-30-2026), below 14%
2026-03-22T10:03:29.310Z OK: top annDP=8.34% AP=+162.2% (xrp-all-time-high-by-june-30-2026), below 14%
2026-03-22T10:05:29.273Z OK: top annDP=8.34% AP=+162.1% (xrp-all-time-high-by-june-30-2026), below 14%
2026-03-22T10:07:28.382Z OK: top annDP=8.34% AP=+162.5% (xrp-all-time-high-by-june-30-2026), below 14%
2026-03-22T10:09:28.715Z OK: top annDP=8.34% AP=+162.5% (xrp-all-time-high-by-june-30-2026), below 14%
2026-03-22T10:11:29.644Z OK: top annDP=8.34% AP=+162.6% (xrp-all-time-high-by-june-30-2026), below 14%
2026-03-22T10:13:29.572Z OK: top annDP=8.34% AP=+162.7% (xrp-all-time-high-by-june-30-2026), below 14%
2026-03-22T10:15:29.466Z OK: top annDP=8.34% AP=+162.7% (xrp-all-time-high-by-june-30-2026), below 14%
2026-03-22T10:17:29.595Z OK: top annDP=8.34% AP=+162.8% (xrp-all-time-high-by-june-30-2026), below 14%
2026-03-22T10:19:29.223Z OK: top annDP=8.34% AP=+162.5% (xrp-all-time-high-by-june-30-2026), below 14%
2026-03-22T10:21:29.864Z OK: top annDP=8.34% AP=+162.8% (xrp-all-time-high-by-june-30-2026), below 14%
2026-03-22T10:23:29.778Z OK: top annDP=8.63% AP=+162.9% (xrp-all-time-high-by-june-30-2026), below 14%
2026-03-22T10:25:29.373Z OK: top annDP=8.63% AP=+163.0% (xrp-all-time-high-by-june-30-2026), below 14%
2026-03-22T10:27:29.036Z OK: top annDP=8.63% AP=+163.1% (xrp-all-time-high-by-june-30-2026), below 14%
2026-03-22T10:29:29.700Z OK: top annDP=8.63% AP=+163.1% (xrp-all-time-high-by-june-30-2026), below 14%
2026-03-22T10:31:29.646Z OK: top annDP=8.34% AP=+163.0% (xrp-all-time-high-by-june-30-2026), below 14%
2026-03-22T10:33:29.421Z OK: top annDP=8.63% AP=+163.0% (xrp-all-time-high-by-june-30-2026), below 14%
2026-03-22T10:35:28.586Z OK: top annDP=8.63% AP=+163.4% (xrp-all-time-high-by-june-30-2026), below 14%
2026-03-22T10:37:30.377Z OK: top annDP=8.63% AP=+163.7% (xrp-all-time-high-by-june-30-2026), below 14%
2026-03-22T10:39:28.991Z OK: top annDP=8.63% AP=+163.5% (xrp-all-time-high-by-june-30-2026), below 14%
2026-03-22T10:41:30.064Z OK: top annDP=8.63% AP=+163.9% (xrp-all-time-high-by-june-30-2026), below 14%
2026-03-22T10:43:29.882Z OK: top annDP=8.34% AP=+163.7% (xrp-all-time-high-by-june-30-2026), below 14%
2026-03-22T10:45:28.995Z OK: top annDP=8.34% AP=+163.6% (xrp-all-time-high-by-june-30-2026), below 14%
2026-03-22T10:47:29.173Z OK: top annDP=8.63% AP=+163.6% (xrp-all-time-high-by-june-30-2026), below 14%
2026-03-22T10:49:30.616Z OK: top annDP=8.63% AP=+163.8% (xrp-all-time-high-by-june-30-2026), below 14%
2026-03-22T10:51:28.993Z OK: top annDP=8.34% AP=+163.7% (xrp-all-time-high-by-june-30-2026), below 14%
2026-03-22T10:53:29.257Z OK: top annDP=8.63% AP=+163.6% (xrp-all-time-high-by-june-30-2026), below 14%
2026-03-22T10:55:28.538Z OK: top annDP=8.63% AP=+163.7% (xrp-all-time-high-by-june-30-2026), below 14%
2026-03-22T10:57:29.164Z OK: top annDP=8.63% AP=+163.6% (xrp-all-time-high-by-june-30-2026), below 14%
2026-03-22T10:59:30.026Z OK: top annDP=8.63% AP=+163.5% (xrp-all-time-high-by-june-30-2026), below 14%
2026-03-22T11:01:29.822Z OK: top annDP=8.63% AP=+163.7% (xrp-all-time-high-by-june-30-2026), below 14%
2026-03-22T11:03:29.862Z OK: top annDP=8.63% AP=+163.8% (xrp-all-time-high-by-june-30-2026), below 14%
2026-03-22T11:05:28.729Z OK: top annDP=8.63% AP=+164.0% (xrp-all-time-high-by-june-30-2026), below 14%
2026-03-22T11:07:29.988Z OK: top annDP=8.34% AP=+163.7% (xrp-all-time-high-by-june-30-2026), below 14%
2026-03-22T11:09:29.466Z OK: top annDP=8.63% AP=+163.6% (xrp-all-time-high-by-june-30-2026), below 14%
2026-03-22T11:11:30.213Z OK: top annDP=8.63% AP=+163.5% (xrp-all-time-high-by-june-30-2026), below 14%
2026-03-22T11:13:29.526Z OK: top annDP=8.63% AP=+163.5% (xrp-all-time-high-by-june-30-2026), below 14%
2026-03-22T11:15:29.771Z OK: top annDP=8.63% AP=+163.6% (xrp-all-time-high-by-june-30-2026), below 14%
2026-03-22T11:17:29.483Z OK: top annDP=8.63% AP=+163.6% (xrp-all-time-high-by-june-30-2026), below 14%
2026-03-22T11:19:29.994Z OK: top annDP=8.63% AP=+163.5% (xrp-all-time-high-by-june-30-2026), below 14%
2026-03-22T11:21:29.456Z OK: top annDP=8.34% AP=+163.6% (xrp-all-time-high-by-june-30-2026), below 14%
2026-03-22T11:23:30.453Z OK: top annDP=8.63% AP=+163.2% (xrp-all-time-high-by-june-30-2026), below 14%
2026-03-22T11:25:28.831Z OK: top annDP=8.63% AP=+163.2% (xrp-all-time-high-by-june-30-2026), below 14%
2026-03-22T11:27:29.859Z OK: top annDP=8.34% AP=+163.7% (xrp-all-time-high-by-june-30-2026), below 14%
2026-03-22T11:29:30.004Z OK: top annDP=8.63% AP=+163.7% (xrp-all-time-high-by-june-30-2026), below 14%
2026-03-22T11:31:28.983Z OK: top annDP=8.34% AP=+163.6% (xrp-all-time-high-by-june-30-2026), below 14%
2026-03-22T11:33:29.363Z OK: top annDP=8.63% AP=+163.6% (xrp-all-time-high-by-june-30-2026), below 14%
2026-03-22T11:35:29.171Z OK: top annDP=8.63% AP=+163.3% (xrp-all-time-high-by-june-30-2026), below 14%
2026-03-22T11:37:29.713Z OK: top annDP=8.63% AP=+163.3% (xrp-all-time-high-by-june-30-2026), below 14%
2026-03-22T11:39:31.165Z OK: top annDP=8.34% AP=+163.0% (xrp-all-time-high-by-june-30-2026), below 14%
2026-03-22T11:41:30.889Z OK: top annDP=8.34% AP=+162.6% (xrp-all-time-high-by-june-30-2026), below 14%
2026-03-22T11:43:29.404Z OK: top annDP=8.63% AP=+163.1% (xrp-all-time-high-by-june-30-2026), below 14%
2026-03-22T11:45:30.499Z OK: top annDP=8.63% AP=+162.9% (xrp-all-time-high-by-june-30-2026), below 14%
2026-03-22T11:47:28.678Z OK: top annDP=8.63% AP=+162.9% (xrp-all-time-high-by-june-30-2026), below 14%
2026-03-22T11:49:29.004Z OK: top annDP=8.63% AP=+162.9% (xrp-all-time-high-by-june-30-2026), below 14%
2026-03-22T11:51:30.252Z OK: top annDP=8.35% AP=+162.8% (xrp-all-time-high-by-june-30-2026), below 14%
2026-03-22T11:53:30.000Z OK: top annDP=8.63% AP=+163.0% (xrp-all-time-high-by-june-30-2026), below 14%
2026-03-22T11:55:29.807Z OK: top annDP=8.63% AP=+162.8% (xrp-all-time-high-by-june-30-2026), below 14%
2026-03-22T11:57:30.719Z OK: top annDP=8.63% AP=+163.0% (xrp-all-time-high-by-june-30-2026), below 14%
2026-03-22T11:59:30.149Z OK: top annDP=8.63% AP=+163.1% (xrp-all-time-high-by-june-30-2026), below 14%
2026-03-22T12:01:29.805Z OK: top annDP=8.35% AP=+163.2% (xrp-all-time-high-by-june-30-2026), below 14%
2026-03-22T12:03:29.603Z OK: top annDP=8.63% AP=+162.8% (xrp-all-time-high-by-june-30-2026), below 14%
2026-03-22T12:05:30.401Z OK: top annDP=8.35% AP=+162.9% (xrp-all-time-high-by-june-30-2026), below 14%
2026-03-22T12:07:28.782Z OK: top annDP=8.63% AP=+162.6% (xrp-all-time-high-by-june-30-2026), below 14%
2026-03-22T12:09:30.191Z OK: top annDP=8.63% AP=+162.7% (xrp-all-time-high-by-june-30-2026), below 14%
2026-03-22T12:11:29.104Z OK: top annDP=8.13% AP=+240.1% (solana-all-time-high-by-june-30-2026), below 14%
2026-03-22T12:13:30.715Z OK: top annDP=8.13% AP=+240.2% (solana-all-time-high-by-june-30-2026), below 14%
2026-03-22T12:15:29.042Z OK: top annDP=8.14% AP=+240.2% (solana-all-time-high-by-june-30-2026), below 14%
2026-03-22T12:17:30.604Z OK: top annDP=8.14% AP=+240.1% (solana-all-time-high-by-june-30-2026), below 14%
2026-03-22T12:19:30.284Z OK: top annDP=8.92% AP=+162.3% (xrp-all-time-high-by-june-30-2026), below 14%
2026-03-22T12:21:30.295Z OK: top annDP=8.92% AP=+162.1% (xrp-all-time-high-by-june-30-2026), below 14%
2026-03-22T12:23:29.589Z OK: top annDP=8.63% AP=+162.1% (xrp-all-time-high-by-june-30-2026), below 14%
2026-03-22T12:25:30.020Z OK: top annDP=8.63% AP=+161.6% (xrp-all-time-high-by-june-30-2026), below 14%
2026-03-22T12:27:29.985Z OK: top annDP=8.63% AP=+161.5% (xrp-all-time-high-by-june-30-2026), below 14%
2026-03-22T12:29:30.359Z OK: top annDP=8.63% AP=+161.5% (xrp-all-time-high-by-june-30-2026), below 14%
2026-03-22T12:31:30.390Z OK: top annDP=8.92% AP=+161.5% (xrp-all-time-high-by-june-30-2026), below 14%
2026-03-22T12:33:29.103Z OK: top annDP=8.92% AP=+161.4% (xrp-all-time-high-by-june-30-2026), below 14%
2026-03-22T12:35:28.909Z OK: top annDP=8.92% AP=+161.6% (xrp-all-time-high-by-june-30-2026), below 14%
2026-03-22T12:37:29.425Z OK: top annDP=8.92% AP=+161.6% (xrp-all-time-high-by-june-30-2026), below 14%
2026-03-22T12:39:29.601Z OK: top annDP=8.92% AP=+161.7% (xrp-all-time-high-by-june-30-2026), below 14%
2026-03-22T12:41:29.699Z OK: top annDP=8.92% AP=+161.7% (xrp-all-time-high-by-june-30-2026), below 14%
2026-03-22T12:43:30.328Z OK: top annDP=8.63% AP=+161.7% (xrp-all-time-high-by-june-30-2026), below 14%
2026-03-22T12:45:29.202Z OK: top annDP=8.63% AP=+161.7% (xrp-all-time-high-by-june-30-2026), below 14%
2026-03-22T12:47:29.411Z OK: top annDP=8.64% AP=+161.6% (xrp-all-time-high-by-june-30-2026), below 14%
2026-03-22T12:49:28.346Z OK: top annDP=8.64% AP=+161.5% (xrp-all-time-high-by-june-30-2026), below 14%
2026-03-22T12:51:29.189Z OK: top annDP=8.64% AP=+161.9% (xrp-all-time-high-by-june-30-2026), below 14%
2026-03-22T12:53:29.585Z OK: top annDP=8.64% AP=+161.8% (xrp-all-time-high-by-june-30-2026), below 14%
2026-03-22T12:55:30.399Z OK: top annDP=8.64% AP=+161.8% (xrp-all-time-high-by-june-30-2026), below 14%
2026-03-22T12:57:29.478Z OK: top annDP=8.64% AP=+161.6% (xrp-all-time-high-by-june-30-2026), below 14%
2026-03-22T12:59:29.706Z OK: top annDP=8.64% AP=+161.5% (xrp-all-time-high-by-june-30-2026), below 14%
2026-03-22T13:01:30.632Z OK: top annDP=8.64% AP=+161.4% (xrp-all-time-high-by-june-30-2026), below 14%
2026-03-22T13:03:30.713Z OK: top annDP=8.35% AP=+161.0% (xrp-all-time-high-by-june-30-2026), below 14%
2026-03-22T13:05:30.580Z OK: top annDP=8.35% AP=+160.6% (xrp-all-time-high-by-june-30-2026), below 14%
2026-03-22T13:07:29.035Z OK: top annDP=8.35% AP=+160.6% (xrp-all-time-high-by-june-30-2026), below 14%
2026-03-22T13:09:29.467Z OK: top annDP=8.35% AP=+160.5% (xrp-all-time-high-by-june-30-2026), below 14%
2026-03-22T13:11:29.759Z OK: top annDP=8.35% AP=+160.6% (xrp-all-time-high-by-june-30-2026), below 14%
2026-03-22T13:13:30.388Z OK: top annDP=8.35% AP=+160.6% (xrp-all-time-high-by-june-30-2026), below 14%
2026-03-22T13:15:30.081Z OK: top annDP=8.35% AP=+160.5% (xrp-all-time-high-by-june-30-2026), below 14%
2026-03-22T13:17:29.513Z OK: top annDP=8.35% AP=+160.7% (xrp-all-time-high-by-june-30-2026), below 14%
2026-03-22T13:19:29.705Z OK: top annDP=8.35% AP=+160.8% (xrp-all-time-high-by-june-30-2026), below 14%
2026-03-22T13:21:29.221Z OK: top annDP=8.35% AP=+160.8% (xrp-all-time-high-by-june-30-2026), below 14%
2026-03-22T13:23:29.246Z OK: top annDP=8.35% AP=+160.9% (xrp-all-time-high-by-june-30-2026), below 14%
2026-03-22T13:25:28.443Z OK: top annDP=8.64% AP=+161.2% (xrp-all-time-high-by-june-30-2026), below 14%
2026-03-22T13:27:29.438Z OK: top annDP=8.64% AP=+161.4% (xrp-all-time-high-by-june-30-2026), below 14%
2026-03-22T13:29:29.434Z OK: top annDP=8.64% AP=+161.2% (xrp-all-time-high-by-june-30-2026), below 14%
2026-03-22T13:31:29.007Z OK: top annDP=8.64% AP=+161.1% (xrp-all-time-high-by-june-30-2026), below 14%
2026-03-22T13:33:28.476Z OK: top annDP=8.64% AP=+161.4% (xrp-all-time-high-by-june-30-2026), below 14%
2026-03-22T13:35:29.817Z OK: top annDP=8.64% AP=+161.5% (xrp-all-time-high-by-june-30-2026), below 14%
2026-03-22T13:37:30.329Z OK: top annDP=8.64% AP=+161.7% (xrp-all-time-high-by-june-30-2026), below 14%
2026-03-22T13:39:29.410Z OK: top annDP=8.64% AP=+161.9% (xrp-all-time-high-by-june-30-2026), below 14%
2026-03-22T13:41:29.341Z OK: top annDP=8.64% AP=+161.9% (xrp-all-time-high-by-june-30-2026), below 14%
2026-03-22T13:43:30.265Z OK: top annDP=8.12% AP=+239.8% (solana-all-time-high-by-june-30-2026), below 14%
2026-03-22T13:45:29.291Z OK: top annDP=8.64% AP=+161.9% (xrp-all-time-high-by-june-30-2026), below 14%
2026-03-22T13:47:29.190Z OK: top annDP=8.64% AP=+162.0% (xrp-all-time-high-by-june-30-2026), below 14%
2026-03-22T13:49:29.416Z OK: top annDP=8.64% AP=+161.9% (xrp-all-time-high-by-june-30-2026), below 14%
2026-03-22T13:51:29.528Z OK: top annDP=8.64% AP=+161.9% (xrp-all-time-high-by-june-30-2026), below 14%
2026-03-22T13:53:30.023Z OK: top annDP=8.64% AP=+161.8% (xrp-all-time-high-by-june-30-2026), below 14%
2026-03-22T13:55:29.584Z OK: top annDP=8.64% AP=+161.9% (xrp-all-time-high-by-june-30-2026), below 14%
2026-03-22T13:57:29.649Z OK: top annDP=8.64% AP=+161.8% (xrp-all-time-high-by-june-30-2026), below 14%
2026-03-22T13:59:28.895Z OK: top annDP=8.64% AP=+161.8% (xrp-all-time-high-by-june-30-2026), below 14%
2026-03-22T14:01:29.488Z OK: top annDP=8.64% AP=+161.6% (xrp-all-time-high-by-june-30-2026), below 14%
2026-03-22T14:03:29.781Z OK: top annDP=8.64% AP=+161.9% (xrp-all-time-high-by-june-30-2026), below 14%
2026-03-22T14:05:29.680Z OK: top annDP=8.64% AP=+162.1% (xrp-all-time-high-by-june-30-2026), below 14%
2026-03-22T14:07:29.251Z OK: top annDP=8.64% AP=+162.0% (xrp-all-time-high-by-june-30-2026), below 14%
2026-03-22T14:09:30.253Z OK: top annDP=8.64% AP=+162.0% (xrp-all-time-high-by-june-30-2026), below 14%
2026-03-22T14:11:29.947Z OK: top annDP=8.64% AP=+161.6% (xrp-all-time-high-by-june-30-2026), below 14%
2026-03-22T14:13:30.178Z OK: top annDP=8.64% AP=+161.6% (xrp-all-time-high-by-june-30-2026), below 14%
2026-03-22T14:15:30.334Z OK: top annDP=8.64% AP=+161.4% (xrp-all-time-high-by-june-30-2026), below 14%
2026-03-22T14:17:31.067Z OK: top annDP=8.64% AP=+161.5% (xrp-all-time-high-by-june-30-2026), below 14%
2026-03-22T14:19:30.146Z OK: top annDP=8.64% AP=+161.6% (xrp-all-time-high-by-june-30-2026), below 14%
2026-03-22T14:21:29.073Z OK: top annDP=8.64% AP=+161.6% (xrp-all-time-high-by-june-30-2026), below 14%
2026-03-22T14:23:29.802Z OK: top annDP=8.64% AP=+161.5% (xrp-all-time-high-by-june-30-2026), below 14%
2026-03-22T14:25:30.665Z OK: top annDP=8.64% AP=+161.1% (xrp-all-time-high-by-june-30-2026), below 14%
2026-03-22T14:27:29.610Z OK: top annDP=8.64% AP=+161.5% (xrp-all-time-high-by-june-30-2026), below 14%
2026-03-22T14:29:29.786Z OK: top annDP=8.64% AP=+161.4% (xrp-all-time-high-by-june-30-2026), below 14%
2026-03-22T14:31:30.048Z OK: top annDP=8.64% AP=+161.3% (xrp-all-time-high-by-june-30-2026), below 14%
2026-03-22T14:33:30.396Z OK: top annDP=8.64% AP=+161.3% (xrp-all-time-high-by-june-30-2026), below 14%
2026-03-22T14:35:29.223Z OK: top annDP=8.64% AP=+161.5% (xrp-all-time-high-by-june-30-2026), below 14%
2026-03-22T14:37:29.470Z OK: top annDP=8.64% AP=+161.4% (xrp-all-time-high-by-june-30-2026), below 14%
2026-03-22T14:39:29.815Z OK: top annDP=8.35% AP=+161.0% (xrp-all-time-high-by-june-30-2026), below 14%
2026-03-22T14:41:29.861Z OK: top annDP=12.79% AP=+238.2% (solana-all-time-high-by-june-30-2026), below 14%
2026-03-22T14:43:29.991Z OK: top annDP=12.79% AP=+238.6% (solana-all-time-high-by-june-30-2026), below 14%
2026-03-22T14:45:30.517Z OK: top annDP=12.79% AP=+238.4% (solana-all-time-high-by-june-30-2026), below 14%
2026-03-22T14:47:29.829Z OK: top annDP=12.79% AP=+238.8% (solana-all-time-high-by-june-30-2026), below 14%
2026-03-22T14:49:30.139Z OK: top annDP=12.79% AP=+238.7% (solana-all-time-high-by-june-30-2026), below 14%
2026-03-22T14:51:29.652Z OK: top annDP=12.79% AP=+239.1% (solana-all-time-high-by-june-30-2026), below 14%
2026-03-22T14:53:29.549Z OK: top annDP=12.79% AP=+239.1% (solana-all-time-high-by-june-30-2026), below 14%
2026-03-22T14:55:29.290Z OK: top annDP=12.79% AP=+239.4% (solana-all-time-high-by-june-30-2026), below 14%
2026-03-22T14:57:29.820Z OK: top annDP=12.79% AP=+239.6% (solana-all-time-high-by-june-30-2026), below 14%
2026-03-22T14:59:29.300Z OK: top annDP=12.79% AP=+239.4% (solana-all-time-high-by-june-30-2026), below 14%
2026-03-22T15:01:28.530Z OK: top annDP=12.79% AP=+239.2% (solana-all-time-high-by-june-30-2026), below 14%
2026-03-22T15:03:29.606Z OK: top annDP=12.79% AP=+238.9% (solana-all-time-high-by-june-30-2026), below 14%
2026-03-22T15:05:29.251Z OK: top annDP=12.79% AP=+238.7% (solana-all-time-high-by-june-30-2026), below 14%
2026-03-22T15:07:30.544Z OK: top annDP=12.79% AP=+238.6% (solana-all-time-high-by-june-30-2026), below 14%
2026-03-22T15:09:29.225Z OK: top annDP=12.79% AP=+238.4% (solana-all-time-high-by-june-30-2026), below 14%
2026-03-22T15:11:29.705Z OK: top annDP=12.79% AP=+238.5% (solana-all-time-high-by-june-30-2026), below 14%
2026-03-22T15:13:29.453Z OK: top annDP=12.79% AP=+238.5% (solana-all-time-high-by-june-30-2026), below 14%
2026-03-22T15:15:30.127Z OK: top annDP=12.79% AP=+238.6% (solana-all-time-high-by-june-30-2026), below 14%
2026-03-22T15:17:29.425Z OK: top annDP=12.79% AP=+238.5% (solana-all-time-high-by-june-30-2026), below 14%
2026-03-22T15:19:29.367Z OK: top annDP=12.79% AP=+238.7% (solana-all-time-high-by-june-30-2026), below 14%
2026-03-22T15:21:29.947Z OK: top annDP=12.79% AP=+238.5% (solana-all-time-high-by-june-30-2026), below 14%
2026-03-22T15:23:29.924Z OK: top annDP=12.79% AP=+239.0% (solana-all-time-high-by-june-30-2026), below 14%
2026-03-22T15:25:30.169Z OK: top annDP=12.8% AP=+239.0% (solana-all-time-high-by-june-30-2026), below 14%
2026-03-22T15:27:29.400Z OK: top annDP=12.8% AP=+238.8% (solana-all-time-high-by-june-30-2026), below 14%
2026-03-22T15:29:30.428Z OK: top annDP=12.8% AP=+238.8% (solana-all-time-high-by-june-30-2026), below 14%
2026-03-22T15:31:30.058Z OK: top annDP=12.8% AP=+238.8% (solana-all-time-high-by-june-30-2026), below 14%
2026-03-22T15:33:29.182Z OK: top annDP=12.8% AP=+238.7% (solana-all-time-high-by-june-30-2026), below 14%
2026-03-22T15:35:30.331Z OK: top annDP=12.8% AP=+238.7% (solana-all-time-high-by-june-30-2026), below 14%
2026-03-22T15:37:28.827Z OK: top annDP=12.8% AP=+238.9% (solana-all-time-high-by-june-30-2026), below 14%
2026-03-22T15:39:29.352Z OK: top annDP=12.8% AP=+239.1% (solana-all-time-high-by-june-30-2026), below 14%
2026-03-22T15:41:29.782Z OK: top annDP=12.8% AP=+239.2% (solana-all-time-high-by-june-30-2026), below 14%
2026-03-22T15:43:29.128Z OK: top annDP=12.8% AP=+239.1% (solana-all-time-high-by-june-30-2026), below 14%
2026-03-22T15:45:29.509Z OK: top annDP=12.8% AP=+238.6% (solana-all-time-high-by-june-30-2026), below 14%
2026-03-22T15:47:29.069Z OK: top annDP=12.8% AP=+238.8% (solana-all-time-high-by-june-30-2026), below 14%
2026-03-22T15:49:29.982Z OK: top annDP=12.8% AP=+238.7% (solana-all-time-high-by-june-30-2026), below 14%
2026-03-22T15:51:28.658Z OK: top annDP=12.8% AP=+238.1% (solana-all-time-high-by-june-30-2026), below 14%
2026-03-22T15:53:29.069Z OK: top annDP=12.8% AP=+237.9% (solana-all-time-high-by-june-30-2026), below 14%
2026-03-22T15:55:29.680Z OK: top annDP=12.8% AP=+238.1% (solana-all-time-high-by-june-30-2026), below 14%
2026-03-22T15:57:29.894Z OK: top annDP=12.8% AP=+238.0% (solana-all-time-high-by-june-30-2026), below 14%
2026-03-22T15:59:29.938Z OK: top annDP=12.8% AP=+238.1% (solana-all-time-high-by-june-30-2026), below 14%
2026-03-22T16:01:29.635Z OK: top annDP=12.8% AP=+237.9% (solana-all-time-high-by-june-30-2026), below 14%
2026-03-22T16:03:30.396Z OK: top annDP=12.8% AP=+238.1% (solana-all-time-high-by-june-30-2026), below 14%
2026-03-22T16:05:29.439Z OK: top annDP=12.8% AP=+237.7% (solana-all-time-high-by-june-30-2026), below 14%
2026-03-22T16:07:30.668Z OK: top annDP=12.8% AP=+237.7% (solana-all-time-high-by-june-30-2026), below 14%
2026-03-22T16:09:29.082Z OK: top annDP=12.8% AP=+237.7% (solana-all-time-high-by-june-30-2026), below 14%
2026-03-22T16:11:29.360Z OK: top annDP=12.8% AP=+238.1% (solana-all-time-high-by-june-30-2026), below 14%
2026-03-22T16:13:29.268Z OK: top annDP=12.8% AP=+237.8% (solana-all-time-high-by-june-30-2026), below 14%
2026-03-22T16:15:30.133Z OK: top annDP=12.8% AP=+237.7% (solana-all-time-high-by-june-30-2026), below 14%
2026-03-22T16:17:30.046Z OK: top annDP=12.8% AP=+238.0% (solana-all-time-high-by-june-30-2026), below 14%
2026-03-22T16:19:29.793Z OK: top annDP=12.8% AP=+238.1% (solana-all-time-high-by-june-30-2026), below 14%
2026-03-22T16:21:29.985Z OK: top annDP=12.8% AP=+238.2% (solana-all-time-high-by-june-30-2026), below 14%
2026-03-22T16:23:30.113Z OK: top annDP=12.8% AP=+238.3% (solana-all-time-high-by-june-30-2026), below 14%
2026-03-22T16:25:30.110Z OK: top annDP=12.8% AP=+238.1% (solana-all-time-high-by-june-30-2026), below 14%
2026-03-22T16:27:29.471Z OK: top annDP=12.8% AP=+238.5% (solana-all-time-high-by-june-30-2026), below 14%
2026-03-22T16:29:28.635Z OK: top annDP=12.8% AP=+238.6% (solana-all-time-high-by-june-30-2026), below 14%
2026-03-22T16:31:29.629Z OK: top annDP=12.8% AP=+238.8% (solana-all-time-high-by-june-30-2026), below 14%
2026-03-22T16:33:29.823Z OK: top annDP=12.8% AP=+238.5% (solana-all-time-high-by-june-30-2026), below 14%
2026-03-22T16:35:28.747Z OK: top annDP=12.8% AP=+238.6% (solana-all-time-high-by-june-30-2026), below 14%
2026-03-22T16:37:28.817Z OK: top annDP=12.8% AP=+238.5% (solana-all-time-high-by-june-30-2026), below 14%
2026-03-22T16:39:29.107Z OK: top annDP=12.8% AP=+238.6% (solana-all-time-high-by-june-30-2026), below 14%
2026-03-22T16:41:29.261Z OK: top annDP=12.8% AP=+239.0% (solana-all-time-high-by-june-30-2026), below 14%
2026-03-22T16:43:29.333Z OK: top annDP=12.8% AP=+238.7% (solana-all-time-high-by-june-30-2026), below 14%
2026-03-22T16:45:29.314Z OK: top annDP=12.8% AP=+238.6% (solana-all-time-high-by-june-30-2026), below 14%
2026-03-22T16:47:28.903Z OK: top annDP=12.8% AP=+238.4% (solana-all-time-high-by-june-30-2026), below 14%
2026-03-22T16:49:29.350Z OK: top annDP=12.8% AP=+238.3% (solana-all-time-high-by-june-30-2026), below 14%
2026-03-22T16:51:29.665Z OK: top annDP=12.8% AP=+238.1% (solana-all-time-high-by-june-30-2026), below 14%
2026-03-22T16:53:29.126Z OK: top annDP=12.8% AP=+238.1% (solana-all-time-high-by-june-30-2026), below 14%
2026-03-22T16:55:29.171Z OK: top annDP=12.8% AP=+238.1% (solana-all-time-high-by-june-30-2026), below 14%
2026-03-22T16:57:30.516Z OK: top annDP=12.8% AP=+238.1% (solana-all-time-high-by-june-30-2026), below 14%
2026-03-22T16:59:29.429Z OK: top annDP=12.8% AP=+237.9% (solana-all-time-high-by-june-30-2026), below 14%
2026-03-22T17:01:29.373Z OK: top annDP=12.8% AP=+238.3% (solana-all-time-high-by-june-30-2026), below 14%
2026-03-22T17:03:29.837Z OK: top annDP=12.8% AP=+238.4% (solana-all-time-high-by-june-30-2026), below 14%
2026-03-22T17:05:29.449Z OK: top annDP=12.8% AP=+238.4% (solana-all-time-high-by-june-30-2026), below 14%
2026-03-22T17:07:28.812Z OK: top annDP=12.8% AP=+238.4% (solana-all-time-high-by-june-30-2026), below 14%
2026-03-22T17:09:29.789Z OK: top annDP=12.8% AP=+238.1% (solana-all-time-high-by-june-30-2026), below 14%
2026-03-22T17:11:29.000Z OK: top annDP=12.8% AP=+238.1% (solana-all-time-high-by-june-30-2026), below 14%
2026-03-22T17:13:30.279Z OK: top annDP=12.8% AP=+238.1% (solana-all-time-high-by-june-30-2026), below 14%
2026-03-22T17:15:29.557Z OK: top annDP=12.8% AP=+238.0% (solana-all-time-high-by-june-30-2026), below 14%
2026-03-22T17:17:29.418Z OK: top annDP=12.8% AP=+238.0% (solana-all-time-high-by-june-30-2026), below 14%
2026-03-22T17:19:29.414Z OK: top annDP=12.8% AP=+238.3% (solana-all-time-high-by-june-30-2026), below 14%
2026-03-22T17:21:30.210Z OK: top annDP=12.8% AP=+238.0% (solana-all-time-high-by-june-30-2026), below 14%
2026-03-22T17:23:30.120Z OK: top annDP=12.81% AP=+238.0% (solana-all-time-high-by-june-30-2026), below 14%
2026-03-22T17:25:29.833Z OK: top annDP=12.81% AP=+238.3% (solana-all-time-high-by-june-30-2026), below 14%
2026-03-22T17:27:29.591Z OK: top annDP=12.81% AP=+238.4% (solana-all-time-high-by-june-30-2026), below 14%
2026-03-22T17:29:29.404Z OK: top annDP=12.81% AP=+238.2% (solana-all-time-high-by-june-30-2026), below 14%
2026-03-22T17:31:29.920Z OK: top annDP=12.81% AP=+238.4% (solana-all-time-high-by-june-30-2026), below 14%
2026-03-22T17:33:29.882Z OK: top annDP=12.81% AP=+238.4% (solana-all-time-high-by-june-30-2026), below 14%
2026-03-22T17:35:29.260Z OK: top annDP=12.81% AP=+238.5% (solana-all-time-high-by-june-30-2026), below 14%
2026-03-22T17:37:30.567Z OK: top annDP=12.81% AP=+238.7% (solana-all-time-high-by-june-30-2026), below 14%
2026-03-22T17:39:31.435Z OK: top annDP=12.81% AP=+239.0% (solana-all-time-high-by-june-30-2026), below 14%
2026-03-22T17:41:28.797Z OK: top annDP=12.81% AP=+239.2% (solana-all-time-high-by-june-30-2026), below 14%
2026-03-22T17:43:29.308Z OK: top annDP=12.81% AP=+238.9% (solana-all-time-high-by-june-30-2026), below 14%
2026-03-22T17:45:29.318Z OK: top annDP=12.81% AP=+238.9% (solana-all-time-high-by-june-30-2026), below 14%
2026-03-22T17:47:28.662Z OK: top annDP=12.81% AP=+238.8% (solana-all-time-high-by-june-30-2026), below 14%
2026-03-22T17:49:29.475Z OK: top annDP=12.81% AP=+238.9% (solana-all-time-high-by-june-30-2026), below 14%
2026-03-22T17:51:29.117Z OK: top annDP=12.81% AP=+238.7% (solana-all-time-high-by-june-30-2026), below 14%
2026-03-22T17:53:28.934Z OK: top annDP=12.81% AP=+238.9% (solana-all-time-high-by-june-30-2026), below 14%
2026-03-22T17:55:30.828Z OK: top annDP=12.81% AP=+238.9% (solana-all-time-high-by-june-30-2026), below 14%
2026-03-22T17:57:29.172Z OK: top annDP=12.81% AP=+238.6% (solana-all-time-high-by-june-30-2026), below 14%
2026-03-22T17:59:29.289Z OK: top annDP=12.81% AP=+238.7% (solana-all-time-high-by-june-30-2026), below 14%
2026-03-22T18:01:34.978Z OK: top annDP=12.81% AP=+239.3% (solana-all-time-high-by-june-30-2026), below 14%
2026-03-22T18:03:29.157Z OK: top annDP=12.81% AP=+239.5% (solana-all-time-high-by-june-30-2026), below 14%
2026-03-22T18:05:29.818Z OK: top annDP=12.81% AP=+239.4% (solana-all-time-high-by-june-30-2026), below 14%
2026-03-22T18:07:29.949Z OK: top annDP=12.81% AP=+239.3% (solana-all-time-high-by-june-30-2026), below 14%
2026-03-22T18:09:29.473Z OK: top annDP=12.81% AP=+238.9% (solana-all-time-high-by-june-30-2026), below 14%
2026-03-22T18:11:28.667Z OK: top annDP=12.81% AP=+238.9% (solana-all-time-high-by-june-30-2026), below 14%
2026-03-22T18:13:30.085Z OK: top annDP=12.81% AP=+238.9% (solana-all-time-high-by-june-30-2026), below 14%
2026-03-22T18:15:30.380Z OK: top annDP=12.81% AP=+238.8% (solana-all-time-high-by-june-30-2026), below 14%
2026-03-22T18:17:29.023Z OK: top annDP=12.81% AP=+239.1% (solana-all-time-high-by-june-30-2026), below 14%
2026-03-22T18:19:28.848Z OK: top annDP=12.81% AP=+238.9% (solana-all-time-high-by-june-30-2026), below 14%
2026-03-22T18:21:29.867Z OK: top annDP=12.81% AP=+238.9% (solana-all-time-high-by-june-30-2026), below 14%
2026-03-22T18:23:30.397Z OK: top annDP=12.81% AP=+239.2% (solana-all-time-high-by-june-30-2026), below 14%
2026-03-22T18:25:29.073Z OK: top annDP=12.81% AP=+239.3% (solana-all-time-high-by-june-30-2026), below 14%
2026-03-22T18:27:28.851Z OK: top annDP=12.81% AP=+239.0% (solana-all-time-high-by-june-30-2026), below 14%
2026-03-22T18:29:29.617Z OK: top annDP=12.81% AP=+238.9% (solana-all-time-high-by-june-30-2026), below 14%
2026-03-22T18:31:30.142Z OK: top annDP=12.81% AP=+239.1% (solana-all-time-high-by-june-30-2026), below 14%
2026-03-22T18:33:28.923Z OK: top annDP=12.81% AP=+239.2% (solana-all-time-high-by-june-30-2026), below 14%
2026-03-22T18:35:30.148Z OK: top annDP=12.81% AP=+239.7% (solana-all-time-high-by-june-30-2026), below 14%
2026-03-22T18:37:29.342Z OK: top annDP=12.81% AP=+241.8% (solana-all-time-high-by-june-30-2026), below 14%
2026-03-22T18:39:29.156Z OK: top annDP=12.81% AP=+240.9% (solana-all-time-high-by-june-30-2026), below 14%
2026-03-22T18:41:30.020Z OK: top annDP=12.81% AP=+240.8% (solana-all-time-high-by-june-30-2026), below 14%
2026-03-22T18:43:29.097Z OK: top annDP=12.81% AP=+240.5% (solana-all-time-high-by-june-30-2026), below 14%
2026-03-22T18:45:29.558Z OK: top annDP=12.81% AP=+240.6% (solana-all-time-high-by-june-30-2026), below 14%
2026-03-22T18:47:28.615Z OK: top annDP=12.81% AP=+240.4% (solana-all-time-high-by-june-30-2026), below 14%
2026-03-22T18:49:29.452Z OK: top annDP=12.81% AP=+240.2% (solana-all-time-high-by-june-30-2026), below 14%
2026-03-22T18:51:29.658Z OK: top annDP=12.81% AP=+240.1% (solana-all-time-high-by-june-30-2026), below 14%
2026-03-22T18:53:29.398Z OK: top annDP=12.81% AP=+240.0% (solana-all-time-high-by-june-30-2026), below 14%
2026-03-22T18:55:29.232Z OK: top annDP=12.81% AP=+240.3% (solana-all-time-high-by-june-30-2026), below 14%
2026-03-22T18:57:29.780Z OK: top annDP=12.81% AP=+240.3% (solana-all-time-high-by-june-30-2026), below 14%
2026-03-22T18:59:30.475Z OK: top annDP=12.81% AP=+240.3% (solana-all-time-high-by-june-30-2026), below 14%
2026-03-22T19:01:29.701Z OK: top annDP=12.81% AP=+240.0% (solana-all-time-high-by-june-30-2026), below 14%
2026-03-22T19:03:29.112Z OK: top annDP=12.81% AP=+240.3% (solana-all-time-high-by-june-30-2026), below 14%
2026-03-22T19:05:29.411Z OK: top annDP=12.82% AP=+240.8% (solana-all-time-high-by-june-30-2026), below 14%
2026-03-22T19:07:30.335Z OK: top annDP=12.82% AP=+240.4% (solana-all-time-high-by-june-30-2026), below 14%
2026-03-22T19:09:30.250Z OK: top annDP=12.82% AP=+240.6% (solana-all-time-high-by-june-30-2026), below 14%
2026-03-22T19:11:30.363Z OK: top annDP=12.82% AP=+240.4% (solana-all-time-high-by-june-30-2026), below 14%
2026-03-22T19:13:28.842Z OK: top annDP=12.82% AP=+240.9% (solana-all-time-high-by-june-30-2026), below 14%
2026-03-22T19:15:30.103Z OK: top annDP=12.82% AP=+241.2% (solana-all-time-high-by-june-30-2026), below 14%
2026-03-22T19:17:29.200Z OK: top annDP=12.82% AP=+241.0% (solana-all-time-high-by-june-30-2026), below 14%
2026-03-22T19:19:31.473Z OK: top annDP=12.82% AP=+241.3% (solana-all-time-high-by-june-30-2026), below 14%
2026-03-22T19:21:30.853Z OK: top annDP=12.82% AP=+241.0% (solana-all-time-high-by-june-30-2026), below 14%
2026-03-22T19:23:29.947Z OK: top annDP=12.82% AP=+241.3% (solana-all-time-high-by-june-30-2026), below 14%
2026-03-22T19:25:30.411Z OK: top annDP=12.82% AP=+241.1% (solana-all-time-high-by-june-30-2026), below 14%
2026-03-22T19:27:29.158Z OK: top annDP=12.82% AP=+241.1% (solana-all-time-high-by-june-30-2026), below 14%
2026-03-22T19:29:30.186Z OK: top annDP=12.82% AP=+241.1% (solana-all-time-high-by-june-30-2026), below 14%
2026-03-22T19:31:28.965Z OK: top annDP=12.82% AP=+241.3% (solana-all-time-high-by-june-30-2026), below 14%
2026-03-22T19:33:29.442Z OK: top annDP=12.82% AP=+241.5% (solana-all-time-high-by-june-30-2026), below 14%
2026-03-22T19:35:29.775Z OK: top annDP=12.82% AP=+241.4% (solana-all-time-high-by-june-30-2026), below 14%
2026-03-22T19:37:29.383Z OK: top annDP=12.82% AP=+240.3% (solana-all-time-high-by-june-30-2026), below 14%
2026-03-22T19:39:30.459Z OK: top annDP=12.82% AP=+240.2% (solana-all-time-high-by-june-30-2026), below 14%
2026-03-22T19:41:28.891Z OK: top annDP=12.82% AP=+240.2% (solana-all-time-high-by-june-30-2026), below 14%
2026-03-22T19:43:29.951Z OK: top annDP=12.82% AP=+240.3% (solana-all-time-high-by-june-30-2026), below 14%
2026-03-22T19:45:29.082Z OK: top annDP=12.82% AP=+240.1% (solana-all-time-high-by-june-30-2026), below 14%
2026-03-22T19:47:30.558Z OK: top annDP=12.82% AP=+240.3% (solana-all-time-high-by-june-30-2026), below 14%
2026-03-22T19:49:29.184Z OK: top annDP=12.82% AP=+240.8% (solana-all-time-high-by-june-30-2026), below 14%
2026-03-22T19:51:30.636Z OK: top annDP=12.82% AP=+240.7% (solana-all-time-high-by-june-30-2026), below 14%
2026-03-22T19:53:29.525Z OK: top annDP=12.82% AP=+240.7% (solana-all-time-high-by-june-30-2026), below 14%
2026-03-22T19:55:29.489Z OK: top annDP=12.82% AP=+240.6% (solana-all-time-high-by-june-30-2026), below 14%
2026-03-22T19:57:30.080Z OK: top annDP=12.82% AP=+240.5% (solana-all-time-high-by-june-30-2026), below 14%
2026-03-22T19:59:28.762Z OK: top annDP=12.82% AP=+240.5% (solana-all-time-high-by-june-30-2026), below 14%
2026-03-22T20:01:29.823Z OK: top annDP=12.82% AP=+240.3% (solana-all-time-high-by-june-30-2026), below 14%
2026-03-22T20:03:30.089Z OK: top annDP=12.82% AP=+239.8% (solana-all-time-high-by-june-30-2026), below 14%
2026-03-22T20:05:29.934Z OK: top annDP=0% AP=+1364.1% (will-bitcoin-reach-1000000-by-december-31-2026-946), below 14%
2026-03-22T20:07:01.522Z ERROR: page.goto: net::ERR_NAME_NOT_RESOLVED at https://inv.ondatamint.com/searcher/
Call log:
  - navigating to "https://inv.ondatamint.com/searcher/", waiting until "networkidle"

2026-03-22T20:09:29.807Z OK: top annDP=12.82% AP=+239.8% (solana-all-time-high-by-june-30-2026), below 14%
2026-03-22T20:11:29.649Z OK: top annDP=12.82% AP=+239.8% (solana-all-time-high-by-june-30-2026), below 14%
2026-03-22T20:13:29.095Z OK: top annDP=12.82% AP=+240.0% (solana-all-time-high-by-june-30-2026), below 14%
2026-03-22T20:15:29.941Z OK: top annDP=12.82% AP=+239.9% (solana-all-time-high-by-june-30-2026), below 14%
2026-03-22T20:17:29.836Z OK: top annDP=12.82% AP=+239.6% (solana-all-time-high-by-june-30-2026), below 14%
2026-03-22T20:19:29.249Z OK: top annDP=12.82% AP=+239.8% (solana-all-time-high-by-june-30-2026), below 14%
2026-03-22T20:21:29.679Z OK: top annDP=12.82% AP=+239.8% (solana-all-time-high-by-june-30-2026), below 14%
2026-03-22T20:23:30.170Z OK: top annDP=12.82% AP=+239.6% (solana-all-time-high-by-june-30-2026), below 14%
2026-03-22T20:25:31.018Z OK: top annDP=12.82% AP=+239.9% (solana-all-time-high-by-june-30-2026), below 14%
2026-03-22T20:27:30.626Z OK: top annDP=13.21% AP=+240.3% (solana-all-time-high-by-june-30-2026), below 14%
2026-03-22T20:29:29.809Z OK: top annDP=13.21% AP=+240.2% (solana-all-time-high-by-june-30-2026), below 14%
2026-03-22T20:31:28.636Z OK: top annDP=13.21% AP=+240.2% (solana-all-time-high-by-june-30-2026), below 14%
2026-03-22T20:33:29.733Z OK: top annDP=13.21% AP=+240.4% (solana-all-time-high-by-june-30-2026), below 14%
2026-03-22T20:35:28.506Z OK: top annDP=13.21% AP=+240.6% (solana-all-time-high-by-june-30-2026), below 14%
2026-03-22T20:37:29.704Z OK: top annDP=13.21% AP=+241.0% (solana-all-time-high-by-june-30-2026), below 14%
2026-03-22T20:39:29.586Z OK: top annDP=13.21% AP=+240.8% (solana-all-time-high-by-june-30-2026), below 14%
2026-03-22T20:41:29.632Z OK: top annDP=13.61% AP=+240.8% (solana-all-time-high-by-june-30-2026), below 14%
2026-03-22T20:43:29.610Z OK: top annDP=13.61% AP=+240.6% (solana-all-time-high-by-june-30-2026), below 14%
2026-03-22T20:45:29.501Z OK: top annDP=13.61% AP=+240.3% (solana-all-time-high-by-june-30-2026), below 14%
2026-03-22T20:47:30.113Z OK: top annDP=11.32% AP=+240.6% (solana-all-time-high-by-june-30-2026), below 14%
2026-03-22T20:49:32.040Z OK: top annDP=11.32% AP=+240.7% (solana-all-time-high-by-june-30-2026), below 14%
2026-03-22T20:51:30.771Z OK: top annDP=11.32% AP=+240.8% (solana-all-time-high-by-june-30-2026), below 14%
2026-03-22T20:53:28.936Z OK: top annDP=10.82% AP=+241.3% (solana-all-time-high-by-june-30-2026), below 14%
2026-03-22T20:55:28.783Z OK: top annDP=10.82% AP=+241.4% (solana-all-time-high-by-june-30-2026), below 14%
2026-03-22T20:57:28.791Z OK: top annDP=10.83% AP=+241.6% (solana-all-time-high-by-june-30-2026), below 14%
2026-03-22T20:59:29.155Z OK: top annDP=10.85% AP=+241.6% (solana-all-time-high-by-june-30-2026), below 14%
2026-03-22T21:01:30.265Z OK: top annDP=10.85% AP=+241.6% (solana-all-time-high-by-june-30-2026), below 14%
2026-03-22T21:03:30.131Z OK: top annDP=10.85% AP=+241.6% (solana-all-time-high-by-june-30-2026), below 14%
2026-03-22T21:05:29.470Z OK: top annDP=10.85% AP=+242.0% (solana-all-time-high-by-june-30-2026), below 14%
2026-03-22T21:07:29.245Z OK: top annDP=10.85% AP=+245.0% (solana-all-time-high-by-june-30-2026), below 14%
2026-03-22T21:09:29.377Z OK: top annDP=10.85% AP=+243.8% (solana-all-time-high-by-june-30-2026), below 14%
2026-03-22T21:11:30.371Z OK: top annDP=10.85% AP=+243.7% (solana-all-time-high-by-june-30-2026), below 14%
2026-03-22T21:13:28.952Z OK: top annDP=10.85% AP=+244.6% (solana-all-time-high-by-june-30-2026), below 14%
2026-03-22T21:15:30.114Z OK: top annDP=10.85% AP=+244.4% (solana-all-time-high-by-june-30-2026), below 14%
2026-03-22T21:17:29.411Z OK: top annDP=10.86% AP=+245.2% (solana-all-time-high-by-june-30-2026), below 14%
2026-03-22T21:19:29.141Z OK: top annDP=10.86% AP=+245.0% (solana-all-time-high-by-june-30-2026), below 14%
2026-03-22T21:21:29.262Z OK: top annDP=10.86% AP=+246.8% (solana-all-time-high-by-june-30-2026), below 14%
2026-03-22T21:23:30.579Z OK: top annDP=10.86% AP=+245.9% (solana-all-time-high-by-june-30-2026), below 14%
2026-03-22T21:25:30.226Z OK: top annDP=10.86% AP=+245.0% (solana-all-time-high-by-june-30-2026), below 14%
2026-03-22T21:27:29.688Z OK: top annDP=10.86% AP=+244.7% (solana-all-time-high-by-june-30-2026), below 14%
2026-03-22T21:29:29.396Z OK: top annDP=10.86% AP=+244.0% (solana-all-time-high-by-june-30-2026), below 14%
2026-03-22T21:31:30.057Z OK: top annDP=10.86% AP=+244.5% (solana-all-time-high-by-june-30-2026), below 14%
2026-03-22T21:33:30.268Z OK: top annDP=10.86% AP=+244.6% (solana-all-time-high-by-june-30-2026), below 14%
2026-03-22T21:35:29.502Z OK: top annDP=10.86% AP=+244.7% (solana-all-time-high-by-june-30-2026), below 14%
2026-03-22T21:37:29.412Z OK: top annDP=10.86% AP=+245.0% (solana-all-time-high-by-june-30-2026), below 14%
2026-03-22T21:39:30.393Z OK: top annDP=10.86% AP=+244.2% (solana-all-time-high-by-june-30-2026), below 14%
2026-03-22T21:41:30.770Z OK: top annDP=10.86% AP=+244.3% (solana-all-time-high-by-june-30-2026), below 14%
2026-03-22T21:43:30.564Z OK: top annDP=10.86% AP=+244.5% (solana-all-time-high-by-june-30-2026), below 14%
2026-03-22T21:45:29.293Z OK: top annDP=10.86% AP=+244.5% (solana-all-time-high-by-june-30-2026), below 14%
2026-03-22T21:47:30.187Z OK: top annDP=10.86% AP=+244.7% (solana-all-time-high-by-june-30-2026), below 14%
2026-03-22T21:49:29.398Z OK: top annDP=10.86% AP=+244.9% (solana-all-time-high-by-june-30-2026), below 14%
2026-03-22T21:51:28.481Z OK: top annDP=10.86% AP=+244.8% (solana-all-time-high-by-june-30-2026), below 14%
2026-03-22T21:53:28.321Z OK: top annDP=10.86% AP=+244.4% (solana-all-time-high-by-june-30-2026), below 14%
2026-03-22T21:55:28.939Z OK: top annDP=10.86% AP=+244.1% (solana-all-time-high-by-june-30-2026), below 14%
2026-03-22T21:57:30.129Z OK: top annDP=10.86% AP=+244.5% (solana-all-time-high-by-june-30-2026), below 14%
2026-03-22T21:59:29.492Z OK: top annDP=10.86% AP=+244.4% (solana-all-time-high-by-june-30-2026), below 14%
2026-03-22T22:01:30.800Z OK: top annDP=10.86% AP=+245.1% (solana-all-time-high-by-june-30-2026), below 14%
2026-03-22T22:03:29.764Z OK: top annDP=10.86% AP=+245.5% (solana-all-time-high-by-june-30-2026), below 14%
2026-03-22T22:05:29.175Z OK: top annDP=10.86% AP=+244.1% (solana-all-time-high-by-june-30-2026), below 14%
2026-03-22T22:07:29.286Z OK: top annDP=10.86% AP=+243.6% (solana-all-time-high-by-june-30-2026), below 14%
2026-03-22T22:09:29.582Z OK: top annDP=10.86% AP=+243.3% (solana-all-time-high-by-june-30-2026), below 14%
2026-03-22T22:11:29.712Z OK: top annDP=10.86% AP=+242.6% (solana-all-time-high-by-june-30-2026), below 14%
2026-03-22T22:13:28.409Z OK: top annDP=10.86% AP=+244.7% (solana-all-time-high-by-june-30-2026), below 14%
2026-03-22T22:15:28.623Z OK: top annDP=10.86% AP=+244.8% (solana-all-time-high-by-june-30-2026), below 14%
2026-03-22T22:17:29.580Z OK: top annDP=10.86% AP=+244.9% (solana-all-time-high-by-june-30-2026), below 14%
2026-03-22T22:19:29.240Z OK: top annDP=10.86% AP=+243.8% (solana-all-time-high-by-june-30-2026), below 14%
2026-03-22T22:21:28.939Z OK: top annDP=10.86% AP=+244.2% (solana-all-time-high-by-june-30-2026), below 14%
2026-03-22T22:23:29.150Z OK: top annDP=10.86% AP=+243.2% (solana-all-time-high-by-june-30-2026), below 14%
2026-03-22T22:25:29.961Z OK: top annDP=10.86% AP=+242.4% (solana-all-time-high-by-june-30-2026), below 14%
2026-03-22T22:27:28.893Z OK: top annDP=10.86% AP=+242.8% (solana-all-time-high-by-june-30-2026), below 14%
2026-03-22T22:29:29.435Z OK: top annDP=10.86% AP=+241.3% (solana-all-time-high-by-june-30-2026), below 14%
2026-03-22T22:31:30.312Z OK: top annDP=10.86% AP=+241.7% (solana-all-time-high-by-june-30-2026), below 14%
2026-03-22T22:33:30.292Z OK: top annDP=10.86% AP=+241.7% (solana-all-time-high-by-june-30-2026), below 14%
2026-03-22T22:35:29.506Z OK: top annDP=10.86% AP=+241.8% (solana-all-time-high-by-june-30-2026), below 14%
2026-03-22T22:37:29.236Z OK: top annDP=10.86% AP=+242.0% (solana-all-time-high-by-june-30-2026), below 14%
2026-03-22T22:39:29.629Z OK: top annDP=10.86% AP=+241.9% (solana-all-time-high-by-june-30-2026), below 14%
2026-03-22T22:41:30.073Z OK: top annDP=10.86% AP=+242.3% (solana-all-time-high-by-june-30-2026), below 14%
2026-03-22T22:43:28.805Z OK: top annDP=10.86% AP=+242.4% (solana-all-time-high-by-june-30-2026), below 14%
2026-03-22T22:45:30.152Z OK: top annDP=10.86% AP=+242.7% (solana-all-time-high-by-june-30-2026), below 14%
2026-03-22T22:47:30.040Z OK: top annDP=10.86% AP=+242.4% (solana-all-time-high-by-june-30-2026), below 14%
2026-03-22T22:49:28.724Z OK: top annDP=10.86% AP=+241.7% (solana-all-time-high-by-june-30-2026), below 14%
2026-03-22T22:51:29.585Z OK: top annDP=10.86% AP=+241.6% (solana-all-time-high-by-june-30-2026), below 14%
2026-03-22T22:53:29.143Z OK: top annDP=10.86% AP=+240.9% (solana-all-time-high-by-june-30-2026), below 14%
2026-03-22T22:55:28.759Z OK: top annDP=10.86% AP=+241.3% (solana-all-time-high-by-june-30-2026), below 14%
2026-03-22T22:57:29.063Z OK: top annDP=10.86% AP=+241.1% (solana-all-time-high-by-june-30-2026), below 14%
2026-03-22T22:59:29.512Z OK: top annDP=10.86% AP=+241.2% (solana-all-time-high-by-june-30-2026), below 14%
2026-03-22T23:01:30.327Z OK: top annDP=10.86% AP=+241.2% (solana-all-time-high-by-june-30-2026), below 14%
2026-03-22T23:03:29.824Z OK: top annDP=10.86% AP=+240.8% (solana-all-time-high-by-june-30-2026), below 14%
2026-03-22T23:05:29.949Z OK: top annDP=10.86% AP=+240.6% (solana-all-time-high-by-june-30-2026), below 14%
2026-03-22T23:07:29.510Z OK: top annDP=10.86% AP=+241.2% (solana-all-time-high-by-june-30-2026), below 14%
2026-03-22T23:09:30.173Z OK: top annDP=10.83% AP=+241.6% (solana-all-time-high-by-june-30-2026), below 14%
2026-03-22T23:11:29.321Z OK: top annDP=10.83% AP=+241.3% (solana-all-time-high-by-june-30-2026), below 14%
2026-03-22T23:13:29.580Z OK: top annDP=10.83% AP=+240.9% (solana-all-time-high-by-june-30-2026), below 14%
2026-03-22T23:15:28.473Z OK: top annDP=10.83% AP=+240.4% (solana-all-time-high-by-june-30-2026), below 14%
2026-03-22T23:17:28.939Z OK: top annDP=10.84% AP=+240.8% (solana-all-time-high-by-june-30-2026), below 14%
2026-03-22T23:19:29.381Z OK: top annDP=10.84% AP=+240.9% (solana-all-time-high-by-june-30-2026), below 14%
2026-03-22T23:21:28.977Z OK: top annDP=10.84% AP=+241.4% (solana-all-time-high-by-june-30-2026), below 14%
2026-03-22T23:23:30.274Z OK: top annDP=10.84% AP=+241.7% (solana-all-time-high-by-june-30-2026), below 14%
2026-03-22T23:25:29.720Z OK: top annDP=10.84% AP=+241.7% (solana-all-time-high-by-june-30-2026), below 14%
2026-03-22T23:27:29.956Z OK: top annDP=10.84% AP=+242.1% (solana-all-time-high-by-june-30-2026), below 14%
2026-03-22T23:29:29.425Z OK: top annDP=10.86% AP=+241.7% (solana-all-time-high-by-june-30-2026), below 14%
2026-03-22T23:31:28.974Z OK: top annDP=10.86% AP=+241.6% (solana-all-time-high-by-june-30-2026), below 14%
2026-03-22T23:33:29.199Z OK: top annDP=10.86% AP=+242.0% (solana-all-time-high-by-june-30-2026), below 14%
2026-03-22T23:35:30.395Z OK: top annDP=10.86% AP=+241.9% (solana-all-time-high-by-june-30-2026), below 14%
2026-03-22T23:37:28.944Z OK: top annDP=10.86% AP=+241.9% (solana-all-time-high-by-june-30-2026), below 14%
2026-03-22T23:39:29.833Z OK: top annDP=10.86% AP=+241.8% (solana-all-time-high-by-june-30-2026), below 14%
2026-03-22T23:41:30.281Z OK: top annDP=10.86% AP=+242.0% (solana-all-time-high-by-june-30-2026), below 14%
2026-03-22T23:43:29.375Z OK: top annDP=10.86% AP=+241.8% (solana-all-time-high-by-june-30-2026), below 14%
2026-03-22T23:45:30.340Z OK: top annDP=10.86% AP=+241.8% (solana-all-time-high-by-june-30-2026), below 14%
2026-03-22T23:47:29.699Z OK: top annDP=10.87% AP=+242.2% (solana-all-time-high-by-june-30-2026), below 14%
2026-03-22T23:49:29.145Z OK: top annDP=10.87% AP=+242.5% (solana-all-time-high-by-june-30-2026), below 14%
2026-03-22T23:51:29.909Z OK: top annDP=10.87% AP=+243.0% (solana-all-time-high-by-june-30-2026), below 14%
2026-03-22T23:53:30.150Z OK: top annDP=10.87% AP=+243.4% (solana-all-time-high-by-june-30-2026), below 14%
2026-03-22T23:55:29.449Z OK: top annDP=10.87% AP=+243.6% (solana-all-time-high-by-june-30-2026), below 14%
2026-03-22T23:57:29.574Z OK: top annDP=10.87% AP=+243.4% (solana-all-time-high-by-june-30-2026), below 14%
2026-03-22T23:59:29.170Z OK: top annDP=10.87% AP=+243.3% (solana-all-time-high-by-june-30-2026), below 14%
2026-03-23T00:01:30.550Z OK: top annDP=10.87% AP=+242.7% (solana-all-time-high-by-june-30-2026), below 14%
2026-03-23T00:03:31.826Z OK: top annDP=10.87% AP=+243.0% (solana-all-time-high-by-june-30-2026), below 14%
2026-03-23T00:05:30.498Z OK: top annDP=10.87% AP=+242.9% (solana-all-time-high-by-june-30-2026), below 14%
2026-03-23T00:07:30.003Z OK: top annDP=10.87% AP=+243.3% (solana-all-time-high-by-june-30-2026), below 14%
2026-03-23T00:09:29.895Z OK: top annDP=10.87% AP=+242.6% (solana-all-time-high-by-june-30-2026), below 14%
2026-03-23T00:11:29.276Z OK: top annDP=10.87% AP=+242.7% (solana-all-time-high-by-june-30-2026), below 14%
2026-03-23T00:13:28.432Z OK: top annDP=10.87% AP=+241.8% (solana-all-time-high-by-june-30-2026), below 14%
2026-03-23T00:15:29.915Z OK: top annDP=10.87% AP=+242.3% (solana-all-time-high-by-june-30-2026), below 14%
2026-03-23T00:17:29.309Z OK: top annDP=10.87% AP=+243.1% (solana-all-time-high-by-june-30-2026), below 14%
2026-03-23T00:19:29.460Z OK: top annDP=10.87% AP=+242.7% (solana-all-time-high-by-june-30-2026), below 14%
2026-03-23T00:21:28.899Z OK: top annDP=10.87% AP=+242.8% (solana-all-time-high-by-june-30-2026), below 14%
2026-03-23T00:23:29.497Z OK: top annDP=10.87% AP=+242.6% (solana-all-time-high-by-june-30-2026), below 14%
2026-03-23T00:25:29.725Z OK: top annDP=10.87% AP=+242.3% (solana-all-time-high-by-june-30-2026), below 14%
2026-03-23T00:27:29.333Z OK: top annDP=10.87% AP=+241.9% (solana-all-time-high-by-june-30-2026), below 14%
2026-03-23T00:29:28.565Z OK: top annDP=10.87% AP=+242.9% (solana-all-time-high-by-june-30-2026), below 14%
2026-03-23T00:31:29.461Z OK: top annDP=10.87% AP=+242.9% (solana-all-time-high-by-june-30-2026), below 14%
2026-03-23T00:33:29.749Z OK: top annDP=10.87% AP=+244.0% (solana-all-time-high-by-june-30-2026), below 14%
2026-03-23T00:35:29.467Z OK: top annDP=10.87% AP=+244.1% (solana-all-time-high-by-june-30-2026), below 14%
2026-03-23T00:37:30.396Z OK: top annDP=10.87% AP=+244.6% (solana-all-time-high-by-june-30-2026), below 14%
2026-03-23T00:39:28.270Z OK: top annDP=10.87% AP=+245.2% (solana-all-time-high-by-june-30-2026), below 14%
2026-03-23T00:41:30.002Z OK: top annDP=10.87% AP=+245.8% (solana-all-time-high-by-june-30-2026), below 14%
2026-03-23T00:43:29.366Z OK: top annDP=10.87% AP=+245.1% (solana-all-time-high-by-june-30-2026), below 14%
2026-03-23T00:45:30.310Z OK: top annDP=10.87% AP=+243.9% (solana-all-time-high-by-june-30-2026), below 14%
2026-03-23T00:47:29.760Z OK: top annDP=10.87% AP=+243.9% (solana-all-time-high-by-june-30-2026), below 14%
2026-03-23T00:49:29.850Z OK: top annDP=10.87% AP=+243.9% (solana-all-time-high-by-june-30-2026), below 14%
2026-03-23T00:51:29.929Z OK: top annDP=10.87% AP=+243.1% (solana-all-time-high-by-june-30-2026), below 14%
2026-03-23T00:53:30.257Z OK: top annDP=10.87% AP=+243.9% (solana-all-time-high-by-june-30-2026), below 14%
2026-03-23T00:55:28.619Z OK: top annDP=10.87% AP=+244.2% (solana-all-time-high-by-june-30-2026), below 14%
2026-03-23T00:57:29.351Z OK: top annDP=10.87% AP=+244.3% (solana-all-time-high-by-june-30-2026), below 14%
2026-03-23T00:59:29.378Z OK: top annDP=10.87% AP=+244.0% (solana-all-time-high-by-june-30-2026), below 14%
2026-03-23T01:01:29.656Z OK: top annDP=10.87% AP=+244.8% (solana-all-time-high-by-june-30-2026), below 14%
2026-03-23T01:03:30.001Z OK: top annDP=10.87% AP=+244.5% (solana-all-time-high-by-june-30-2026), below 14%
2026-03-23T01:05:28.640Z OK: top annDP=10.87% AP=+244.3% (solana-all-time-high-by-june-30-2026), below 14%
2026-03-23T01:07:28.728Z OK: top annDP=10.87% AP=+243.6% (solana-all-time-high-by-june-30-2026), below 14%
2026-03-23T01:09:29.601Z OK: top annDP=10.87% AP=+243.0% (solana-all-time-high-by-june-30-2026), below 14%
2026-03-23T01:11:29.629Z OK: top annDP=10.87% AP=+243.0% (solana-all-time-high-by-june-30-2026), below 14%
2026-03-23T01:13:29.104Z OK: top annDP=10.87% AP=+243.5% (solana-all-time-high-by-june-30-2026), below 14%
2026-03-23T01:15:29.785Z OK: top annDP=10.87% AP=+243.2% (solana-all-time-high-by-june-30-2026), below 14%
2026-03-23T01:17:29.050Z OK: top annDP=10.87% AP=+242.4% (solana-all-time-high-by-june-30-2026), below 14%
2026-03-23T01:19:29.830Z OK: top annDP=10.87% AP=+242.9% (solana-all-time-high-by-june-30-2026), below 14%
2026-03-23T01:21:29.836Z OK: top annDP=10.87% AP=+241.8% (solana-all-time-high-by-june-30-2026), below 14%
2026-03-23T01:23:28.821Z OK: top annDP=10.87% AP=+242.3% (solana-all-time-high-by-june-30-2026), below 14%
2026-03-23T01:25:29.451Z OK: top annDP=10.87% AP=+241.6% (solana-all-time-high-by-june-30-2026), below 14%
2026-03-23T01:27:28.455Z OK: top annDP=10.87% AP=+241.8% (solana-all-time-high-by-june-30-2026), below 14%
2026-03-23T01:29:29.051Z OK: top annDP=10.87% AP=+242.1% (solana-all-time-high-by-june-30-2026), below 14%
2026-03-23T01:31:28.749Z OK: top annDP=10.87% AP=+242.7% (solana-all-time-high-by-june-30-2026), below 14%
2026-03-23T01:33:29.229Z OK: top annDP=10.87% AP=+242.2% (solana-all-time-high-by-june-30-2026), below 14%
2026-03-23T01:35:29.522Z OK: top annDP=10.87% AP=+242.4% (solana-all-time-high-by-june-30-2026), below 14%
2026-03-23T01:37:28.613Z OK: top annDP=10.87% AP=+242.5% (solana-all-time-high-by-june-30-2026), below 14%
2026-03-23T01:39:28.347Z OK: top annDP=10.87% AP=+242.1% (solana-all-time-high-by-june-30-2026), below 14%
2026-03-23T01:41:29.042Z OK: top annDP=10.87% AP=+242.2% (solana-all-time-high-by-june-30-2026), below 14%
2026-03-23T01:43:29.141Z OK: top annDP=10.87% AP=+242.6% (solana-all-time-high-by-june-30-2026), below 14%
2026-03-23T01:45:29.516Z OK: top annDP=10.87% AP=+242.8% (solana-all-time-high-by-june-30-2026), below 14%
2026-03-23T01:47:29.977Z OK: top annDP=10.87% AP=+242.4% (solana-all-time-high-by-june-30-2026), below 14%
2026-03-23T01:49:30.191Z OK: top annDP=10.87% AP=+243.2% (solana-all-time-high-by-june-30-2026), below 14%
2026-03-23T01:51:30.401Z OK: top annDP=10.88% AP=+243.6% (solana-all-time-high-by-june-30-2026), below 14%
2026-03-23T01:53:28.899Z OK: top annDP=10.87% AP=+243.1% (solana-all-time-high-by-june-30-2026), below 14%
2026-03-23T01:55:29.209Z OK: top annDP=10.88% AP=+243.2% (solana-all-time-high-by-june-30-2026), below 14%
2026-03-23T01:57:30.189Z OK: top annDP=10.88% AP=+243.0% (solana-all-time-high-by-june-30-2026), below 14%
2026-03-23T01:59:30.013Z OK: top annDP=10.88% AP=+243.3% (solana-all-time-high-by-june-30-2026), below 14%
2026-03-23T02:01:29.476Z OK: top annDP=10.88% AP=+243.5% (solana-all-time-high-by-june-30-2026), below 14%
2026-03-23T02:03:28.376Z OK: top annDP=10.88% AP=+243.6% (solana-all-time-high-by-june-30-2026), below 14%
2026-03-23T02:05:28.896Z OK: top annDP=10.88% AP=+243.3% (solana-all-time-high-by-june-30-2026), below 14%
2026-03-23T02:07:28.849Z OK: top annDP=10.88% AP=+243.1% (solana-all-time-high-by-june-30-2026), below 14%
2026-03-23T02:09:29.524Z OK: top annDP=10.88% AP=+242.9% (solana-all-time-high-by-june-30-2026), below 14%
2026-03-23T02:11:29.637Z OK: top annDP=10.88% AP=+242.1% (solana-all-time-high-by-june-30-2026), below 14%
2026-03-23T02:13:28.949Z OK: top annDP=10.88% AP=+242.8% (solana-all-time-high-by-june-30-2026), below 14%
2026-03-23T02:15:28.863Z OK: top annDP=10.88% AP=+243.5% (solana-all-time-high-by-june-30-2026), below 14%
2026-03-23T02:17:29.625Z OK: top annDP=10.88% AP=+243.5% (solana-all-time-high-by-june-30-2026), below 14%
2026-03-23T02:19:29.631Z OK: top annDP=10.88% AP=+243.6% (solana-all-time-high-by-june-30-2026), below 14%
2026-03-23T02:21:28.746Z OK: top annDP=10.88% AP=+242.7% (solana-all-time-high-by-june-30-2026), below 14%
2026-03-23T02:23:28.628Z OK: top annDP=10.88% AP=+242.7% (solana-all-time-high-by-june-30-2026), below 14%
2026-03-23T02:25:29.903Z OK: top annDP=10.88% AP=+242.4% (solana-all-time-high-by-june-30-2026), below 14%
2026-03-23T02:27:29.516Z OK: top annDP=10.88% AP=+240.9% (solana-all-time-high-by-june-30-2026), below 14%
2026-03-23T02:29:29.646Z OK: top annDP=10.88% AP=+241.3% (solana-all-time-high-by-june-30-2026), below 14%
2026-03-23T02:31:29.237Z OK: top annDP=10.88% AP=+240.2% (solana-all-time-high-by-june-30-2026), below 14%
2026-03-23T02:33:28.804Z OK: top annDP=10.88% AP=+240.6% (solana-all-time-high-by-june-30-2026), below 14%
2026-03-23T02:35:29.482Z OK: top annDP=10.88% AP=+240.8% (solana-all-time-high-by-june-30-2026), below 14%
2026-03-23T02:37:28.940Z OK: top annDP=10.88% AP=+240.7% (solana-all-time-high-by-june-30-2026), below 14%
2026-03-23T02:39:29.872Z OK: top annDP=10.88% AP=+241.1% (solana-all-time-high-by-june-30-2026), below 14%
2026-03-23T02:41:29.697Z OK: top annDP=10.88% AP=+241.3% (solana-all-time-high-by-june-30-2026), below 14%
2026-03-23T02:43:28.978Z OK: top annDP=10.88% AP=+240.9% (solana-all-time-high-by-june-30-2026), below 14%
2026-03-23T02:45:28.719Z OK: top annDP=10.88% AP=+241.0% (solana-all-time-high-by-june-30-2026), below 14%
2026-03-23T02:47:29.051Z OK: top annDP=10.88% AP=+241.4% (solana-all-time-high-by-june-30-2026), below 14%
2026-03-23T02:49:29.649Z OK: top annDP=10.88% AP=+241.3% (solana-all-time-high-by-june-30-2026), below 14%
2026-03-23T02:51:28.859Z OK: top annDP=10.88% AP=+241.3% (solana-all-time-high-by-june-30-2026), below 14%
2026-03-23T02:53:29.270Z OK: top annDP=10.88% AP=+241.4% (solana-all-time-high-by-june-30-2026), below 14%
2026-03-23T02:55:30.302Z OK: top annDP=10.88% AP=+241.8% (solana-all-time-high-by-june-30-2026), below 14%
2026-03-23T02:57:28.313Z OK: top annDP=10.88% AP=+241.5% (solana-all-time-high-by-june-30-2026), below 14%
2026-03-23T02:59:29.736Z OK: top annDP=10.88% AP=+241.2% (solana-all-time-high-by-june-30-2026), below 14%
2026-03-23T03:01:30.832Z OK: top annDP=10.88% AP=+240.5% (solana-all-time-high-by-june-30-2026), below 14%
2026-03-23T03:03:29.729Z OK: top annDP=10.88% AP=+239.6% (solana-all-time-high-by-june-30-2026), below 14%
2026-03-23T03:05:29.120Z OK: top annDP=10.88% AP=+240.1% (solana-all-time-high-by-june-30-2026), below 14%
2026-03-23T03:07:30.203Z OK: top annDP=10.88% AP=+240.2% (solana-all-time-high-by-june-30-2026), below 14%
2026-03-23T03:09:28.618Z OK: top annDP=10.88% AP=+239.7% (solana-all-time-high-by-june-30-2026), below 14%
2026-03-23T03:11:29.942Z OK: top annDP=10.88% AP=+240.3% (solana-all-time-high-by-june-30-2026), below 14%
2026-03-23T03:13:29.141Z OK: top annDP=10.88% AP=+240.9% (solana-all-time-high-by-june-30-2026), below 14%
2026-03-23T03:15:28.620Z OK: top annDP=10.88% AP=+241.1% (solana-all-time-high-by-june-30-2026), below 14%
2026-03-23T03:17:29.130Z OK: top annDP=10.88% AP=+241.0% (solana-all-time-high-by-june-30-2026), below 14%
2026-03-23T03:19:30.006Z OK: top annDP=10.88% AP=+241.2% (solana-all-time-high-by-june-30-2026), below 14%
2026-03-23T03:21:29.051Z OK: top annDP=10.88% AP=+241.3% (solana-all-time-high-by-june-30-2026), below 14%
2026-03-23T03:23:29.079Z OK: top annDP=10.88% AP=+241.1% (solana-all-time-high-by-june-30-2026), below 14%
2026-03-23T03:25:30.421Z OK: top annDP=10.88% AP=+241.5% (solana-all-time-high-by-june-30-2026), below 14%
2026-03-23T03:27:29.870Z OK: top annDP=10.88% AP=+241.5% (solana-all-time-high-by-june-30-2026), below 14%
2026-03-23T03:29:29.118Z OK: top annDP=10.88% AP=+241.6% (solana-all-time-high-by-june-30-2026), below 14%
2026-03-23T03:31:29.160Z OK: top annDP=10.88% AP=+241.8% (solana-all-time-high-by-june-30-2026), below 14%
2026-03-23T03:33:30.177Z OK: top annDP=10.88% AP=+241.6% (solana-all-time-high-by-june-30-2026), below 14%
2026-03-23T03:35:29.953Z OK: top annDP=10.88% AP=+241.8% (solana-all-time-high-by-june-30-2026), below 14%
2026-03-23T03:37:30.495Z OK: top annDP=10.88% AP=+242.0% (solana-all-time-high-by-june-30-2026), below 14%
2026-03-23T03:39:29.509Z OK: top annDP=10.88% AP=+242.1% (solana-all-time-high-by-june-30-2026), below 14%
2026-03-23T03:41:30.082Z OK: top annDP=10.88% AP=+242.1% (solana-all-time-high-by-june-30-2026), below 14%
2026-03-23T03:43:29.816Z OK: top annDP=10.88% AP=+242.2% (solana-all-time-high-by-june-30-2026), below 14%
2026-03-23T03:45:29.901Z OK: top annDP=10.88% AP=+242.0% (solana-all-time-high-by-june-30-2026), below 14%
2026-03-23T03:47:28.288Z OK: top annDP=10.88% AP=+241.9% (solana-all-time-high-by-june-30-2026), below 14%
2026-03-23T03:49:30.001Z OK: top annDP=10.88% AP=+241.8% (solana-all-time-high-by-june-30-2026), below 14%
2026-03-23T03:51:30.132Z OK: top annDP=10.88% AP=+242.1% (solana-all-time-high-by-june-30-2026), below 14%
2026-03-23T03:53:30.192Z OK: top annDP=10.88% AP=+241.7% (solana-all-time-high-by-june-30-2026), below 14%
2026-03-23T03:55:30.138Z OK: top annDP=10.88% AP=+242.1% (solana-all-time-high-by-june-30-2026), below 14%
2026-03-23T03:57:29.399Z OK: top annDP=10.88% AP=+242.3% (solana-all-time-high-by-june-30-2026), below 14%
2026-03-23T04:00:01.104Z ERROR: page.click: Timeout 30000ms exceeded.
Call log:
  - waiting for locator('#refresh-button')

2026-03-23T04:01:29.408Z OK: top annDP=10.88% AP=+242.2% (solana-all-time-high-by-june-30-2026), below 14%
2026-03-23T04:03:36.601Z ERROR: page.click: Timeout 30000ms exceeded.
Call log:
  - waiting for locator('#refresh-button')

2026-03-23T04:05:37.221Z ERROR: page.click: Timeout 30000ms exceeded.
Call log:
  - waiting for locator('#refresh-button')

2026-03-23T04:07:36.395Z ERROR: page.click: Timeout 30000ms exceeded.
Call log:
  - waiting for locator('#refresh-button')

2026-03-23T04:09:30.336Z OK: top annDP=10.88% AP=+242.0% (solana-all-time-high-by-june-30-2026), below 14%
2026-03-23T04:11:29.898Z OK: top annDP=10.88% AP=+242.1% (solana-all-time-high-by-june-30-2026), below 14%
2026-03-23T04:13:29.005Z OK: top annDP=10.89% AP=+242.2% (solana-all-time-high-by-june-30-2026), below 14%
2026-03-23T04:15:28.352Z OK: top annDP=10.89% AP=+242.1% (solana-all-time-high-by-june-30-2026), below 14%
2026-03-23T04:17:29.466Z OK: top annDP=10.89% AP=+242.4% (solana-all-time-high-by-june-30-2026), below 14%
2026-03-23T04:19:28.428Z OK: top annDP=10.89% AP=+242.2% (solana-all-time-high-by-june-30-2026), below 14%
2026-03-23T04:21:28.290Z OK: top annDP=10.89% AP=+242.4% (solana-all-time-high-by-june-30-2026), below 14%
2026-03-23T04:23:28.939Z OK: top annDP=10.89% AP=+242.1% (solana-all-time-high-by-june-30-2026), below 14%
2026-03-23T04:25:30.283Z OK: top annDP=10.89% AP=+241.8% (solana-all-time-high-by-june-30-2026), below 14%
2026-03-23T04:27:29.096Z OK: top annDP=10.89% AP=+242.4% (solana-all-time-high-by-june-30-2026), below 14%
2026-03-23T04:29:29.321Z OK: top annDP=10.89% AP=+242.3% (solana-all-time-high-by-june-30-2026), below 14%
2026-03-23T04:31:28.596Z OK: top annDP=10.89% AP=+242.0% (solana-all-time-high-by-june-30-2026), below 14%
2026-03-23T04:33:30.266Z OK: top annDP=10.89% AP=+241.8% (solana-all-time-high-by-june-30-2026), below 14%
2026-03-23T04:35:29.692Z OK: top annDP=10.89% AP=+241.8% (solana-all-time-high-by-june-30-2026), below 14%
2026-03-23T04:37:30.034Z OK: top annDP=10.89% AP=+241.5% (solana-all-time-high-by-june-30-2026), below 14%
2026-03-23T04:39:28.918Z OK: top annDP=10.89% AP=+241.1% (solana-all-time-high-by-june-30-2026), below 14%
2026-03-23T04:41:29.909Z OK: top annDP=10.89% AP=+241.1% (solana-all-time-high-by-june-30-2026), below 14%
2026-03-23T04:43:29.271Z OK: top annDP=10.89% AP=+241.5% (solana-all-time-high-by-june-30-2026), below 14%
2026-03-23T04:45:28.583Z OK: top annDP=10.89% AP=+241.6% (solana-all-time-high-by-june-30-2026), below 14%
2026-03-23T04:47:29.281Z OK: top annDP=10.89% AP=+241.6% (solana-all-time-high-by-june-30-2026), below 14%
2026-03-23T04:49:29.791Z OK: top annDP=10.89% AP=+241.4% (solana-all-time-high-by-june-30-2026), below 14%
2026-03-23T04:51:29.483Z OK: top annDP=10.89% AP=+241.3% (solana-all-time-high-by-june-30-2026), below 14%
2026-03-23T04:53:29.749Z OK: top annDP=10.89% AP=+241.1% (solana-all-time-high-by-june-30-2026), below 14%
2026-03-23T04:55:28.824Z OK: top annDP=10.89% AP=+240.7% (solana-all-time-high-by-june-30-2026), below 14%
2026-03-23T04:57:30.340Z OK: top annDP=10.89% AP=+240.7% (solana-all-time-high-by-june-30-2026), below 14%
2026-03-23T04:59:29.537Z OK: top annDP=10.89% AP=+240.5% (solana-all-time-high-by-june-30-2026), below 14%
2026-03-23T05:01:30.076Z OK: top annDP=10.89% AP=+240.3% (solana-all-time-high-by-june-30-2026), below 14%
2026-03-23T05:03:29.539Z OK: top annDP=10.89% AP=+240.0% (solana-all-time-high-by-june-30-2026), below 14%
2026-03-23T05:05:29.387Z OK: top annDP=10.89% AP=+239.5% (solana-all-time-high-by-june-30-2026), below 14%
2026-03-23T05:07:28.914Z OK: top annDP=10.89% AP=+239.5% (solana-all-time-high-by-june-30-2026), below 14%
2026-03-23T05:09:28.861Z OK: top annDP=10.89% AP=+239.4% (solana-all-time-high-by-june-30-2026), below 14%
2026-03-23T05:11:30.281Z OK: top annDP=10.89% AP=+239.5% (solana-all-time-high-by-june-30-2026), below 14%
2026-03-23T05:13:29.487Z OK: top annDP=10.89% AP=+239.6% (solana-all-time-high-by-june-30-2026), below 14%
2026-03-23T05:15:29.446Z OK: top annDP=10.89% AP=+239.1% (solana-all-time-high-by-june-30-2026), below 14%
2026-03-23T05:17:29.577Z OK: top annDP=10.89% AP=+238.9% (solana-all-time-high-by-june-30-2026), below 14%
2026-03-23T05:19:29.785Z OK: top annDP=10.89% AP=+239.3% (solana-all-time-high-by-june-30-2026), below 14%
2026-03-23T05:21:29.380Z OK: top annDP=10.89% AP=+239.2% (solana-all-time-high-by-june-30-2026), below 14%
2026-03-23T05:23:30.476Z OK: top annDP=10.89% AP=+239.6% (solana-all-time-high-by-june-30-2026), below 14%
2026-03-23T05:25:29.622Z OK: top annDP=10.89% AP=+239.6% (solana-all-time-high-by-june-30-2026), below 14%
2026-03-23T05:27:29.085Z OK: top annDP=10.89% AP=+239.7% (solana-all-time-high-by-june-30-2026), below 14%
2026-03-23T05:29:29.047Z OK: top annDP=10.89% AP=+239.4% (solana-all-time-high-by-june-30-2026), below 14%
2026-03-23T05:31:29.002Z OK: top annDP=10.89% AP=+240.0% (solana-all-time-high-by-june-30-2026), below 14%
2026-03-23T05:33:29.290Z OK: top annDP=10.89% AP=+240.3% (solana-all-time-high-by-june-30-2026), below 14%
2026-03-23T05:35:29.499Z OK: top annDP=10.89% AP=+239.8% (solana-all-time-high-by-june-30-2026), below 14%
2026-03-23T05:37:28.825Z OK: top annDP=10.89% AP=+239.4% (solana-all-time-high-by-june-30-2026), below 14%
2026-03-23T05:39:30.402Z OK: top annDP=10.89% AP=+239.3% (solana-all-time-high-by-june-30-2026), below 14%
2026-03-23T05:41:28.584Z OK: top annDP=10.89% AP=+240.2% (solana-all-time-high-by-june-30-2026), below 14%
2026-03-23T05:43:29.627Z OK: top annDP=10.89% AP=+239.9% (solana-all-time-high-by-june-30-2026), below 14%
2026-03-23T05:45:30.240Z OK: top annDP=10.89% AP=+240.0% (solana-all-time-high-by-june-30-2026), below 14%
2026-03-23T05:47:29.268Z OK: top annDP=10.89% AP=+240.2% (solana-all-time-high-by-june-30-2026), below 14%
2026-03-23T05:49:29.312Z OK: top annDP=10.89% AP=+240.3% (solana-all-time-high-by-june-30-2026), below 14%
2026-03-23T05:51:28.945Z OK: top annDP=10.89% AP=+240.5% (solana-all-time-high-by-june-30-2026), below 14%
2026-03-23T05:53:29.704Z OK: top annDP=10.89% AP=+240.4% (solana-all-time-high-by-june-30-2026), below 14%
2026-03-23T05:55:29.014Z OK: top annDP=10.89% AP=+240.0% (solana-all-time-high-by-june-30-2026), below 14%
2026-03-23T05:57:29.914Z OK: top annDP=10.89% AP=+239.1% (solana-all-time-high-by-june-30-2026), below 14%
2026-03-23T05:59:30.490Z OK: top annDP=10.89% AP=+239.3% (solana-all-time-high-by-june-30-2026), below 14%
2026-03-23T06:01:28.786Z OK: top annDP=10.89% AP=+239.6% (solana-all-time-high-by-june-30-2026), below 14%
2026-03-23T06:03:29.462Z OK: top annDP=10.89% AP=+240.2% (solana-all-time-high-by-june-30-2026), below 14%
2026-03-23T06:05:29.842Z OK: top annDP=10.89% AP=+240.3% (solana-all-time-high-by-june-30-2026), below 14%
2026-03-23T06:07:29.653Z OK: top annDP=10.89% AP=+240.7% (solana-all-time-high-by-june-30-2026), below 14%
2026-03-23T06:09:28.516Z OK: top annDP=10.89% AP=+240.7% (solana-all-time-high-by-june-30-2026), below 14%
2026-03-23T06:11:30.179Z OK: top annDP=10.89% AP=+240.6% (solana-all-time-high-by-june-30-2026), below 14%
2026-03-23T06:13:30.690Z OK: top annDP=10.89% AP=+241.3% (solana-all-time-high-by-june-30-2026), below 14%
2026-03-23T06:15:28.785Z OK: top annDP=10.89% AP=+241.7% (solana-all-time-high-by-june-30-2026), below 14%
2026-03-23T06:17:28.046Z OK: top annDP=10.89% AP=+241.5% (solana-all-time-high-by-june-30-2026), below 14%
2026-03-23T06:19:30.004Z OK: top annDP=10.89% AP=+241.6% (solana-all-time-high-by-june-30-2026), below 14%
2026-03-23T06:21:29.089Z OK: top annDP=10.89% AP=+241.7% (solana-all-time-high-by-june-30-2026), below 14%
2026-03-23T06:23:29.048Z OK: top annDP=10.89% AP=+241.9% (solana-all-time-high-by-june-30-2026), below 14%
2026-03-23T06:25:29.411Z OK: top annDP=10.89% AP=+241.9% (solana-all-time-high-by-june-30-2026), below 14%
2026-03-23T06:27:29.720Z OK: top annDP=10.89% AP=+241.4% (solana-all-time-high-by-june-30-2026), below 14%
2026-03-23T06:29:29.995Z OK: top annDP=10.89% AP=+241.3% (solana-all-time-high-by-june-30-2026), below 14%
2026-03-23T06:31:30.245Z OK: top annDP=10.9% AP=+241.9% (solana-all-time-high-by-june-30-2026), below 14%
2026-03-23T06:33:28.723Z OK: top annDP=10.9% AP=+242.1% (solana-all-time-high-by-june-30-2026), below 14%
2026-03-23T06:35:31.103Z OK: top annDP=10.9% AP=+242.2% (solana-all-time-high-by-june-30-2026), below 14%
2026-03-23T06:37:28.587Z OK: top annDP=10.9% AP=+242.8% (solana-all-time-high-by-june-30-2026), below 14%
2026-03-23T06:39:29.260Z OK: top annDP=10.9% AP=+244.3% (solana-all-time-high-by-june-30-2026), below 14%
2026-03-23T06:41:29.407Z OK: top annDP=10.9% AP=+244.0% (solana-all-time-high-by-june-30-2026), below 14%
2026-03-23T06:43:28.370Z OK: top annDP=10.9% AP=+245.6% (solana-all-time-high-by-june-30-2026), below 14%
2026-03-23T06:45:28.866Z OK: top annDP=10.9% AP=+245.3% (solana-all-time-high-by-june-30-2026), below 14%
2026-03-23T06:47:28.361Z OK: top annDP=10.9% AP=+244.5% (solana-all-time-high-by-june-30-2026), below 14%
2026-03-23T06:49:29.720Z OK: top annDP=10.9% AP=+245.2% (solana-all-time-high-by-june-30-2026), below 14%
2026-03-23T06:51:30.130Z OK: top annDP=10.9% AP=+245.2% (solana-all-time-high-by-june-30-2026), below 14%
2026-03-23T06:53:29.947Z OK: top annDP=10.9% AP=+244.9% (solana-all-time-high-by-june-30-2026), below 14%
2026-03-23T06:55:28.643Z OK: top annDP=10.9% AP=+245.1% (solana-all-time-high-by-june-30-2026), below 14%
2026-03-23T06:57:28.751Z OK: top annDP=10.9% AP=+245.5% (solana-all-time-high-by-june-30-2026), below 14%
2026-03-23T06:59:29.130Z OK: top annDP=10.9% AP=+245.0% (solana-all-time-high-by-june-30-2026), below 14%
2026-03-23T07:01:29.010Z OK: top annDP=10.9% AP=+245.4% (solana-all-time-high-by-june-30-2026), below 14%
2026-03-23T07:03:30.036Z OK: top annDP=10.9% AP=+245.8% (solana-all-time-high-by-june-30-2026), below 14%
2026-03-23T07:05:29.736Z OK: top annDP=10.9% AP=+245.8% (solana-all-time-high-by-june-30-2026), below 14%
2026-03-23T07:07:29.825Z OK: top annDP=10.9% AP=+246.5% (solana-all-time-high-by-june-30-2026), below 14%
2026-03-23T07:09:30.105Z OK: top annDP=10.9% AP=+245.8% (solana-all-time-high-by-june-30-2026), below 14%
2026-03-23T07:11:29.116Z OK: top annDP=10.9% AP=+245.8% (solana-all-time-high-by-june-30-2026), below 14%
2026-03-23T07:13:29.347Z OK: top annDP=10.9% AP=+246.1% (solana-all-time-high-by-june-30-2026), below 14%
2026-03-23T07:15:29.007Z OK: top annDP=10.9% AP=+245.6% (solana-all-time-high-by-june-30-2026), below 14%
2026-03-23T07:17:29.803Z OK: top annDP=10.9% AP=+245.4% (solana-all-time-high-by-june-30-2026), below 14%
2026-03-23T07:19:30.248Z OK: top annDP=10.9% AP=+245.5% (solana-all-time-high-by-june-30-2026), below 14%
2026-03-23T07:21:29.826Z OK: top annDP=10.9% AP=+245.8% (solana-all-time-high-by-june-30-2026), below 14%
2026-03-23T07:23:29.921Z OK: top annDP=10.9% AP=+246.3% (solana-all-time-high-by-june-30-2026), below 14%
2026-03-23T07:25:29.552Z OK: top annDP=10.9% AP=+247.2% (solana-all-time-high-by-june-30-2026), below 14%
2026-03-23T07:27:30.176Z OK: top annDP=10.9% AP=+246.9% (solana-all-time-high-by-june-30-2026), below 14%
2026-03-23T07:29:29.940Z OK: top annDP=10.9% AP=+246.9% (solana-all-time-high-by-june-30-2026), below 14%
2026-03-23T07:31:29.136Z OK: top annDP=10.9% AP=+246.6% (solana-all-time-high-by-june-30-2026), below 14%
2026-03-23T07:33:28.966Z OK: top annDP=10.9% AP=+246.4% (solana-all-time-high-by-june-30-2026), below 14%
2026-03-23T07:35:30.446Z OK: top annDP=10.9% AP=+245.7% (solana-all-time-high-by-june-30-2026), below 14%
2026-03-23T07:37:30.272Z OK: top annDP=10.9% AP=+245.1% (solana-all-time-high-by-june-30-2026), below 14%
2026-03-23T07:39:28.867Z OK: top annDP=10.9% AP=+245.0% (solana-all-time-high-by-june-30-2026), below 14%
2026-03-23T07:41:29.061Z OK: top annDP=10.9% AP=+243.9% (solana-all-time-high-by-june-30-2026), below 14%
2026-03-23T07:43:29.690Z OK: top annDP=10.9% AP=+243.9% (solana-all-time-high-by-june-30-2026), below 14%
2026-03-23T07:45:29.884Z OK: top annDP=10.9% AP=+243.5% (solana-all-time-high-by-june-30-2026), below 14%
2026-03-23T07:47:29.247Z OK: top annDP=10.9% AP=+243.6% (solana-all-time-high-by-june-30-2026), below 14%
2026-03-23T07:49:30.143Z OK: top annDP=10.9% AP=+243.3% (solana-all-time-high-by-june-30-2026), below 14%
2026-03-23T07:51:29.720Z OK: top annDP=10.9% AP=+243.6% (solana-all-time-high-by-june-30-2026), below 14%
2026-03-23T07:53:29.998Z OK: top annDP=10.9% AP=+243.5% (solana-all-time-high-by-june-30-2026), below 14%
2026-03-23T07:55:29.194Z OK: top annDP=10.9% AP=+243.7% (solana-all-time-high-by-june-30-2026), below 14%
2026-03-23T07:57:30.437Z OK: top annDP=10.9% AP=+243.7% (solana-all-time-high-by-june-30-2026), below 14%
2026-03-23T07:59:28.868Z OK: top annDP=10.9% AP=+243.9% (solana-all-time-high-by-june-30-2026), below 14%
2026-03-23T08:01:28.829Z OK: top annDP=10.9% AP=+244.0% (solana-all-time-high-by-june-30-2026), below 14%
2026-03-23T08:03:29.509Z OK: top annDP=10.9% AP=+243.8% (solana-all-time-high-by-june-30-2026), below 14%
2026-03-23T08:05:30.417Z OK: top annDP=10.9% AP=+243.8% (solana-all-time-high-by-june-30-2026), below 14%
2026-03-23T08:07:29.680Z OK: top annDP=10.9% AP=+244.0% (solana-all-time-high-by-june-30-2026), below 14%
2026-03-23T08:09:29.013Z OK: top annDP=10.9% AP=+243.2% (solana-all-time-high-by-june-30-2026), below 14%
2026-03-23T08:11:29.493Z OK: top annDP=10.9% AP=+242.8% (solana-all-time-high-by-june-30-2026), below 14%
2026-03-23T08:13:30.102Z OK: top annDP=10.9% AP=+243.2% (solana-all-time-high-by-june-30-2026), below 14%
2026-03-23T08:15:30.550Z OK: top annDP=10.9% AP=+242.4% (solana-all-time-high-by-june-30-2026), below 14%
2026-03-23T08:17:29.161Z OK: top annDP=10.9% AP=+242.6% (solana-all-time-high-by-june-30-2026), below 14%
2026-03-23T08:19:29.786Z OK: top annDP=10.9% AP=+243.0% (solana-all-time-high-by-june-30-2026), below 14%
2026-03-23T08:21:29.415Z OK: top annDP=10.9% AP=+243.1% (solana-all-time-high-by-june-30-2026), below 14%
2026-03-23T08:23:30.127Z OK: top annDP=10.9% AP=+243.3% (solana-all-time-high-by-june-30-2026), below 14%
2026-03-23T08:25:29.491Z OK: top annDP=10.9% AP=+242.7% (solana-all-time-high-by-june-30-2026), below 14%
2026-03-23T08:27:29.700Z OK: top annDP=10.9% AP=+242.7% (solana-all-time-high-by-june-30-2026), below 14%
2026-03-23T08:29:29.262Z OK: top annDP=10.9% AP=+242.8% (solana-all-time-high-by-june-30-2026), below 14%
2026-03-23T08:31:29.775Z OK: top annDP=10.91% AP=+243.1% (solana-all-time-high-by-june-30-2026), below 14%
2026-03-23T08:33:29.187Z OK: top annDP=10.9% AP=+242.3% (solana-all-time-high-by-june-30-2026), below 14%
2026-03-23T08:35:29.849Z OK: top annDP=10.91% AP=+242.6% (solana-all-time-high-by-june-30-2026), below 14%
2026-03-23T08:37:29.759Z OK: top annDP=10.91% AP=+242.9% (solana-all-time-high-by-june-30-2026), below 14%
2026-03-23T08:39:29.239Z OK: top annDP=10.91% AP=+242.8% (solana-all-time-high-by-june-30-2026), below 14%
2026-03-23T08:41:29.238Z OK: top annDP=10.91% AP=+243.2% (solana-all-time-high-by-june-30-2026), below 14%
2026-03-23T08:43:29.080Z OK: top annDP=10.91% AP=+243.1% (solana-all-time-high-by-june-30-2026), below 14%
2026-03-23T08:45:29.846Z OK: top annDP=10.91% AP=+243.7% (solana-all-time-high-by-june-30-2026), below 14%
2026-03-23T08:47:30.134Z OK: top annDP=10.91% AP=+243.3% (solana-all-time-high-by-june-30-2026), below 14%
2026-03-23T08:49:29.665Z OK: top annDP=10.91% AP=+243.3% (solana-all-time-high-by-june-30-2026), below 14%
2026-03-23T08:51:29.942Z OK: top annDP=10.91% AP=+243.7% (solana-all-time-high-by-june-30-2026), below 14%
2026-03-23T08:53:29.554Z OK: top annDP=10.91% AP=+243.2% (solana-all-time-high-by-june-30-2026), below 14%
2026-03-23T08:55:29.251Z OK: top annDP=10.91% AP=+243.2% (solana-all-time-high-by-june-30-2026), below 14%
2026-03-23T08:57:30.163Z OK: top annDP=10.91% AP=+243.8% (solana-all-time-high-by-june-30-2026), below 14%
2026-03-23T08:59:29.843Z OK: top annDP=10.91% AP=+243.8% (solana-all-time-high-by-june-30-2026), below 14%
2026-03-23T09:01:29.933Z OK: top annDP=10.91% AP=+244.0% (solana-all-time-high-by-june-30-2026), below 14%
2026-03-23T09:03:29.434Z OK: top annDP=10.64% AP=+244.5% (solana-all-time-high-by-june-30-2026), below 14%
2026-03-23T09:05:29.661Z OK: top annDP=10.64% AP=+244.7% (solana-all-time-high-by-june-30-2026), below 14%
2026-03-23T09:07:29.471Z OK: top annDP=10.64% AP=+245.5% (solana-all-time-high-by-june-30-2026), below 14%
2026-03-23T09:09:30.614Z OK: top annDP=10.64% AP=+245.2% (solana-all-time-high-by-june-30-2026), below 14%
2026-03-23T09:11:30.193Z OK: top annDP=10.64% AP=+245.0% (solana-all-time-high-by-june-30-2026), below 14%
2026-03-23T09:13:29.791Z OK: top annDP=10.64% AP=+245.0% (solana-all-time-high-by-june-30-2026), below 14%
2026-03-23T09:15:29.722Z OK: top annDP=10.64% AP=+244.9% (solana-all-time-high-by-june-30-2026), below 14%
2026-03-23T09:17:30.315Z OK: top annDP=9.27% AP=+167.4% (xrp-all-time-high-by-june-30-2026), below 14%
2026-03-23T09:19:29.595Z OK: top annDP=9.27% AP=+167.5% (xrp-all-time-high-by-june-30-2026), below 14%
2026-03-23T09:21:29.519Z OK: top annDP=9.43% AP=+245.1% (solana-all-time-high-by-june-30-2026), below 14%
2026-03-23T09:23:29.615Z OK: top annDP=9.43% AP=+244.3% (solana-all-time-high-by-june-30-2026), below 14%
2026-03-23T09:25:30.277Z OK: top annDP=9.43% AP=+244.5% (solana-all-time-high-by-june-30-2026), below 14%
2026-03-23T09:27:28.954Z OK: top annDP=9.43% AP=+245.1% (solana-all-time-high-by-june-30-2026), below 14%
2026-03-23T09:29:29.586Z OK: top annDP=9.43% AP=+244.8% (solana-all-time-high-by-june-30-2026), below 14%
2026-03-23T09:31:28.815Z OK: top annDP=9.43% AP=+244.8% (solana-all-time-high-by-june-30-2026), below 14%
2026-03-23T09:33:29.160Z OK: top annDP=9.43% AP=+245.2% (solana-all-time-high-by-june-30-2026), below 14%
2026-03-23T09:35:29.842Z OK: top annDP=9.43% AP=+246.2% (solana-all-time-high-by-june-30-2026), below 14%
2026-03-23T09:37:29.834Z OK: top annDP=9.43% AP=+246.7% (solana-all-time-high-by-june-30-2026), below 14%
2026-03-23T09:39:29.329Z OK: top annDP=9.43% AP=+246.9% (solana-all-time-high-by-june-30-2026), below 14%
2026-03-23T09:41:29.074Z OK: top annDP=9.43% AP=+246.1% (solana-all-time-high-by-june-30-2026), below 14%
2026-03-23T09:43:29.937Z OK: top annDP=9.43% AP=+245.9% (solana-all-time-high-by-june-30-2026), below 14%
2026-03-23T09:45:29.233Z OK: top annDP=9.43% AP=+246.2% (solana-all-time-high-by-june-30-2026), below 14%
2026-03-23T09:47:30.207Z OK: top annDP=9.43% AP=+245.8% (solana-all-time-high-by-june-30-2026), below 14%
2026-03-23T09:49:29.787Z OK: top annDP=9.43% AP=+245.5% (solana-all-time-high-by-june-30-2026), below 14%
2026-03-23T09:51:29.567Z OK: top annDP=9.43% AP=+245.6% (solana-all-time-high-by-june-30-2026), below 14%
2026-03-23T09:53:30.129Z OK: top annDP=9.43% AP=+245.8% (solana-all-time-high-by-june-30-2026), below 14%
2026-03-23T09:55:29.159Z OK: top annDP=9.44% AP=+245.7% (solana-all-time-high-by-june-30-2026), below 14%
2026-03-23T09:57:29.251Z OK: top annDP=9.43% AP=+245.2% (solana-all-time-high-by-june-30-2026), below 14%
2026-03-23T09:59:29.663Z OK: top annDP=8.1% AP=+245.3% (solana-all-time-high-by-june-30-2026), below 14%
2026-03-23T10:01:29.224Z OK: top annDP=8.1% AP=+244.9% (solana-all-time-high-by-june-30-2026), below 14%
2026-03-23T10:03:29.438Z OK: top annDP=9.27% AP=+167.2% (xrp-all-time-high-by-june-30-2026), below 14%
2026-03-23T10:05:30.135Z OK: top annDP=8.98% AP=+166.6% (xrp-all-time-high-by-june-30-2026), below 14%
2026-03-23T10:07:29.280Z OK: top annDP=8.98% AP=+166.2% (xrp-all-time-high-by-june-30-2026), below 14%
2026-03-23T10:09:30.093Z OK: top annDP=9.82% AP=+244.3% (solana-all-time-high-by-june-30-2026), below 14%
2026-03-23T10:11:28.818Z OK: top annDP=9.82% AP=+243.2% (solana-all-time-high-by-june-30-2026), below 14%
2026-03-23T10:13:29.102Z OK: top annDP=9.82% AP=+243.1% (solana-all-time-high-by-june-30-2026), below 14%
2026-03-23T10:15:29.709Z OK: top annDP=9.82% AP=+243.5% (solana-all-time-high-by-june-30-2026), below 14%
2026-03-23T10:17:30.006Z OK: top annDP=9.83% AP=+243.5% (solana-all-time-high-by-june-30-2026), below 14%
2026-03-23T10:19:29.716Z OK: top annDP=9.83% AP=+243.4% (solana-all-time-high-by-june-30-2026), below 14%
2026-03-23T10:21:30.348Z OK: top annDP=9.83% AP=+244.2% (solana-all-time-high-by-june-30-2026), below 14%
2026-03-23T10:23:30.722Z OK: top annDP=9.83% AP=+244.3% (solana-all-time-high-by-june-30-2026), below 14%
2026-03-23T10:25:29.082Z OK: top annDP=9.83% AP=+244.3% (solana-all-time-high-by-june-30-2026), below 14%
2026-03-23T10:27:29.759Z OK: top annDP=9.83% AP=+243.9% (solana-all-time-high-by-june-30-2026), below 14%
2026-03-23T10:29:29.226Z OK: top annDP=9.83% AP=+244.2% (solana-all-time-high-by-june-30-2026), below 14%
2026-03-23T10:31:28.707Z OK: top annDP=9.83% AP=+244.3% (solana-all-time-high-by-june-30-2026), below 14%
2026-03-23T10:33:29.314Z OK: top annDP=9.83% AP=+244.0% (solana-all-time-high-by-june-30-2026), below 14%
2026-03-23T10:35:30.261Z OK: top annDP=9.83% AP=+244.2% (solana-all-time-high-by-june-30-2026), below 14%
2026-03-23T10:37:29.274Z OK: top annDP=9.83% AP=+244.1% (solana-all-time-high-by-june-30-2026), below 14%
2026-03-23T10:39:29.618Z OK: top annDP=9.83% AP=+244.3% (solana-all-time-high-by-june-30-2026), below 14%
2026-03-23T10:41:28.680Z OK: top annDP=9.83% AP=+244.8% (solana-all-time-high-by-june-30-2026), below 14%
2026-03-23T10:43:29.741Z OK: top annDP=9.83% AP=+244.8% (solana-all-time-high-by-june-30-2026), below 14%
2026-03-23T10:45:30.266Z OK: top annDP=9.83% AP=+244.4% (solana-all-time-high-by-june-30-2026), below 14%
2026-03-23T10:47:28.828Z OK: top annDP=9.83% AP=+244.7% (solana-all-time-high-by-june-30-2026), below 14%
2026-03-23T10:49:28.345Z OK: top annDP=9.83% AP=+244.7% (solana-all-time-high-by-june-30-2026), below 14%
2026-03-23T10:51:28.136Z OK: top annDP=9.82% AP=+244.9% (solana-all-time-high-by-june-30-2026), below 14%
2026-03-23T10:53:28.315Z OK: top annDP=9.83% AP=+244.3% (solana-all-time-high-by-june-30-2026), below 14%
2026-03-23T10:55:28.297Z OK: top annDP=9.83% AP=+244.0% (solana-all-time-high-by-june-30-2026), below 14%
2026-03-23T10:57:27.855Z OK: top annDP=9.83% AP=+244.0% (solana-all-time-high-by-june-30-2026), below 14%
2026-03-23T10:59:28.402Z OK: top annDP=9.83% AP=+244.0% (solana-all-time-high-by-june-30-2026), below 14%
2026-03-23T11:01:27.979Z OK: top annDP=9.83% AP=+244.0% (solana-all-time-high-by-june-30-2026), below 14%
2026-03-23T11:03:28.173Z OK: top annDP=9.83% AP=+244.0% (solana-all-time-high-by-june-30-2026), below 14%
2026-03-23T11:05:28.370Z OK: top annDP=9.87% AP=+243.4% (solana-all-time-high-by-june-30-2026), below 14%
2026-03-23T11:07:29.000Z OK: top annDP=9.87% AP=+243.7% (solana-all-time-high-by-june-30-2026), below 14%
2026-03-23T11:09:28.510Z OK: top annDP=9.86% AP=+224.7% (solana-all-time-high-by-june-30-2026), below 14%
2026-03-23T11:11:28.890Z OK: top annDP=9.86% AP=+227.1% (solana-all-time-high-by-june-30-2026), below 14%
2026-03-23T11:13:29.105Z OK: top annDP=9.86% AP=+226.5% (solana-all-time-high-by-june-30-2026), below 14%
2026-03-23T11:15:29.779Z OK: top annDP=9.86% AP=+222.3% (solana-all-time-high-by-june-30-2026), below 14%
2026-03-23T11:17:29.776Z OK: top annDP=9.86% AP=+224.3% (solana-all-time-high-by-june-30-2026), below 14%
2026-03-23T11:19:29.623Z OK: top annDP=9.86% AP=+224.1% (solana-all-time-high-by-june-30-2026), below 14%
2026-03-23T11:21:30.105Z OK: top annDP=9.86% AP=+226.6% (solana-all-time-high-by-june-30-2026), below 14%
2026-03-23T11:23:28.963Z OK: top annDP=9.82% AP=+227.0% (solana-all-time-high-by-june-30-2026), below 14%
2026-03-23T11:25:29.689Z OK: top annDP=9.82% AP=+228.1% (solana-all-time-high-by-june-30-2026), below 14%
2026-03-23T11:27:29.983Z OK: top annDP=9.82% AP=+227.9% (solana-all-time-high-by-june-30-2026), below 14%
2026-03-23T11:29:29.047Z OK: top annDP=9.82% AP=+226.8% (solana-all-time-high-by-june-30-2026), below 14%
2026-03-23T11:31:29.727Z OK: top annDP=9.82% AP=+228.0% (solana-all-time-high-by-june-30-2026), below 14%
2026-03-23T11:33:30.538Z OK: top annDP=9.82% AP=+225.7% (solana-all-time-high-by-june-30-2026), below 14%
2026-03-23T11:35:29.365Z OK: top annDP=9.82% AP=+226.0% (solana-all-time-high-by-june-30-2026), below 14%
2026-03-23T11:37:28.562Z OK: top annDP=9.82% AP=+227.0% (solana-all-time-high-by-june-30-2026), below 14%
2026-03-23T11:39:29.339Z OK: top annDP=9.82% AP=+228.0% (solana-all-time-high-by-june-30-2026), below 14%
2026-03-23T11:41:29.367Z OK: top annDP=9.82% AP=+229.1% (solana-all-time-high-by-june-30-2026), below 14%
2026-03-23T11:43:28.882Z OK: top annDP=9.82% AP=+229.1% (solana-all-time-high-by-june-30-2026), below 14%
2026-03-23T11:45:29.312Z OK: top annDP=9.82% AP=+228.8% (solana-all-time-high-by-june-30-2026), below 14%
2026-03-23T11:47:29.935Z OK: top annDP=13.45% AP=+228.8% (solana-all-time-high-by-june-30-2026), below 14%
2026-03-23T11:49:29.564Z OK: top annDP=13.45% AP=+231.6% (solana-all-time-high-by-june-30-2026), below 14%
2026-03-23T11:51:29.011Z OK: top annDP=13.45% AP=+230.8% (solana-all-time-high-by-june-30-2026), below 14%
2026-03-23T11:53:29.274Z OK: top annDP=13.45% AP=+231.6% (solana-all-time-high-by-june-30-2026), below 14%
2026-03-23T11:55:28.821Z OK: top annDP=13.45% AP=+231.2% (solana-all-time-high-by-june-30-2026), below 14%
2026-03-23T11:57:28.932Z OK: top annDP=13.46% AP=+231.5% (solana-all-time-high-by-june-30-2026), below 14%
2026-03-23T11:59:29.306Z OK: top annDP=13.46% AP=+233.1% (solana-all-time-high-by-june-30-2026), below 14%
2026-03-23T12:01:30.167Z OK: top annDP=13.46% AP=+233.3% (solana-all-time-high-by-june-30-2026), below 14%
2026-03-23T12:03:29.517Z OK: top annDP=13.46% AP=+234.3% (solana-all-time-high-by-june-30-2026), below 14%
2026-03-23T12:05:29.959Z OK: top annDP=13.46% AP=+233.1% (solana-all-time-high-by-june-30-2026), below 14%
2026-03-23T12:07:30.588Z OK: top annDP=13.46% AP=+233.1% (solana-all-time-high-by-june-30-2026), below 14%
2026-03-23T12:09:29.196Z OK: top annDP=13.46% AP=+232.8% (solana-all-time-high-by-june-30-2026), below 14%
2026-03-23T12:11:29.232Z OK: top annDP=13.46% AP=+231.6% (solana-all-time-high-by-june-30-2026), below 14%
2026-03-23T12:13:30.070Z OK: top annDP=13.46% AP=+231.9% (solana-all-time-high-by-june-30-2026), below 14%
2026-03-23T12:15:29.987Z OK: top annDP=13.46% AP=+231.5% (solana-all-time-high-by-june-30-2026), below 14%
2026-03-23T12:17:28.717Z OK: top annDP=13.46% AP=+231.2% (solana-all-time-high-by-june-30-2026), below 14%
2026-03-23T12:19:31.978Z OK: top annDP=13.46% AP=+230.7% (solana-all-time-high-by-june-30-2026), below 14%
2026-03-23T12:21:30.241Z OK: top annDP=13.46% AP=+230.6% (solana-all-time-high-by-june-30-2026), below 14%
2026-03-23T12:23:30.019Z OK: top annDP=13.46% AP=+229.8% (solana-all-time-high-by-june-30-2026), below 14%
2026-03-23T12:25:28.929Z OK: top annDP=13.46% AP=+230.1% (solana-all-time-high-by-june-30-2026), below 14%
2026-03-23T12:27:30.094Z OK: top annDP=13.46% AP=+230.5% (solana-all-time-high-by-june-30-2026), below 14%
2026-03-23T12:29:29.938Z OK: top annDP=9.07% AP=+230.4% (solana-all-time-high-by-june-30-2026), below 14%
2026-03-23T12:31:29.263Z OK: top annDP=9.07% AP=+230.0% (solana-all-time-high-by-june-30-2026), below 14%
2026-03-23T12:33:30.124Z OK: top annDP=9.07% AP=+230.8% (solana-all-time-high-by-june-30-2026), below 14%
2026-03-23T12:35:28.772Z OK: top annDP=9.07% AP=+229.9% (solana-all-time-high-by-june-30-2026), below 14%
2026-03-23T12:37:29.813Z OK: top annDP=8.11% AP=+229.1% (solana-all-time-high-by-june-30-2026), below 14%
2026-03-23T12:39:29.680Z OK: top annDP=8.1% AP=+229.9% (solana-all-time-high-by-june-30-2026), below 14%
2026-03-23T12:41:29.573Z OK: top annDP=8.1% AP=+230.0% (solana-all-time-high-by-june-30-2026), below 14%
2026-03-23T12:43:29.404Z OK: top annDP=8.1% AP=+229.1% (solana-all-time-high-by-june-30-2026), below 14%
2026-03-23T12:45:29.982Z OK: top annDP=8.1% AP=+227.4% (solana-all-time-high-by-june-30-2026), below 14%
2026-03-23T12:47:29.748Z OK: top annDP=8.1% AP=+227.9% (solana-all-time-high-by-june-30-2026), below 14%
2026-03-23T12:49:30.035Z OK: top annDP=8.1% AP=+227.0% (solana-all-time-high-by-june-30-2026), below 14%
2026-03-23T12:51:28.790Z OK: top annDP=8.1% AP=+227.3% (solana-all-time-high-by-june-30-2026), below 14%
2026-03-23T12:53:29.944Z OK: top annDP=8.1% AP=+226.9% (solana-all-time-high-by-june-30-2026), below 14%
2026-03-23T12:55:28.806Z OK: top annDP=8.17% AP=+227.6% (solana-all-time-high-by-june-30-2026), below 14%
2026-03-23T12:57:29.516Z OK: top annDP=8.17% AP=+227.9% (solana-all-time-high-by-june-30-2026), below 14%
2026-03-23T12:59:29.998Z OK: top annDP=8.17% AP=+228.2% (solana-all-time-high-by-june-30-2026), below 14%
2026-03-23T13:01:29.695Z OK: top annDP=8.17% AP=+227.6% (solana-all-time-high-by-june-30-2026), below 14%
2026-03-23T13:03:30.121Z OK: top annDP=8.17% AP=+228.3% (solana-all-time-high-by-june-30-2026), below 14%
2026-03-23T13:05:29.583Z OK: top annDP=8.17% AP=+228.2% (solana-all-time-high-by-june-30-2026), below 14%
2026-03-23T13:07:29.829Z OK: top annDP=8.17% AP=+228.6% (solana-all-time-high-by-june-30-2026), below 14%
2026-03-23T13:09:29.625Z OK: top annDP=8.17% AP=+228.4% (solana-all-time-high-by-june-30-2026), below 14%
2026-03-23T13:11:29.503Z OK: top annDP=8.22% AP=+228.9% (solana-all-time-high-by-june-30-2026), below 14%
2026-03-23T13:13:29.282Z OK: top annDP=8.22% AP=+228.8% (solana-all-time-high-by-june-30-2026), below 14%
2026-03-23T13:15:29.460Z OK: top annDP=8.22% AP=+228.4% (solana-all-time-high-by-june-30-2026), below 14%
2026-03-23T13:17:29.085Z OK: top annDP=8.22% AP=+228.0% (solana-all-time-high-by-june-30-2026), below 14%
2026-03-23T13:19:29.314Z OK: top annDP=8.22% AP=+228.2% (solana-all-time-high-by-june-30-2026), below 14%
2026-03-23T13:21:28.661Z OK: top annDP=8.22% AP=+228.1% (solana-all-time-high-by-june-30-2026), below 14%
2026-03-23T13:23:28.956Z OK: top annDP=8.24% AP=+227.5% (solana-all-time-high-by-june-30-2026), below 14%
2026-03-23T13:25:29.738Z OK: top annDP=8.2% AP=+227.4% (solana-all-time-high-by-june-30-2026), below 14%
2026-03-23T13:27:29.166Z OK: top annDP=8.2% AP=+227.8% (solana-all-time-high-by-june-30-2026), below 14%
2026-03-23T13:29:29.043Z OK: top annDP=8.2% AP=+227.9% (solana-all-time-high-by-june-30-2026), below 14%
2026-03-23T13:31:29.966Z OK: top annDP=8.2% AP=+228.7% (solana-all-time-high-by-june-30-2026), below 14%
2026-03-23T13:33:29.800Z OK: top annDP=8.2% AP=+228.4% (solana-all-time-high-by-june-30-2026), below 14%
2026-03-23T13:35:28.930Z OK: top annDP=8.14% AP=+227.9% (solana-all-time-high-by-june-30-2026), below 14%
2026-03-23T13:37:28.723Z OK: top annDP=8.14% AP=+227.5% (solana-all-time-high-by-june-30-2026), below 14%
2026-03-23T13:39:29.286Z OK: top annDP=8.51% AP=+156.0% (xrp-all-time-high-by-june-30-2026), below 14%
2026-03-23T13:41:29.942Z OK: top annDP=8.84% AP=+155.6% (xrp-all-time-high-by-june-30-2026), below 14%
2026-03-23T13:43:29.122Z OK: top annDP=8.84% AP=+155.3% (xrp-all-time-high-by-june-30-2026), below 14%
2026-03-23T13:45:29.687Z OK: top annDP=8.86% AP=+154.6% (xrp-all-time-high-by-june-30-2026), below 14%
2026-03-23T13:47:30.482Z OK: top annDP=9% AP=+155.1% (xrp-all-time-high-by-june-30-2026), below 14%
2026-03-23T13:49:29.445Z OK: top annDP=8.7% AP=+154.9% (xrp-all-time-high-by-june-30-2026), below 14%
2026-03-23T13:51:29.639Z OK: top annDP=8.69% AP=+154.5% (xrp-all-time-high-by-june-30-2026), below 14%
2026-03-23T13:53:29.104Z OK: top annDP=8.69% AP=+153.7% (xrp-all-time-high-by-june-30-2026), below 14%
2026-03-23T13:55:29.779Z OK: top annDP=8.69% AP=+154.0% (xrp-all-time-high-by-june-30-2026), below 14%
2026-03-23T13:57:29.627Z OK: top annDP=8.69% AP=+154.6% (xrp-all-time-high-by-june-30-2026), below 14%
2026-03-23T13:59:29.274Z OK: top annDP=8.69% AP=+154.0% (xrp-all-time-high-by-june-30-2026), below 14%
2026-03-23T14:01:29.365Z OK: top annDP=8.69% AP=+153.6% (xrp-all-time-high-by-june-30-2026), below 14%
2026-03-23T14:03:29.295Z OK: top annDP=8.22% AP=+223.3% (solana-all-time-high-by-june-30-2026), below 14%
2026-03-23T14:05:29.609Z OK: top annDP=8.69% AP=+153.4% (xrp-all-time-high-by-june-30-2026), below 14%
2026-03-23T14:07:29.605Z OK: top annDP=8.17% AP=+224.2% (solana-all-time-high-by-june-30-2026), below 14%
2026-03-23T14:09:30.116Z OK: top annDP=8.17% AP=+223.1% (solana-all-time-high-by-june-30-2026), below 14%
2026-03-23T14:11:29.610Z OK: top annDP=8.17% AP=+223.4% (solana-all-time-high-by-june-30-2026), below 14%
2026-03-23T14:13:29.554Z OK: top annDP=8.71% AP=+152.7% (xrp-all-time-high-by-june-30-2026), below 14%
2026-03-23T14:15:30.381Z OK: top annDP=8.71% AP=+152.9% (xrp-all-time-high-by-june-30-2026), below 14%
2026-03-23T14:17:30.277Z OK: top annDP=8.17% AP=+223.4% (solana-all-time-high-by-june-30-2026), below 14%
2026-03-23T14:19:29.171Z OK: top annDP=8.22% AP=+223.3% (solana-all-time-high-by-june-30-2026), below 14%
2026-03-23T14:21:29.418Z OK: top annDP=8.22% AP=+223.7% (solana-all-time-high-by-june-30-2026), below 14%
2026-03-23T14:23:29.416Z OK: top annDP=8.22% AP=+223.2% (solana-all-time-high-by-june-30-2026), below 14%
2026-03-23T14:25:30.060Z OK: top annDP=8.71% AP=+152.6% (xrp-all-time-high-by-june-30-2026), below 14%
2026-03-23T14:27:29.085Z OK: top annDP=8.71% AP=+152.9% (xrp-all-time-high-by-june-30-2026), below 14%
2026-03-23T14:29:29.164Z OK: top annDP=8.69% AP=+153.2% (xrp-all-time-high-by-june-30-2026), below 14%
2026-03-23T14:31:30.010Z OK: top annDP=8.4% AP=+153.0% (xrp-all-time-high-by-june-30-2026), below 14%
2026-03-23T14:33:30.005Z OK: top annDP=8.4% AP=+152.9% (xrp-all-time-high-by-june-30-2026), below 14%
2026-03-23T14:35:30.368Z OK: top annDP=8.69% AP=+153.1% (xrp-all-time-high-by-june-30-2026), below 14%
2026-03-23T14:37:29.346Z OK: top annDP=8.69% AP=+153.1% (xrp-all-time-high-by-june-30-2026), below 14%
2026-03-23T14:39:29.408Z OK: top annDP=8.4% AP=+152.6% (xrp-all-time-high-by-june-30-2026), below 14%
2026-03-23T14:41:34.054Z OK: top annDP=8.22% AP=+223.7% (solana-all-time-high-by-june-30-2026), below 14%
2026-03-23T14:43:32.212Z OK: top annDP=8.22% AP=+223.7% (solana-all-time-high-by-june-30-2026), below 14%
2026-03-23T14:45:31.507Z OK: top annDP=8.4% AP=+152.3% (xrp-all-time-high-by-june-30-2026), below 14%
2026-03-23T14:47:32.902Z OK: top annDP=8.4% AP=+152.8% (xrp-all-time-high-by-june-30-2026), below 14%
2026-03-23T14:49:30.764Z OK: top annDP=8.4% AP=+152.5% (xrp-all-time-high-by-june-30-2026), below 14%
2026-03-23T14:51:30.594Z OK: top annDP=8.4% AP=+153.1% (xrp-all-time-high-by-june-30-2026), below 14%
2026-03-23T14:53:32.821Z OK: top annDP=8.4% AP=+153.1% (xrp-all-time-high-by-june-30-2026), below 14%
2026-03-23T14:55:30.050Z OK: top annDP=8.4% AP=+152.8% (xrp-all-time-high-by-june-30-2026), below 14%
2026-03-23T14:57:29.349Z OK: top annDP=8.4% AP=+152.6% (xrp-all-time-high-by-june-30-2026), below 14%
2026-03-23T14:59:29.945Z OK: top annDP=8.4% AP=+152.0% (xrp-all-time-high-by-june-30-2026), below 14%
2026-03-23T15:01:28.707Z OK: top annDP=8.22% AP=+222.9% (solana-all-time-high-by-june-30-2026), below 14%
2026-03-23T15:03:29.684Z OK: top annDP=8.22% AP=+222.7% (solana-all-time-high-by-june-30-2026), below 14%
2026-03-23T15:05:29.846Z OK: top annDP=8.22% AP=+221.6% (solana-all-time-high-by-june-30-2026), below 14%
2026-03-23T15:07:30.004Z OK: top annDP=8.22% AP=+220.9% (solana-all-time-high-by-june-30-2026), below 14%
2026-03-23T15:09:29.655Z OK: top annDP=8.22% AP=+220.9% (solana-all-time-high-by-june-30-2026), below 14%
2026-03-23T15:11:29.366Z OK: top annDP=8.22% AP=+221.1% (solana-all-time-high-by-june-30-2026), below 14%
2026-03-23T15:13:29.824Z OK: top annDP=8.29% AP=+221.7% (solana-all-time-high-by-june-30-2026), below 14%
2026-03-23T15:15:29.738Z OK: top annDP=8.29% AP=+222.1% (solana-all-time-high-by-june-30-2026), below 14%
2026-03-23T15:17:30.062Z OK: top annDP=8.29% AP=+222.7% (solana-all-time-high-by-june-30-2026), below 14%
2026-03-23T15:19:29.478Z OK: top annDP=8.29% AP=+223.1% (solana-all-time-high-by-june-30-2026), below 14%
2026-03-23T15:21:29.725Z OK: top annDP=8.29% AP=+223.5% (solana-all-time-high-by-june-30-2026), below 14%
2026-03-23T15:23:29.587Z OK: top annDP=8.29% AP=+224.3% (solana-all-time-high-by-june-30-2026), below 14%
2026-03-23T15:25:29.649Z OK: top annDP=8.29% AP=+223.7% (solana-all-time-high-by-june-30-2026), below 14%
2026-03-23T15:27:29.741Z OK: top annDP=8.29% AP=+223.9% (solana-all-time-high-by-june-30-2026), below 14%
2026-03-23T15:29:30.103Z OK: top annDP=8.29% AP=+224.4% (solana-all-time-high-by-june-30-2026), below 14%
2026-03-23T15:31:30.282Z OK: top annDP=8.29% AP=+224.5% (solana-all-time-high-by-june-30-2026), below 14%
2026-03-23T15:33:30.066Z OK: top annDP=8.4% AP=+151.4% (xrp-all-time-high-by-june-30-2026), below 14%
2026-03-23T15:35:29.922Z OK: top annDP=8.4% AP=+151.8% (xrp-all-time-high-by-june-30-2026), below 14%
2026-03-23T15:37:28.489Z OK: top annDP=8.4% AP=+152.2% (xrp-all-time-high-by-june-30-2026), below 14%
2026-03-23T15:39:28.982Z OK: top annDP=8.4% AP=+152.4% (xrp-all-time-high-by-june-30-2026), below 14%
2026-03-23T15:41:29.326Z OK: top annDP=8.17% AP=+226.1% (solana-all-time-high-by-june-30-2026), below 14%
2026-03-23T15:43:29.505Z OK: top annDP=8.4% AP=+152.6% (xrp-all-time-high-by-june-30-2026), below 14%
2026-03-23T15:45:29.469Z OK: top annDP=8.69% AP=+153.5% (xrp-all-time-high-by-june-30-2026), below 14%
2026-03-23T15:47:29.127Z OK: top annDP=8.69% AP=+153.3% (xrp-all-time-high-by-june-30-2026), below 14%
2026-03-23T15:49:29.406Z OK: top annDP=11.13% AP=+227.1% (solana-all-time-high-by-june-30-2026), below 14%
2026-03-23T15:51:31.352Z OK: top annDP=11.13% AP=+225.8% (solana-all-time-high-by-june-30-2026), below 14%
2026-03-23T15:53:29.582Z OK: top annDP=11.13% AP=+225.7% (solana-all-time-high-by-june-30-2026), below 14%
2026-03-23T15:55:29.858Z OK: top annDP=11.13% AP=+228.6% (solana-all-time-high-by-june-30-2026), below 14%
2026-03-23T15:57:29.371Z OK: top annDP=11.19% AP=+228.6% (solana-all-time-high-by-june-30-2026), below 14%
2026-03-23T15:59:29.732Z OK: top annDP=11.19% AP=+228.6% (solana-all-time-high-by-june-30-2026), below 14%
2026-03-23T16:01:30.295Z OK: top annDP=11.04% AP=+228.8% (solana-all-time-high-by-june-30-2026), below 14%
2026-03-23T16:03:28.875Z OK: top annDP=11.19% AP=+228.6% (solana-all-time-high-by-june-30-2026), below 14%
2026-03-23T16:05:29.886Z OK: top annDP=11.19% AP=+228.4% (solana-all-time-high-by-june-30-2026), below 14%
2026-03-23T16:07:28.197Z OK: top annDP=11.15% AP=+228.2% (solana-all-time-high-by-june-30-2026), below 14%
2026-03-23T16:09:30.304Z OK: top annDP=11.14% AP=+227.5% (solana-all-time-high-by-june-30-2026), below 14%
2026-03-23T16:11:29.272Z OK: top annDP=11.14% AP=+227.9% (solana-all-time-high-by-june-30-2026), below 14%
2026-03-23T16:13:29.665Z OK: top annDP=12.69% AP=+227.8% (solana-all-time-high-by-june-30-2026), below 14%
2026-03-23T16:15:29.476Z OK: top annDP=12.69% AP=+227.8% (solana-all-time-high-by-june-30-2026), below 14%
2026-03-23T16:17:30.438Z OK: top annDP=12.69% AP=+227.5% (solana-all-time-high-by-june-30-2026), below 14%
2026-03-23T16:19:29.651Z OK: top annDP=12.69% AP=+228.1% (solana-all-time-high-by-june-30-2026), below 14%
2026-03-23T16:21:29.746Z OK: top annDP=12.69% AP=+228.3% (solana-all-time-high-by-june-30-2026), below 14%
2026-03-23T16:23:30.509Z OK: top annDP=12.69% AP=+229.3% (solana-all-time-high-by-june-30-2026), below 14%
2026-03-23T16:25:28.902Z OK: top annDP=12.69% AP=+229.0% (solana-all-time-high-by-june-30-2026), below 14%
2026-03-23T16:27:29.799Z OK: top annDP=12.69% AP=+229.8% (solana-all-time-high-by-june-30-2026), below 14%
2026-03-23T16:29:29.578Z OK: top annDP=12.69% AP=+230.1% (solana-all-time-high-by-june-30-2026), below 14%
2026-03-23T16:31:29.773Z OK: top annDP=12.69% AP=+230.6% (solana-all-time-high-by-june-30-2026), below 14%
2026-03-23T16:33:30.050Z OK: top annDP=12.73% AP=+229.8% (solana-all-time-high-by-june-30-2026), below 14%
2026-03-23T16:35:29.932Z OK: top annDP=12.73% AP=+229.9% (solana-all-time-high-by-june-30-2026), below 14%
2026-03-23T16:37:28.685Z OK: top annDP=12.73% AP=+229.1% (solana-all-time-high-by-june-30-2026), below 14%
2026-03-23T16:39:29.970Z OK: top annDP=12.73% AP=+228.8% (solana-all-time-high-by-june-30-2026), below 14%
2026-03-23T16:41:29.497Z OK: top annDP=12.74% AP=+229.3% (solana-all-time-high-by-june-30-2026), below 14%
2026-03-23T16:43:30.260Z OK: top annDP=12.74% AP=+229.2% (solana-all-time-high-by-june-30-2026), below 14%
2026-03-23T16:45:29.691Z OK: top annDP=12.74% AP=+228.8% (solana-all-time-high-by-june-30-2026), below 14%
2026-03-23T16:47:30.103Z OK: top annDP=13.09% AP=+228.2% (solana-all-time-high-by-june-30-2026), below 14%
2026-03-23T16:49:29.413Z OK: top annDP=13.09% AP=+227.7% (solana-all-time-high-by-june-30-2026), below 14%
2026-03-23T16:51:29.913Z OK: top annDP=13.09% AP=+227.2% (solana-all-time-high-by-june-30-2026), below 14%
2026-03-23T16:53:30.770Z OK: top annDP=13.09% AP=+227.5% (solana-all-time-high-by-june-30-2026), below 14%
2026-03-23T16:55:31.365Z OK: top annDP=12.93% AP=+227.6% (solana-all-time-high-by-june-30-2026), below 14%
2026-03-23T16:57:29.277Z OK: top annDP=12.93% AP=+227.4% (solana-all-time-high-by-june-30-2026), below 14%
2026-03-23T16:59:29.671Z OK: top annDP=13.09% AP=+227.7% (solana-all-time-high-by-june-30-2026), below 14%
2026-03-23T17:01:29.566Z OK: top annDP=13.13% AP=+227.0% (solana-all-time-high-by-june-30-2026), below 14%
2026-03-23T17:03:30.457Z OK: top annDP=13.13% AP=+227.1% (solana-all-time-high-by-june-30-2026), below 14%
2026-03-23T17:05:30.425Z OK: top annDP=13.13% AP=+227.2% (solana-all-time-high-by-june-30-2026), below 14%
2026-03-23T17:07:29.289Z OK: top annDP=13.13% AP=+227.5% (solana-all-time-high-by-june-30-2026), below 14%
2026-03-23T17:09:29.928Z OK: top annDP=13.13% AP=+227.7% (solana-all-time-high-by-june-30-2026), below 14%
2026-03-23T17:11:29.359Z OK: top annDP=13.13% AP=+227.3% (solana-all-time-high-by-june-30-2026), below 14%
2026-03-23T17:13:30.289Z OK: top annDP=13.13% AP=+227.2% (solana-all-time-high-by-june-30-2026), below 14%
2026-03-23T17:15:29.919Z OK: top annDP=13.13% AP=+227.6% (solana-all-time-high-by-june-30-2026), below 14%
2026-03-23T17:17:30.146Z OK: top annDP=13.13% AP=+228.8% (solana-all-time-high-by-june-30-2026), below 14%
2026-03-23T17:19:30.042Z OK: top annDP=13.13% AP=+228.3% (solana-all-time-high-by-june-30-2026), below 14%
2026-03-23T17:21:30.805Z OK: top annDP=13.13% AP=+228.9% (solana-all-time-high-by-june-30-2026), below 14%
2026-03-23T17:23:29.449Z OK: top annDP=13.09% AP=+229.1% (solana-all-time-high-by-june-30-2026), below 14%
2026-03-23T17:25:30.109Z OK: top annDP=13.09% AP=+229.1% (solana-all-time-high-by-june-30-2026), below 14%
2026-03-23T17:27:29.369Z OK: top annDP=13.09% AP=+228.5% (solana-all-time-high-by-june-30-2026), below 14%
2026-03-23T17:29:29.501Z OK: top annDP=13.09% AP=+228.4% (solana-all-time-high-by-june-30-2026), below 14%
2026-03-23T17:31:29.928Z OK: top annDP=13.09% AP=+228.4% (solana-all-time-high-by-june-30-2026), below 14%
2026-03-23T17:33:30.008Z OK: top annDP=13.13% AP=+228.3% (solana-all-time-high-by-june-30-2026), below 14%
2026-03-23T17:35:29.468Z OK: top annDP=13.13% AP=+226.9% (solana-all-time-high-by-june-30-2026), below 14%
2026-03-23T17:37:29.245Z OK: top annDP=13.13% AP=+225.9% (solana-all-time-high-by-june-30-2026), below 14%
2026-03-23T17:39:31.960Z OK: top annDP=13.13% AP=+225.2% (solana-all-time-high-by-june-30-2026), below 14%
2026-03-23T17:41:29.931Z OK: top annDP=13.13% AP=+224.9% (solana-all-time-high-by-june-30-2026), below 14%
2026-03-23T17:43:30.069Z OK: top annDP=13.13% AP=+224.7% (solana-all-time-high-by-june-30-2026), below 14%
2026-03-23T17:45:31.665Z OK: top annDP=13.13% AP=+225.4% (solana-all-time-high-by-june-30-2026), below 14%
2026-03-23T17:47:29.789Z OK: top annDP=13.13% AP=+224.7% (solana-all-time-high-by-june-30-2026), below 14%
2026-03-23T17:49:30.071Z OK: top annDP=13.13% AP=+224.6% (solana-all-time-high-by-june-30-2026), below 14%
2026-03-23T17:51:29.742Z OK: top annDP=13.13% AP=+224.3% (solana-all-time-high-by-june-30-2026), below 14%
2026-03-23T17:53:29.661Z OK: top annDP=13.13% AP=+224.1% (solana-all-time-high-by-june-30-2026), below 14%
2026-03-23T17:56:13.115Z ERROR: page.click: Timeout 30000ms exceeded.
Call log:
  - waiting for locator('#refresh-button')

2026-03-23T17:57:29.466Z OK: top annDP=13.13% AP=+223.9% (solana-all-time-high-by-june-30-2026), below 14%
2026-03-23T17:59:29.678Z OK: top annDP=13.13% AP=+224.1% (solana-all-time-high-by-june-30-2026), below 14%
2026-03-23T18:01:29.353Z OK: top annDP=13.13% AP=+224.1% (solana-all-time-high-by-june-30-2026), below 14%
2026-03-23T18:03:29.369Z OK: top annDP=13.13% AP=+224.1% (solana-all-time-high-by-june-30-2026), below 14%
2026-03-23T18:05:30.032Z OK: top annDP=13.13% AP=+223.8% (solana-all-time-high-by-june-30-2026), below 14%
2026-03-23T18:07:29.541Z OK: top annDP=13.13% AP=+223.8% (solana-all-time-high-by-june-30-2026), below 14%
2026-03-23T18:09:29.437Z OK: top annDP=13.13% AP=+224.2% (solana-all-time-high-by-june-30-2026), below 14%
2026-03-23T18:11:29.468Z OK: top annDP=13.14% AP=+224.8% (solana-all-time-high-by-june-30-2026), below 14%
2026-03-23T18:13:30.563Z OK: top annDP=13.14% AP=+224.8% (solana-all-time-high-by-june-30-2026), below 14%
2026-03-23T18:15:29.621Z OK: top annDP=13.14% AP=+224.6% (solana-all-time-high-by-june-30-2026), below 14%
2026-03-23T18:17:29.802Z OK: top annDP=13.14% AP=+224.5% (solana-all-time-high-by-june-30-2026), below 14%
2026-03-23T18:19:32.997Z OK: top annDP=13.14% AP=+224.3% (solana-all-time-high-by-june-30-2026), below 14%
2026-03-23T18:21:29.510Z OK: top annDP=13.09% AP=+224.2% (solana-all-time-high-by-june-30-2026), below 14%
2026-03-23T18:23:29.587Z OK: top annDP=13.09% AP=+224.6% (solana-all-time-high-by-june-30-2026), below 14%
2026-03-23T18:25:29.383Z OK: top annDP=13.1% AP=+224.7% (solana-all-time-high-by-june-30-2026), below 14%
2026-03-23T18:27:30.243Z OK: top annDP=13.1% AP=+224.5% (solana-all-time-high-by-june-30-2026), below 14%
2026-03-23T18:29:35.209Z OK: top annDP=13.1% AP=+224.7% (solana-all-time-high-by-june-30-2026), below 14%
2026-03-23T18:31:30.551Z OK: top annDP=13.1% AP=+224.1% (solana-all-time-high-by-june-30-2026), below 14%
2026-03-23T18:33:29.845Z OK: top annDP=13.1% AP=+223.3% (solana-all-time-high-by-june-30-2026), below 14%
2026-03-23T18:35:29.625Z OK: top annDP=13.1% AP=+223.1% (solana-all-time-high-by-june-30-2026), below 14%
2026-03-23T18:37:30.083Z OK: top annDP=13.14% AP=+222.5% (solana-all-time-high-by-june-30-2026), below 14%
2026-03-23T18:39:30.894Z OK: top annDP=13.14% AP=+222.7% (solana-all-time-high-by-june-30-2026), below 14%
2026-03-23T18:41:29.463Z OK: top annDP=13.14% AP=+223.4% (solana-all-time-high-by-june-30-2026), below 14%
2026-03-23T18:43:29.875Z OK: top annDP=13.14% AP=+223.6% (solana-all-time-high-by-june-30-2026), below 14%
2026-03-23T18:45:30.152Z OK: top annDP=13.14% AP=+223.2% (solana-all-time-high-by-june-30-2026), below 14%
2026-03-23T18:47:30.759Z OK: top annDP=13.14% AP=+223.4% (solana-all-time-high-by-june-30-2026), below 14%
2026-03-23T18:49:29.256Z OK: top annDP=13.14% AP=+223.2% (solana-all-time-high-by-june-30-2026), below 14%
2026-03-23T18:51:29.338Z OK: top annDP=13.14% AP=+223.1% (solana-all-time-high-by-june-30-2026), below 14%
2026-03-23T18:53:29.648Z OK: top annDP=13.14% AP=+223.0% (solana-all-time-high-by-june-30-2026), below 14%
2026-03-23T18:55:29.824Z OK: top annDP=13.14% AP=+223.6% (solana-all-time-high-by-june-30-2026), below 14%
2026-03-23T18:57:30.123Z OK: top annDP=13.14% AP=+223.1% (solana-all-time-high-by-june-30-2026), below 14%
2026-03-23T18:59:29.629Z OK: top annDP=13.14% AP=+223.0% (solana-all-time-high-by-june-30-2026), below 14%
2026-03-23T19:01:29.629Z OK: top annDP=13.14% AP=+222.7% (solana-all-time-high-by-june-30-2026), below 14%
2026-03-23T19:03:29.826Z OK: top annDP=13.14% AP=+223.1% (solana-all-time-high-by-june-30-2026), below 14%
2026-03-23T19:05:30.155Z OK: top annDP=13.14% AP=+222.9% (solana-all-time-high-by-june-30-2026), below 14%
2026-03-23T19:07:31.100Z OK: top annDP=13.14% AP=+222.4% (solana-all-time-high-by-june-30-2026), below 14%
2026-03-23T19:09:30.327Z OK: top annDP=13.14% AP=+223.6% (solana-all-time-high-by-june-30-2026), below 14%
2026-03-23T19:11:29.373Z OK: top annDP=13.14% AP=+223.0% (solana-all-time-high-by-june-30-2026), below 14%
2026-03-23T19:13:29.750Z OK: top annDP=13.14% AP=+223.2% (solana-all-time-high-by-june-30-2026), below 14%
2026-03-23T19:15:29.532Z OK: top annDP=13.14% AP=+223.3% (solana-all-time-high-by-june-30-2026), below 14%
2026-03-23T19:17:29.785Z OK: top annDP=13.14% AP=+223.5% (solana-all-time-high-by-june-30-2026), below 14%
2026-03-23T19:19:30.418Z OK: top annDP=13.14% AP=+223.7% (solana-all-time-high-by-june-30-2026), below 14%
2026-03-23T19:21:30.134Z OK: top annDP=13.14% AP=+223.4% (solana-all-time-high-by-june-30-2026), below 14%
2026-03-23T19:23:30.092Z OK: top annDP=13.14% AP=+223.3% (solana-all-time-high-by-june-30-2026), below 14%
2026-03-23T19:25:29.604Z OK: top annDP=13.14% AP=+223.2% (solana-all-time-high-by-june-30-2026), below 14%
2026-03-23T19:27:29.705Z OK: top annDP=13.14% AP=+222.4% (solana-all-time-high-by-june-30-2026), below 14%
2026-03-23T19:29:30.065Z OK: top annDP=13.14% AP=+222.9% (solana-all-time-high-by-june-30-2026), below 14%
2026-03-23T19:31:29.725Z OK: top annDP=13.14% AP=+222.6% (solana-all-time-high-by-june-30-2026), below 14%
2026-03-23T19:33:28.936Z OK: top annDP=13.14% AP=+222.7% (solana-all-time-high-by-june-30-2026), below 14%
2026-03-23T19:35:29.469Z OK: top annDP=12.71% AP=+222.6% (solana-all-time-high-by-june-30-2026), below 14%
2026-03-23T19:37:30.141Z OK: top annDP=12.75% AP=+222.8% (solana-all-time-high-by-june-30-2026), below 14%
2026-03-23T19:39:29.837Z OK: top annDP=12.71% AP=+222.7% (solana-all-time-high-by-june-30-2026), below 14%
2026-03-23T19:41:29.897Z OK: top annDP=12.71% AP=+222.9% (solana-all-time-high-by-june-30-2026), below 14%
2026-03-23T19:43:29.981Z OK: top annDP=12.71% AP=+223.2% (solana-all-time-high-by-june-30-2026), below 14%
2026-03-23T19:45:28.958Z OK: top annDP=12.71% AP=+222.9% (solana-all-time-high-by-june-30-2026), below 14%
2026-03-23T19:47:29.948Z OK: top annDP=12.71% AP=+222.7% (solana-all-time-high-by-june-30-2026), below 14%
2026-03-23T19:49:29.849Z OK: top annDP=12.71% AP=+222.9% (solana-all-time-high-by-june-30-2026), below 14%
2026-03-23T19:51:29.938Z OK: top annDP=12.71% AP=+223.2% (solana-all-time-high-by-june-30-2026), below 14%
2026-03-23T19:53:29.822Z OK: top annDP=12.71% AP=+223.6% (solana-all-time-high-by-june-30-2026), below 14%
2026-03-23T19:55:28.521Z OK: top annDP=12.71% AP=+223.8% (solana-all-time-high-by-june-30-2026), below 14%
2026-03-23T19:57:28.947Z OK: top annDP=12.71% AP=+223.9% (solana-all-time-high-by-june-30-2026), below 14%
2026-03-23T19:59:30.369Z OK: top annDP=12.71% AP=+223.5% (solana-all-time-high-by-june-30-2026), below 14%
2026-03-23T20:01:29.722Z OK: top annDP=12.71% AP=+223.5% (solana-all-time-high-by-june-30-2026), below 14%
2026-03-23T20:03:29.679Z OK: top annDP=12.71% AP=+223.8% (solana-all-time-high-by-june-30-2026), below 14%
2026-03-23T20:05:29.742Z OK: top annDP=12.71% AP=+223.5% (solana-all-time-high-by-june-30-2026), below 14%
2026-03-23T20:07:29.221Z OK: top annDP=12.71% AP=+223.4% (solana-all-time-high-by-june-30-2026), below 14%
2026-03-23T20:09:29.616Z OK: top annDP=12.71% AP=+223.5% (solana-all-time-high-by-june-30-2026), below 14%
2026-03-23T20:11:30.193Z OK: top annDP=12.71% AP=+223.1% (solana-all-time-high-by-june-30-2026), below 14%
2026-03-23T20:13:29.911Z OK: top annDP=12.71% AP=+223.2% (solana-all-time-high-by-june-30-2026), below 14%
2026-03-23T20:15:30.003Z OK: top annDP=12.71% AP=+223.0% (solana-all-time-high-by-june-30-2026), below 14%
2026-03-23T20:17:29.965Z OK: top annDP=12.71% AP=+222.7% (solana-all-time-high-by-june-30-2026), below 14%
2026-03-23T20:19:29.458Z OK: top annDP=12.71% AP=+222.8% (solana-all-time-high-by-june-30-2026), below 14%
2026-03-23T20:21:28.901Z OK: top annDP=12.71% AP=+222.9% (solana-all-time-high-by-june-30-2026), below 14%
2026-03-23T20:23:29.729Z OK: top annDP=12.71% AP=+222.7% (solana-all-time-high-by-june-30-2026), below 14%
2026-03-23T20:25:29.394Z OK: top annDP=12.71% AP=+222.7% (solana-all-time-high-by-june-30-2026), below 14%
2026-03-23T20:27:29.204Z OK: top annDP=12.71% AP=+222.9% (solana-all-time-high-by-june-30-2026), below 14%
2026-03-23T20:29:29.336Z OK: top annDP=12.71% AP=+223.0% (solana-all-time-high-by-june-30-2026), below 14%
2026-03-23T20:31:29.563Z OK: top annDP=12.71% AP=+223.1% (solana-all-time-high-by-june-30-2026), below 14%
2026-03-23T20:33:29.342Z OK: top annDP=12.71% AP=+222.7% (solana-all-time-high-by-june-30-2026), below 14%
2026-03-23T20:35:30.133Z OK: top annDP=12.71% AP=+222.7% (solana-all-time-high-by-june-30-2026), below 14%
2026-03-23T20:37:29.100Z OK: top annDP=12.71% AP=+221.8% (solana-all-time-high-by-june-30-2026), below 14%
2026-03-23T20:39:29.629Z OK: top annDP=12.71% AP=+222.2% (solana-all-time-high-by-june-30-2026), below 14%
2026-03-23T20:41:29.122Z OK: top annDP=12.71% AP=+222.1% (solana-all-time-high-by-june-30-2026), below 14%
2026-03-23T20:43:29.387Z OK: top annDP=12.71% AP=+221.9% (solana-all-time-high-by-june-30-2026), below 14%
2026-03-23T20:45:29.367Z OK: top annDP=12.71% AP=+221.7% (solana-all-time-high-by-june-30-2026), below 14%
2026-03-23T20:47:29.924Z OK: top annDP=12.71% AP=+221.7% (solana-all-time-high-by-june-30-2026), below 14%
2026-03-23T20:49:30.766Z OK: top annDP=12.71% AP=+222.0% (solana-all-time-high-by-june-30-2026), below 14%
2026-03-23T20:51:29.234Z OK: top annDP=12.71% AP=+222.0% (solana-all-time-high-by-june-30-2026), below 14%
2026-03-23T20:53:29.462Z OK: top annDP=12.71% AP=+222.3% (solana-all-time-high-by-june-30-2026), below 14%
2026-03-23T20:55:29.523Z OK: top annDP=12.71% AP=+222.1% (solana-all-time-high-by-june-30-2026), below 14%
2026-03-23T20:57:28.902Z OK: top annDP=12.71% AP=+222.1% (solana-all-time-high-by-june-30-2026), below 14%
2026-03-23T20:59:29.361Z OK: top annDP=12.71% AP=+222.1% (solana-all-time-high-by-june-30-2026), below 14%
2026-03-23T21:01:29.159Z OK: top annDP=12.71% AP=+222.2% (solana-all-time-high-by-june-30-2026), below 14%
2026-03-23T21:03:29.151Z OK: top annDP=12.72% AP=+222.2% (solana-all-time-high-by-june-30-2026), below 14%
2026-03-23T21:05:29.532Z OK: top annDP=12.72% AP=+222.4% (solana-all-time-high-by-june-30-2026), below 14%
2026-03-23T21:07:28.679Z OK: top annDP=12.72% AP=+222.7% (solana-all-time-high-by-june-30-2026), below 14%
2026-03-23T21:09:29.119Z OK: top annDP=12.72% AP=+222.7% (solana-all-time-high-by-june-30-2026), below 14%
2026-03-23T21:11:29.566Z OK: top annDP=12.72% AP=+222.7% (solana-all-time-high-by-june-30-2026), below 14%
2026-03-23T21:13:29.262Z OK: top annDP=12.72% AP=+223.0% (solana-all-time-high-by-june-30-2026), below 14%
2026-03-23T21:15:29.940Z OK: top annDP=12.72% AP=+222.6% (solana-all-time-high-by-june-30-2026), below 14%
2026-03-23T21:17:29.103Z OK: top annDP=12.72% AP=+222.8% (solana-all-time-high-by-june-30-2026), below 14%
2026-03-23T21:19:29.413Z OK: top annDP=12.72% AP=+222.9% (solana-all-time-high-by-june-30-2026), below 14%
2026-03-23T21:21:29.158Z OK: top annDP=12.72% AP=+222.9% (solana-all-time-high-by-june-30-2026), below 14%
2026-03-23T21:23:29.106Z OK: top annDP=12.72% AP=+223.0% (solana-all-time-high-by-june-30-2026), below 14%
2026-03-23T21:25:29.414Z OK: top annDP=12.72% AP=+222.9% (solana-all-time-high-by-june-30-2026), below 14%
2026-03-23T21:27:28.810Z OK: top annDP=12.72% AP=+223.0% (solana-all-time-high-by-june-30-2026), below 14%
2026-03-23T21:29:28.993Z OK: top annDP=12.72% AP=+223.2% (solana-all-time-high-by-june-30-2026), below 14%
2026-03-23T21:31:29.679Z OK: top annDP=12.72% AP=+223.1% (solana-all-time-high-by-june-30-2026), below 14%
2026-03-23T21:33:29.965Z OK: top annDP=12.72% AP=+222.9% (solana-all-time-high-by-june-30-2026), below 14%
2026-03-23T21:35:28.759Z OK: top annDP=12.56% AP=+222.4% (solana-all-time-high-by-june-30-2026), below 14%
2026-03-23T21:37:30.274Z OK: top annDP=12.56% AP=+221.7% (solana-all-time-high-by-june-30-2026), below 14%
2026-03-23T21:39:28.784Z OK: top annDP=12.56% AP=+222.2% (solana-all-time-high-by-june-30-2026), below 14%
2026-03-23T21:41:29.607Z OK: top annDP=12.56% AP=+221.8% (solana-all-time-high-by-june-30-2026), below 14%
2026-03-23T21:43:29.284Z OK: top annDP=12.56% AP=+222.2% (solana-all-time-high-by-june-30-2026), below 14%
2026-03-23T21:45:29.286Z OK: top annDP=12.72% AP=+222.0% (solana-all-time-high-by-june-30-2026), below 14%
2026-03-23T21:47:28.868Z OK: top annDP=12.72% AP=+222.0% (solana-all-time-high-by-june-30-2026), below 14%
2026-03-23T21:49:29.076Z OK: top annDP=12.72% AP=+222.1% (solana-all-time-high-by-june-30-2026), below 14%
2026-03-23T21:51:29.600Z OK: top annDP=12.72% AP=+222.5% (solana-all-time-high-by-june-30-2026), below 14%
2026-03-23T21:53:29.019Z OK: top annDP=12.56% AP=+222.1% (solana-all-time-high-by-june-30-2026), below 14%
2026-03-23T21:55:28.462Z OK: top annDP=12.72% AP=+222.3% (solana-all-time-high-by-june-30-2026), below 14%
2026-03-23T21:57:28.719Z OK: top annDP=12.72% AP=+222.5% (solana-all-time-high-by-june-30-2026), below 14%
2026-03-23T21:59:28.970Z OK: top annDP=12.72% AP=+222.6% (solana-all-time-high-by-june-30-2026), below 14%
2026-03-23T22:01:39.782Z OK: top annDP=12.72% AP=+222.9% (solana-all-time-high-by-june-30-2026), below 14%
2026-03-23T22:03:28.875Z OK: top annDP=12.72% AP=+223.0% (solana-all-time-high-by-june-30-2026), below 14%
2026-03-23T22:05:29.608Z OK: top annDP=12.72% AP=+223.9% (solana-all-time-high-by-june-30-2026), below 14%
2026-03-23T22:07:29.932Z OK: top annDP=12.72% AP=+223.9% (solana-all-time-high-by-june-30-2026), below 14%
2026-03-23T22:09:29.263Z OK: top annDP=12.72% AP=+223.8% (solana-all-time-high-by-june-30-2026), below 14%
2026-03-23T22:11:29.206Z OK: top annDP=12.72% AP=+224.1% (solana-all-time-high-by-june-30-2026), below 14%
2026-03-23T22:13:28.416Z OK: top annDP=12.72% AP=+224.2% (solana-all-time-high-by-june-30-2026), below 14%
2026-03-23T22:15:29.266Z OK: top annDP=12.72% AP=+223.7% (solana-all-time-high-by-june-30-2026), below 14%
2026-03-23T22:17:29.247Z OK: top annDP=12.72% AP=+224.1% (solana-all-time-high-by-june-30-2026), below 14%
2026-03-23T22:19:29.341Z OK: top annDP=12.72% AP=+223.3% (solana-all-time-high-by-june-30-2026), below 14%
2026-03-23T22:21:28.999Z OK: top annDP=12.72% AP=+222.4% (solana-all-time-high-by-june-30-2026), below 14%
2026-03-23T22:23:29.231Z OK: top annDP=12.72% AP=+222.1% (solana-all-time-high-by-june-30-2026), below 14%
2026-03-23T22:25:29.756Z OK: top annDP=12.72% AP=+222.9% (solana-all-time-high-by-june-30-2026), below 14%
2026-03-23T22:27:28.836Z OK: top annDP=12.72% AP=+222.9% (solana-all-time-high-by-june-30-2026), below 14%
2026-03-23T22:29:29.258Z OK: top annDP=12.72% AP=+222.7% (solana-all-time-high-by-june-30-2026), below 14%
2026-03-23T22:31:27.927Z OK: top annDP=12.72% AP=+222.9% (solana-all-time-high-by-june-30-2026), below 14%
2026-03-23T22:33:28.503Z OK: top annDP=12.72% AP=+223.6% (solana-all-time-high-by-june-30-2026), below 14%
2026-03-23T22:35:29.586Z OK: top annDP=12.72% AP=+223.6% (solana-all-time-high-by-june-30-2026), below 14%
2026-03-23T22:37:30.042Z OK: top annDP=12.56% AP=+222.9% (solana-all-time-high-by-june-30-2026), below 14%
2026-03-23T22:39:28.572Z OK: top annDP=12.72% AP=+223.0% (solana-all-time-high-by-june-30-2026), below 14%
2026-03-23T22:41:29.503Z OK: top annDP=12.72% AP=+223.3% (solana-all-time-high-by-june-30-2026), below 14%
2026-03-23T22:43:29.115Z OK: top annDP=12.72% AP=+223.6% (solana-all-time-high-by-june-30-2026), below 14%
2026-03-23T22:45:29.642Z OK: top annDP=12.72% AP=+223.4% (solana-all-time-high-by-june-30-2026), below 14%
2026-03-23T22:47:29.038Z OK: top annDP=12.72% AP=+223.4% (solana-all-time-high-by-june-30-2026), below 14%
2026-03-23T22:49:29.165Z OK: top annDP=12.72% AP=+223.5% (solana-all-time-high-by-june-30-2026), below 14%
2026-03-23T22:51:29.006Z OK: top annDP=12.73% AP=+223.3% (solana-all-time-high-by-june-30-2026), below 14%
2026-03-23T22:53:29.674Z OK: top annDP=12.73% AP=+223.1% (solana-all-time-high-by-june-30-2026), below 14%
2026-03-23T22:55:29.068Z OK: top annDP=12.73% AP=+222.9% (solana-all-time-high-by-june-30-2026), below 14%
2026-03-23T22:57:29.229Z OK: top annDP=12.73% AP=+223.3% (solana-all-time-high-by-june-30-2026), below 14%
2026-03-23T22:59:28.574Z OK: top annDP=12.73% AP=+223.2% (solana-all-time-high-by-june-30-2026), below 14%
2026-03-23T23:01:29.304Z OK: top annDP=12.73% AP=+223.2% (solana-all-time-high-by-june-30-2026), below 14%
2026-03-23T23:03:29.133Z OK: top annDP=12.73% AP=+223.4% (solana-all-time-high-by-june-30-2026), below 14%
2026-03-23T23:05:29.325Z OK: top annDP=12.73% AP=+223.5% (solana-all-time-high-by-june-30-2026), below 14%
2026-03-23T23:07:29.290Z OK: top annDP=12.73% AP=+223.8% (solana-all-time-high-by-june-30-2026), below 14%
2026-03-23T23:09:29.403Z OK: top annDP=12.73% AP=+224.1% (solana-all-time-high-by-june-30-2026), below 14%
2026-03-23T23:11:29.046Z OK: top annDP=12.73% AP=+224.4% (solana-all-time-high-by-june-30-2026), below 14%
2026-03-23T23:13:29.393Z OK: top annDP=12.73% AP=+224.6% (solana-all-time-high-by-june-30-2026), below 14%
2026-03-23T23:15:30.053Z OK: top annDP=12.73% AP=+223.9% (solana-all-time-high-by-june-30-2026), below 14%
2026-03-23T23:17:29.762Z OK: top annDP=12.73% AP=+224.1% (solana-all-time-high-by-june-30-2026), below 14%
2026-03-23T23:19:29.360Z OK: top annDP=12.73% AP=+224.4% (solana-all-time-high-by-june-30-2026), below 14%
2026-03-23T23:21:29.472Z OK: top annDP=12.73% AP=+224.8% (solana-all-time-high-by-june-30-2026), below 14%
2026-03-23T23:23:29.169Z OK: top annDP=12.73% AP=+225.1% (solana-all-time-high-by-june-30-2026), below 14%
2026-03-23T23:25:29.913Z OK: top annDP=12.73% AP=+224.6% (solana-all-time-high-by-june-30-2026), below 14%
2026-03-23T23:27:29.086Z OK: top annDP=12.73% AP=+223.8% (solana-all-time-high-by-june-30-2026), below 14%
2026-03-23T23:29:29.532Z OK: top annDP=12.73% AP=+223.9% (solana-all-time-high-by-june-30-2026), below 14%
2026-03-23T23:31:29.115Z OK: top annDP=12.73% AP=+224.1% (solana-all-time-high-by-june-30-2026), below 14%
2026-03-23T23:33:29.195Z OK: top annDP=12.73% AP=+224.3% (solana-all-time-high-by-june-30-2026), below 14%
2026-03-23T23:35:29.523Z OK: top annDP=12.73% AP=+224.5% (solana-all-time-high-by-june-30-2026), below 14%
2026-03-23T23:37:29.286Z OK: top annDP=12.73% AP=+224.2% (solana-all-time-high-by-june-30-2026), below 14%
2026-03-23T23:39:29.745Z OK: top annDP=12.73% AP=+224.2% (solana-all-time-high-by-june-30-2026), below 14%
2026-03-23T23:41:30.272Z OK: top annDP=12.73% AP=+224.3% (solana-all-time-high-by-june-30-2026), below 14%
2026-03-23T23:43:29.588Z OK: top annDP=12.73% AP=+223.6% (solana-all-time-high-by-june-30-2026), below 14%
2026-03-23T23:45:28.897Z OK: top annDP=12.73% AP=+223.9% (solana-all-time-high-by-june-30-2026), below 14%
2026-03-23T23:47:29.609Z OK: top annDP=12.73% AP=+223.9% (solana-all-time-high-by-june-30-2026), below 14%
2026-03-23T23:49:29.956Z OK: top annDP=12.73% AP=+223.9% (solana-all-time-high-by-june-30-2026), below 14%
2026-03-23T23:51:29.217Z OK: top annDP=12.73% AP=+224.3% (solana-all-time-high-by-june-30-2026), below 14%
2026-03-23T23:53:28.933Z OK: top annDP=12.73% AP=+223.7% (solana-all-time-high-by-june-30-2026), below 14%
2026-03-23T23:55:29.174Z OK: top annDP=12.73% AP=+223.9% (solana-all-time-high-by-june-30-2026), below 14%
2026-03-23T23:57:28.482Z OK: top annDP=12.73% AP=+223.8% (solana-all-time-high-by-june-30-2026), below 14%
2026-03-23T23:59:29.236Z OK: top annDP=12.73% AP=+223.6% (solana-all-time-high-by-june-30-2026), below 14%
2026-03-24T00:01:28.910Z OK: top annDP=12.73% AP=+223.4% (solana-all-time-high-by-june-30-2026), below 14%
2026-03-24T00:03:29.039Z OK: top annDP=12.57% AP=+222.7% (solana-all-time-high-by-june-30-2026), below 14%
2026-03-24T00:05:29.652Z OK: top annDP=12.57% AP=+223.3% (solana-all-time-high-by-june-30-2026), below 14%
2026-03-24T00:07:29.516Z OK: top annDP=12.57% AP=+223.5% (solana-all-time-high-by-june-30-2026), below 14%
2026-03-24T00:09:29.974Z OK: top annDP=12.57% AP=+223.5% (solana-all-time-high-by-june-30-2026), below 14%
2026-03-24T00:11:29.472Z OK: top annDP=12.57% AP=+223.7% (solana-all-time-high-by-june-30-2026), below 14%
2026-03-24T00:13:29.966Z OK: top annDP=12.57% AP=+223.3% (solana-all-time-high-by-june-30-2026), below 14%
2026-03-24T00:15:29.979Z OK: top annDP=12.73% AP=+223.7% (solana-all-time-high-by-june-30-2026), below 14%
2026-03-24T00:17:28.639Z OK: top annDP=12.73% AP=+224.3% (solana-all-time-high-by-june-30-2026), below 14%
2026-03-24T00:19:29.283Z OK: top annDP=12.73% AP=+224.5% (solana-all-time-high-by-june-30-2026), below 14%
2026-03-24T00:21:29.446Z OK: top annDP=12.73% AP=+224.4% (solana-all-time-high-by-june-30-2026), below 14%
2026-03-24T00:23:29.987Z OK: top annDP=12.73% AP=+223.9% (solana-all-time-high-by-june-30-2026), below 14%
2026-03-24T00:25:28.769Z OK: top annDP=12.73% AP=+224.3% (solana-all-time-high-by-june-30-2026), below 14%
2026-03-24T00:27:28.061Z OK: top annDP=12.73% AP=+224.0% (solana-all-time-high-by-june-30-2026), below 14%
2026-03-24T00:29:30.090Z OK: top annDP=12.73% AP=+224.3% (solana-all-time-high-by-june-30-2026), below 14%
2026-03-24T00:31:29.955Z OK: top annDP=12.73% AP=+224.9% (solana-all-time-high-by-june-30-2026), below 14%
2026-03-24T00:33:29.315Z OK: top annDP=12.73% AP=+225.1% (solana-all-time-high-by-june-30-2026), below 14%
2026-03-24T00:35:28.045Z OK: top annDP=12.73% AP=+225.3% (solana-all-time-high-by-june-30-2026), below 14%
2026-03-24T00:37:29.039Z OK: top annDP=12.74% AP=+225.0% (solana-all-time-high-by-june-30-2026), below 14%
2026-03-24T00:39:28.531Z OK: top annDP=12.74% AP=+224.6% (solana-all-time-high-by-june-30-2026), below 14%
2026-03-24T00:41:29.312Z OK: top annDP=12.74% AP=+225.3% (solana-all-time-high-by-june-30-2026), below 14%
2026-03-24T00:43:29.097Z OK: top annDP=12.74% AP=+224.9% (solana-all-time-high-by-june-30-2026), below 14%
2026-03-24T00:45:29.772Z OK: top annDP=12.57% AP=+224.9% (solana-all-time-high-by-june-30-2026), below 14%
2026-03-24T00:47:29.365Z OK: top annDP=12.57% AP=+224.9% (solana-all-time-high-by-june-30-2026), below 14%
2026-03-24T00:49:28.998Z OK: top annDP=12.74% AP=+224.2% (solana-all-time-high-by-june-30-2026), below 14%
2026-03-24T00:51:29.941Z OK: top annDP=12.74% AP=+225.1% (solana-all-time-high-by-june-30-2026), below 14%
2026-03-24T00:53:29.335Z OK: top annDP=12.74% AP=+225.0% (solana-all-time-high-by-june-30-2026), below 14%
2026-03-24T00:55:28.445Z OK: top annDP=12.74% AP=+224.3% (solana-all-time-high-by-june-30-2026), below 14%
2026-03-24T00:57:28.775Z OK: top annDP=12.74% AP=+224.5% (solana-all-time-high-by-june-30-2026), below 14%
2026-03-24T00:59:28.769Z OK: top annDP=12.74% AP=+225.0% (solana-all-time-high-by-june-30-2026), below 14%
2026-03-24T01:01:28.816Z OK: top annDP=12.74% AP=+225.2% (solana-all-time-high-by-june-30-2026), below 14%
2026-03-24T01:03:29.877Z OK: top annDP=12.74% AP=+225.0% (solana-all-time-high-by-june-30-2026), below 14%
2026-03-24T01:05:29.087Z OK: top annDP=12.74% AP=+225.6% (solana-all-time-high-by-june-30-2026), below 14%
2026-03-24T01:07:29.953Z OK: top annDP=12.74% AP=+225.5% (solana-all-time-high-by-june-30-2026), below 14%
2026-03-24T01:09:29.164Z OK: top annDP=12.74% AP=+225.5% (solana-all-time-high-by-june-30-2026), below 14%
2026-03-24T01:11:28.327Z OK: top annDP=12.74% AP=+225.6% (solana-all-time-high-by-june-30-2026), below 14%
2026-03-24T01:13:28.954Z OK: top annDP=12.74% AP=+225.4% (solana-all-time-high-by-june-30-2026), below 14%
2026-03-24T01:15:28.917Z OK: top annDP=12.74% AP=+225.8% (solana-all-time-high-by-june-30-2026), below 14%
2026-03-24T01:17:28.910Z OK: top annDP=12.74% AP=+226.1% (solana-all-time-high-by-june-30-2026), below 14%
2026-03-24T01:19:29.388Z OK: top annDP=12.74% AP=+225.9% (solana-all-time-high-by-june-30-2026), below 14%
2026-03-24T01:21:28.919Z OK: top annDP=12.74% AP=+225.4% (solana-all-time-high-by-june-30-2026), below 14%
2026-03-24T01:23:28.894Z OK: top annDP=12.58% AP=+225.2% (solana-all-time-high-by-june-30-2026), below 14%
2026-03-24T01:25:28.543Z OK: top annDP=12.58% AP=+225.5% (solana-all-time-high-by-june-30-2026), below 14%
2026-03-24T01:27:29.703Z OK: top annDP=12.58% AP=+225.6% (solana-all-time-high-by-june-30-2026), below 14%
2026-03-24T01:29:28.499Z OK: top annDP=12.58% AP=+225.0% (solana-all-time-high-by-june-30-2026), below 14%
2026-03-24T01:31:29.212Z OK: top annDP=12.58% AP=+225.1% (solana-all-time-high-by-june-30-2026), below 14%
2026-03-24T01:33:32.033Z OK: top annDP=12.58% AP=+225.6% (solana-all-time-high-by-june-30-2026), below 14%
2026-03-24T01:35:29.353Z OK: top annDP=12.74% AP=+226.1% (solana-all-time-high-by-june-30-2026), below 14%
2026-03-24T01:37:29.746Z OK: top annDP=12.74% AP=+225.9% (solana-all-time-high-by-june-30-2026), below 14%
2026-03-24T01:39:29.458Z OK: top annDP=12.74% AP=+226.4% (solana-all-time-high-by-june-30-2026), below 14%
2026-03-24T01:41:28.674Z OK: top annDP=12.74% AP=+227.2% (solana-all-time-high-by-june-30-2026), below 14%
2026-03-24T01:43:29.336Z OK: top annDP=12.74% AP=+227.2% (solana-all-time-high-by-june-30-2026), below 14%
2026-03-24T01:45:29.014Z OK: top annDP=12.74% AP=+227.7% (solana-all-time-high-by-june-30-2026), below 14%
2026-03-24T01:47:28.773Z OK: top annDP=12.74% AP=+227.5% (solana-all-time-high-by-june-30-2026), below 14%
2026-03-24T01:49:29.020Z OK: top annDP=12.74% AP=+227.5% (solana-all-time-high-by-june-30-2026), below 14%
2026-03-24T01:51:29.080Z OK: top annDP=12.74% AP=+226.9% (solana-all-time-high-by-june-30-2026), below 14%
2026-03-24T01:53:29.974Z OK: top annDP=12.74% AP=+226.6% (solana-all-time-high-by-june-30-2026), below 14%
2026-03-24T01:55:30.220Z OK: top annDP=12.74% AP=+226.7% (solana-all-time-high-by-june-30-2026), below 14%
2026-03-24T01:57:28.660Z OK: top annDP=12.74% AP=+226.8% (solana-all-time-high-by-june-30-2026), below 14%
2026-03-24T01:59:30.027Z OK: top annDP=12.74% AP=+227.0% (solana-all-time-high-by-june-30-2026), below 14%
2026-03-24T02:01:29.174Z OK: top annDP=12.74% AP=+227.6% (solana-all-time-high-by-june-30-2026), below 14%
2026-03-24T02:03:29.851Z OK: top annDP=12.74% AP=+227.3% (solana-all-time-high-by-june-30-2026), below 14%
2026-03-24T02:05:29.927Z OK: top annDP=12.74% AP=+226.5% (solana-all-time-high-by-june-30-2026), below 14%
2026-03-24T02:07:28.811Z OK: top annDP=12.74% AP=+226.6% (solana-all-time-high-by-june-30-2026), below 14%
2026-03-24T02:09:29.601Z OK: top annDP=12.74% AP=+227.1% (solana-all-time-high-by-june-30-2026), below 14%
2026-03-24T02:11:30.349Z OK: top annDP=12.74% AP=+227.2% (solana-all-time-high-by-june-30-2026), below 14%
2026-03-24T02:13:28.812Z OK: top annDP=12.74% AP=+227.4% (solana-all-time-high-by-june-30-2026), below 14%
2026-03-24T02:15:29.225Z OK: top annDP=12.74% AP=+227.5% (solana-all-time-high-by-june-30-2026), below 14%
2026-03-24T02:17:28.732Z OK: top annDP=12.74% AP=+227.4% (solana-all-time-high-by-june-30-2026), below 14%
2026-03-24T02:19:29.026Z OK: top annDP=12.75% AP=+227.6% (solana-all-time-high-by-june-30-2026), below 14%
2026-03-24T02:21:29.488Z OK: top annDP=12.75% AP=+227.5% (solana-all-time-high-by-june-30-2026), below 14%
2026-03-24T02:23:28.635Z OK: top annDP=12.75% AP=+227.5% (solana-all-time-high-by-june-30-2026), below 14%
2026-03-24T02:25:29.448Z OK: top annDP=12.75% AP=+227.0% (solana-all-time-high-by-june-30-2026), below 14%
2026-03-24T02:27:29.976Z OK: top annDP=12.75% AP=+227.2% (solana-all-time-high-by-june-30-2026), below 14%
2026-03-24T02:29:28.605Z OK: top annDP=12.75% AP=+227.8% (solana-all-time-high-by-june-30-2026), below 14%
2026-03-24T02:31:29.152Z OK: top annDP=12.75% AP=+227.5% (solana-all-time-high-by-june-30-2026), below 14%
2026-03-24T02:33:28.730Z OK: top annDP=12.75% AP=+227.3% (solana-all-time-high-by-june-30-2026), below 14%
2026-03-24T02:35:29.553Z OK: top annDP=12.75% AP=+227.4% (solana-all-time-high-by-june-30-2026), below 14%
2026-03-24T02:37:29.674Z OK: top annDP=12.75% AP=+226.9% (solana-all-time-high-by-june-30-2026), below 14%
2026-03-24T02:39:28.450Z OK: top annDP=12.75% AP=+226.7% (solana-all-time-high-by-june-30-2026), below 14%
2026-03-24T02:41:29.096Z OK: top annDP=12.75% AP=+227.4% (solana-all-time-high-by-june-30-2026), below 14%
2026-03-24T02:43:29.470Z OK: top annDP=12.75% AP=+227.8% (solana-all-time-high-by-june-30-2026), below 14%
2026-03-24T02:45:30.000Z OK: top annDP=12.75% AP=+227.3% (solana-all-time-high-by-june-30-2026), below 14%
2026-03-24T02:47:29.429Z OK: top annDP=12.59% AP=+227.5% (solana-all-time-high-by-june-30-2026), below 14%
2026-03-24T02:49:28.989Z OK: top annDP=12.59% AP=+227.1% (solana-all-time-high-by-june-30-2026), below 14%
2026-03-24T02:51:29.569Z OK: top annDP=12.59% AP=+227.4% (solana-all-time-high-by-june-30-2026), below 14%
2026-03-24T02:53:28.527Z OK: top annDP=12.59% AP=+227.6% (solana-all-time-high-by-june-30-2026), below 14%
2026-03-24T02:55:29.557Z OK: top annDP=12.59% AP=+227.8% (solana-all-time-high-by-june-30-2026), below 14%
2026-03-24T02:57:29.402Z OK: top annDP=12.59% AP=+227.8% (solana-all-time-high-by-june-30-2026), below 14%
2026-03-24T02:59:29.384Z OK: top annDP=12.59% AP=+228.2% (solana-all-time-high-by-june-30-2026), below 14%
2026-03-24T03:01:29.944Z OK: top annDP=12.59% AP=+228.2% (solana-all-time-high-by-june-30-2026), below 14%
2026-03-24T03:03:28.785Z OK: top annDP=12.59% AP=+228.3% (solana-all-time-high-by-june-30-2026), below 14%
2026-03-24T03:05:29.917Z OK: top annDP=12.59% AP=+228.4% (solana-all-time-high-by-june-30-2026), below 14%
2026-03-24T03:07:29.563Z OK: top annDP=12.59% AP=+228.1% (solana-all-time-high-by-june-30-2026), below 14%
2026-03-24T03:09:29.223Z OK: top annDP=12.59% AP=+228.4% (solana-all-time-high-by-june-30-2026), below 14%
2026-03-24T03:11:28.887Z OK: top annDP=12.59% AP=+228.7% (solana-all-time-high-by-june-30-2026), below 14%
2026-03-24T03:13:29.267Z OK: top annDP=12.59% AP=+228.4% (solana-all-time-high-by-june-30-2026), below 14%
2026-03-24T03:15:29.595Z OK: top annDP=12.59% AP=+228.6% (solana-all-time-high-by-june-30-2026), below 14%
2026-03-24T03:17:29.639Z OK: top annDP=12.59% AP=+228.4% (solana-all-time-high-by-june-30-2026), below 14%
2026-03-24T03:19:29.402Z OK: top annDP=12.59% AP=+228.3% (solana-all-time-high-by-june-30-2026), below 14%
2026-03-24T03:21:28.730Z OK: top annDP=12.59% AP=+228.4% (solana-all-time-high-by-june-30-2026), below 14%
2026-03-24T03:23:28.293Z OK: top annDP=12.59% AP=+228.1% (solana-all-time-high-by-june-30-2026), below 14%
2026-03-24T03:25:28.973Z OK: top annDP=12.59% AP=+228.0% (solana-all-time-high-by-june-30-2026), below 14%
2026-03-24T03:27:29.101Z OK: top annDP=12.59% AP=+227.9% (solana-all-time-high-by-june-30-2026), below 14%
2026-03-24T03:29:28.728Z OK: top annDP=12.59% AP=+227.9% (solana-all-time-high-by-june-30-2026), below 14%
2026-03-24T03:31:28.906Z OK: top annDP=12.59% AP=+227.8% (solana-all-time-high-by-june-30-2026), below 14%
2026-03-24T03:33:29.165Z OK: top annDP=12.59% AP=+228.2% (solana-all-time-high-by-june-30-2026), below 14%
2026-03-24T03:35:29.166Z OK: top annDP=12.59% AP=+227.9% (solana-all-time-high-by-june-30-2026), below 14%
2026-03-24T03:37:28.794Z OK: top annDP=12.59% AP=+228.4% (solana-all-time-high-by-june-30-2026), below 14%
2026-03-24T03:39:29.735Z OK: top annDP=12.59% AP=+228.4% (solana-all-time-high-by-june-30-2026), below 14%
2026-03-24T03:41:28.748Z OK: top annDP=12.59% AP=+228.1% (solana-all-time-high-by-june-30-2026), below 14%
2026-03-24T03:43:29.425Z OK: top annDP=12.59% AP=+228.1% (solana-all-time-high-by-june-30-2026), below 14%
2026-03-24T03:45:29.907Z OK: top annDP=12.59% AP=+228.0% (solana-all-time-high-by-june-30-2026), below 14%
2026-03-24T03:47:28.319Z OK: top annDP=12.59% AP=+228.0% (solana-all-time-high-by-june-30-2026), below 14%
2026-03-24T03:49:29.131Z OK: top annDP=12.59% AP=+228.2% (solana-all-time-high-by-june-30-2026), below 14%
2026-03-24T03:51:29.174Z OK: top annDP=12.59% AP=+228.5% (solana-all-time-high-by-june-30-2026), below 14%
2026-03-24T03:53:28.138Z OK: top annDP=12.59% AP=+228.8% (solana-all-time-high-by-june-30-2026), below 14%
2026-03-24T03:55:29.819Z OK: top annDP=12.59% AP=+228.0% (solana-all-time-high-by-june-30-2026), below 14%
2026-03-24T03:57:29.442Z OK: top annDP=12.59% AP=+227.6% (solana-all-time-high-by-june-30-2026), below 14%
2026-03-24T03:59:29.338Z OK: top annDP=12.59% AP=+227.5% (solana-all-time-high-by-june-30-2026), below 14%
2026-03-24T04:01:28.966Z OK: top annDP=12.59% AP=+227.2% (solana-all-time-high-by-june-30-2026), below 14%
2026-03-24T04:03:29.914Z OK: top annDP=12.59% AP=+227.4% (solana-all-time-high-by-june-30-2026), below 14%
2026-03-24T04:05:29.359Z OK: top annDP=12.75% AP=+226.9% (solana-all-time-high-by-june-30-2026), below 14%
2026-03-24T04:07:30.485Z OK: top annDP=12.75% AP=+226.1% (solana-all-time-high-by-june-30-2026), below 14%
2026-03-24T04:09:28.233Z OK: top annDP=12.75% AP=+226.2% (solana-all-time-high-by-june-30-2026), below 14%
2026-03-24T04:11:29.126Z OK: top annDP=12.75% AP=+226.2% (solana-all-time-high-by-june-30-2026), below 14%
2026-03-24T04:13:29.621Z OK: top annDP=12.75% AP=+226.3% (solana-all-time-high-by-june-30-2026), below 14%
2026-03-24T04:15:29.002Z OK: top annDP=12.75% AP=+226.2% (solana-all-time-high-by-june-30-2026), below 14%
2026-03-24T04:17:29.279Z OK: top annDP=12.76% AP=+226.6% (solana-all-time-high-by-june-30-2026), below 14%
2026-03-24T04:19:29.925Z OK: top annDP=12.76% AP=+226.6% (solana-all-time-high-by-june-30-2026), below 14%
2026-03-24T04:21:28.585Z OK: top annDP=12.76% AP=+226.5% (solana-all-time-high-by-june-30-2026), below 14%
2026-03-24T04:23:30.392Z OK: top annDP=12.76% AP=+226.6% (solana-all-time-high-by-june-30-2026), below 14%
2026-03-24T04:25:30.609Z OK: top annDP=12.76% AP=+226.6% (solana-all-time-high-by-june-30-2026), below 14%
2026-03-24T04:27:29.871Z OK: top annDP=12.76% AP=+226.7% (solana-all-time-high-by-june-30-2026), below 14%
2026-03-24T04:29:29.679Z OK: top annDP=12.76% AP=+226.6% (solana-all-time-high-by-june-30-2026), below 14%
2026-03-24T04:31:29.096Z OK: top annDP=12.76% AP=+227.0% (solana-all-time-high-by-june-30-2026), below 14%
2026-03-24T04:33:29.123Z OK: top annDP=12.76% AP=+228.0% (solana-all-time-high-by-june-30-2026), below 14%
2026-03-24T04:35:29.587Z OK: top annDP=12.76% AP=+227.8% (solana-all-time-high-by-june-30-2026), below 14%
2026-03-24T04:37:29.249Z OK: top annDP=12.76% AP=+227.8% (solana-all-time-high-by-june-30-2026), below 14%
2026-03-24T04:39:28.877Z OK: top annDP=12.76% AP=+228.1% (solana-all-time-high-by-june-30-2026), below 14%
2026-03-24T04:41:29.409Z OK: top annDP=12.76% AP=+227.9% (solana-all-time-high-by-june-30-2026), below 14%
2026-03-24T04:43:30.202Z OK: top annDP=12.76% AP=+228.1% (solana-all-time-high-by-june-30-2026), below 14%
2026-03-24T04:45:29.897Z OK: top annDP=12.76% AP=+227.9% (solana-all-time-high-by-june-30-2026), below 14%
2026-03-24T04:47:29.734Z OK: top annDP=12.76% AP=+227.8% (solana-all-time-high-by-june-30-2026), below 14%
2026-03-24T04:49:30.037Z OK: top annDP=12.76% AP=+227.8% (solana-all-time-high-by-june-30-2026), below 14%
2026-03-24T04:51:28.412Z OK: top annDP=12.76% AP=+227.9% (solana-all-time-high-by-june-30-2026), below 14%
2026-03-24T04:53:29.394Z OK: top annDP=12.76% AP=+227.7% (solana-all-time-high-by-june-30-2026), below 14%
2026-03-24T04:55:28.191Z OK: top annDP=12.76% AP=+227.1% (solana-all-time-high-by-june-30-2026), below 14%
2026-03-24T04:57:29.598Z OK: top annDP=12.76% AP=+227.3% (solana-all-time-high-by-june-30-2026), below 14%
2026-03-24T04:59:29.577Z OK: top annDP=12.76% AP=+227.4% (solana-all-time-high-by-june-30-2026), below 14%
2026-03-24T05:01:29.774Z OK: top annDP=12.76% AP=+227.4% (solana-all-time-high-by-june-30-2026), below 14%
2026-03-24T05:03:28.832Z OK: top annDP=12.76% AP=+227.8% (solana-all-time-high-by-june-30-2026), below 14%
2026-03-24T05:05:29.926Z OK: top annDP=12.76% AP=+228.4% (solana-all-time-high-by-june-30-2026), below 14%
2026-03-24T05:07:28.679Z OK: top annDP=12.76% AP=+228.6% (solana-all-time-high-by-june-30-2026), below 14%
2026-03-24T05:09:29.871Z OK: top annDP=12.76% AP=+228.3% (solana-all-time-high-by-june-30-2026), below 14%
2026-03-24T05:11:29.525Z OK: top annDP=12.76% AP=+228.5% (solana-all-time-high-by-june-30-2026), below 14%
2026-03-24T05:13:29.645Z OK: top annDP=12.76% AP=+228.2% (solana-all-time-high-by-june-30-2026), below 14%
2026-03-24T05:15:30.105Z OK: top annDP=12.76% AP=+228.5% (solana-all-time-high-by-june-30-2026), below 14%
2026-03-24T05:17:29.120Z OK: top annDP=12.76% AP=+228.2% (solana-all-time-high-by-june-30-2026), below 14%
2026-03-24T05:19:28.564Z OK: top annDP=12.76% AP=+227.5% (solana-all-time-high-by-june-30-2026), below 14%
2026-03-24T05:21:29.474Z OK: top annDP=12.76% AP=+228.1% (solana-all-time-high-by-june-30-2026), below 14%
2026-03-24T05:23:29.936Z OK: top annDP=12.76% AP=+228.6% (solana-all-time-high-by-june-30-2026), below 14%
2026-03-24T05:25:29.648Z OK: top annDP=12.76% AP=+228.2% (solana-all-time-high-by-june-30-2026), below 14%
2026-03-24T05:27:30.361Z OK: top annDP=12.76% AP=+228.1% (solana-all-time-high-by-june-30-2026), below 14%
2026-03-24T05:29:28.853Z OK: top annDP=12.76% AP=+228.4% (solana-all-time-high-by-june-30-2026), below 14%
2026-03-24T05:31:29.316Z OK: top annDP=12.76% AP=+228.4% (solana-all-time-high-by-june-30-2026), below 14%
2026-03-24T05:33:29.929Z OK: top annDP=12.76% AP=+228.2% (solana-all-time-high-by-june-30-2026), below 14%
2026-03-24T05:35:28.740Z OK: top annDP=12.76% AP=+228.2% (solana-all-time-high-by-june-30-2026), below 14%
2026-03-24T05:37:28.805Z OK: top annDP=12.76% AP=+228.0% (solana-all-time-high-by-june-30-2026), below 14%
2026-03-24T05:39:29.896Z OK: top annDP=12.76% AP=+227.7% (solana-all-time-high-by-june-30-2026), below 14%
2026-03-24T05:41:28.746Z OK: top annDP=12.76% AP=+228.2% (solana-all-time-high-by-june-30-2026), below 14%
2026-03-24T05:43:29.292Z OK: top annDP=12.76% AP=+228.0% (solana-all-time-high-by-june-30-2026), below 14%
2026-03-24T05:45:30.417Z OK: top annDP=12.76% AP=+228.2% (solana-all-time-high-by-june-30-2026), below 14%
2026-03-24T05:47:28.046Z OK: top annDP=12.76% AP=+228.6% (solana-all-time-high-by-june-30-2026), below 14%
2026-03-24T05:49:30.043Z OK: top annDP=12.76% AP=+228.5% (solana-all-time-high-by-june-30-2026), below 14%
2026-03-24T05:51:29.502Z OK: top annDP=12.76% AP=+228.0% (solana-all-time-high-by-june-30-2026), below 14%
2026-03-24T05:53:28.532Z OK: top annDP=12.76% AP=+228.2% (solana-all-time-high-by-june-30-2026), below 14%
2026-03-24T05:55:28.262Z OK: top annDP=12.76% AP=+228.1% (solana-all-time-high-by-june-30-2026), below 14%
2026-03-24T05:57:29.204Z OK: top annDP=12.76% AP=+228.1% (solana-all-time-high-by-june-30-2026), below 14%
2026-03-24T05:59:30.904Z OK: top annDP=12.76% AP=+228.1% (solana-all-time-high-by-june-30-2026), below 14%
2026-03-24T06:01:29.612Z OK: top annDP=12.77% AP=+228.3% (solana-all-time-high-by-june-30-2026), below 14%
2026-03-24T06:03:30.291Z OK: top annDP=12.77% AP=+228.3% (solana-all-time-high-by-june-30-2026), below 14%
2026-03-24T06:05:28.281Z OK: top annDP=12.77% AP=+227.7% (solana-all-time-high-by-june-30-2026), below 14%
2026-03-24T06:07:29.332Z OK: top annDP=12.77% AP=+227.6% (solana-all-time-high-by-june-30-2026), below 14%
2026-03-24T06:09:28.607Z OK: top annDP=12.77% AP=+227.1% (solana-all-time-high-by-june-30-2026), below 14%
2026-03-24T06:11:30.121Z OK: top annDP=12.77% AP=+227.4% (solana-all-time-high-by-june-30-2026), below 14%
2026-03-24T06:13:29.632Z OK: top annDP=12.77% AP=+227.0% (solana-all-time-high-by-june-30-2026), below 14%
2026-03-24T06:15:28.725Z OK: top annDP=12.77% AP=+227.4% (solana-all-time-high-by-june-30-2026), below 14%
2026-03-24T06:17:28.840Z OK: top annDP=12.77% AP=+227.2% (solana-all-time-high-by-june-30-2026), below 14%
2026-03-24T06:19:29.118Z OK: top annDP=12.77% AP=+227.2% (solana-all-time-high-by-june-30-2026), below 14%
2026-03-24T06:21:28.414Z OK: top annDP=12.77% AP=+227.5% (solana-all-time-high-by-june-30-2026), below 14%
2026-03-24T06:23:28.612Z OK: top annDP=12.77% AP=+227.2% (solana-all-time-high-by-june-30-2026), below 14%
2026-03-24T06:25:28.555Z OK: top annDP=12.77% AP=+227.1% (solana-all-time-high-by-june-30-2026), below 14%
2026-03-24T06:27:29.884Z OK: top annDP=12.77% AP=+228.0% (solana-all-time-high-by-june-30-2026), below 14%
2026-03-24T06:29:29.611Z OK: top annDP=12.87% AP=+228.4% (solana-all-time-high-by-june-30-2026), below 14%
2026-03-24T06:31:29.507Z OK: top annDP=12.87% AP=+228.3% (solana-all-time-high-by-june-30-2026), below 14%
2026-03-24T06:33:28.821Z OK: top annDP=12.87% AP=+227.5% (solana-all-time-high-by-june-30-2026), below 14%
2026-03-24T06:35:29.012Z OK: top annDP=12.87% AP=+227.6% (solana-all-time-high-by-june-30-2026), below 14%
2026-03-24T06:37:29.760Z OK: top annDP=12.87% AP=+227.3% (solana-all-time-high-by-june-30-2026), below 14%
2026-03-24T06:39:28.820Z OK: top annDP=12.87% AP=+227.5% (solana-all-time-high-by-june-30-2026), below 14%
2026-03-24T06:41:28.292Z OK: top annDP=12.87% AP=+227.6% (solana-all-time-high-by-june-30-2026), below 14%
2026-03-24T06:43:29.411Z OK: top annDP=12.87% AP=+227.3% (solana-all-time-high-by-june-30-2026), below 14%
2026-03-24T06:45:30.023Z OK: top annDP=12.87% AP=+227.4% (solana-all-time-high-by-june-30-2026), below 14%
2026-03-24T06:47:28.273Z OK: top annDP=12.87% AP=+227.8% (solana-all-time-high-by-june-30-2026), below 14%
2026-03-24T06:49:29.216Z OK: top annDP=12.87% AP=+227.3% (solana-all-time-high-by-june-30-2026), below 14%
2026-03-24T06:51:29.375Z OK: top annDP=12.88% AP=+227.4% (solana-all-time-high-by-june-30-2026), below 14%
2026-03-24T06:53:28.453Z OK: top annDP=12.88% AP=+227.6% (solana-all-time-high-by-june-30-2026), below 14%
2026-03-24T06:55:29.532Z OK: top annDP=12.88% AP=+227.1% (solana-all-time-high-by-june-30-2026), below 14%
2026-03-24T06:57:29.030Z OK: top annDP=12.88% AP=+227.2% (solana-all-time-high-by-june-30-2026), below 14%
2026-03-24T06:59:30.324Z OK: top annDP=12.88% AP=+226.9% (solana-all-time-high-by-june-30-2026), below 14%
2026-03-24T07:01:29.134Z OK: top annDP=12.88% AP=+227.0% (solana-all-time-high-by-june-30-2026), below 14%
2026-03-24T07:03:28.831Z OK: top annDP=12.88% AP=+227.0% (solana-all-time-high-by-june-30-2026), below 14%
2026-03-24T07:05:30.045Z OK: top annDP=12.77% AP=+226.5% (solana-all-time-high-by-june-30-2026), below 14%
2026-03-24T07:07:28.356Z OK: top annDP=12.77% AP=+225.9% (solana-all-time-high-by-june-30-2026), below 14%
2026-03-24T07:09:29.079Z OK: top annDP=12.77% AP=+225.4% (solana-all-time-high-by-june-30-2026), below 14%
2026-03-24T07:11:29.928Z OK: top annDP=12.77% AP=+225.2% (solana-all-time-high-by-june-30-2026), below 14%
2026-03-24T07:13:29.374Z OK: top annDP=12.77% AP=+224.6% (solana-all-time-high-by-june-30-2026), below 14%
2026-03-24T07:15:30.468Z OK: top annDP=12.77% AP=+224.7% (solana-all-time-high-by-june-30-2026), below 14%
2026-03-24T07:17:29.979Z OK: top annDP=12.61% AP=+224.8% (solana-all-time-high-by-june-30-2026), below 14%
2026-03-24T07:19:28.925Z OK: top annDP=12.77% AP=+224.7% (solana-all-time-high-by-june-30-2026), below 14%
2026-03-24T07:21:28.436Z OK: top annDP=12.77% AP=+224.4% (solana-all-time-high-by-june-30-2026), below 14%
2026-03-24T07:23:29.945Z OK: top annDP=12.77% AP=+224.3% (solana-all-time-high-by-june-30-2026), below 14%
2026-03-24T07:25:29.559Z OK: top annDP=12.77% AP=+224.1% (solana-all-time-high-by-june-30-2026), below 14%
2026-03-24T07:27:29.705Z OK: top annDP=12.77% AP=+224.6% (solana-all-time-high-by-june-30-2026), below 14%
2026-03-24T07:29:29.854Z OK: top annDP=12.77% AP=+224.5% (solana-all-time-high-by-june-30-2026), below 14%
2026-03-24T07:31:29.350Z OK: top annDP=12.77% AP=+224.3% (solana-all-time-high-by-june-30-2026), below 14%
2026-03-24T07:33:29.521Z OK: top annDP=13.19% AP=+224.6% (solana-all-time-high-by-june-30-2026), below 14%
2026-03-24T07:35:28.305Z OK: top annDP=12.77% AP=+224.3% (solana-all-time-high-by-june-30-2026), below 14%
2026-03-24T07:37:30.031Z OK: top annDP=12.61% AP=+224.3% (solana-all-time-high-by-june-30-2026), below 14%
2026-03-24T07:39:29.774Z OK: top annDP=12.61% AP=+224.6% (solana-all-time-high-by-june-30-2026), below 14%
2026-03-24T07:41:29.692Z OK: top annDP=12.61% AP=+224.6% (solana-all-time-high-by-june-30-2026), below 14%
2026-03-24T07:43:29.627Z OK: top annDP=12.61% AP=+224.6% (solana-all-time-high-by-june-30-2026), below 14%
2026-03-24T07:45:28.366Z OK: top annDP=12.61% AP=+224.2% (solana-all-time-high-by-june-30-2026), below 14%
2026-03-24T07:47:28.825Z OK: top annDP=12.61% AP=+224.4% (solana-all-time-high-by-june-30-2026), below 14%
2026-03-24T07:49:29.316Z OK: top annDP=12.61% AP=+224.3% (solana-all-time-high-by-june-30-2026), below 14%
2026-03-24T07:51:29.533Z OK: top annDP=12.61% AP=+224.3% (solana-all-time-high-by-june-30-2026), below 14%
2026-03-24T07:53:29.175Z OK: top annDP=12.61% AP=+223.9% (solana-all-time-high-by-june-30-2026), below 14%
2026-03-24T07:55:28.206Z OK: top annDP=12.61% AP=+223.9% (solana-all-time-high-by-june-30-2026), below 14%
2026-03-24T07:57:29.529Z OK: top annDP=12.61% AP=+223.7% (solana-all-time-high-by-june-30-2026), below 14%
2026-03-24T07:59:30.061Z OK: top annDP=12.61% AP=+222.5% (solana-all-time-high-by-june-30-2026), below 14%
2026-03-24T08:01:29.674Z OK: top annDP=12.61% AP=+222.5% (solana-all-time-high-by-june-30-2026), below 14%
2026-03-24T08:03:28.306Z OK: top annDP=12.61% AP=+223.0% (solana-all-time-high-by-june-30-2026), below 14%
2026-03-24T08:05:29.048Z OK: top annDP=12.88% AP=+222.7% (solana-all-time-high-by-june-30-2026), below 14%
2026-03-24T08:07:28.910Z OK: top annDP=12.61% AP=+222.1% (solana-all-time-high-by-june-30-2026), below 14%
2026-03-24T08:09:28.940Z OK: top annDP=12.61% AP=+222.5% (solana-all-time-high-by-june-30-2026), below 14%
2026-03-24T08:11:29.252Z OK: top annDP=12.77% AP=+222.4% (solana-all-time-high-by-june-30-2026), below 14%
2026-03-24T08:13:29.564Z OK: top annDP=12.77% AP=+221.9% (solana-all-time-high-by-june-30-2026), below 14%
2026-03-24T08:15:29.307Z OK: top annDP=12.78% AP=+222.4% (solana-all-time-high-by-june-30-2026), below 14%
2026-03-24T08:17:28.635Z OK: top annDP=12.61% AP=+222.6% (solana-all-time-high-by-june-30-2026), below 14%
2026-03-24T08:19:29.182Z OK: top annDP=12.78% AP=+223.3% (solana-all-time-high-by-june-30-2026), below 14%
2026-03-24T08:21:29.445Z OK: top annDP=12.78% AP=+223.9% (solana-all-time-high-by-june-30-2026), below 14%
2026-03-24T08:23:30.139Z OK: top annDP=12.78% AP=+223.6% (solana-all-time-high-by-june-30-2026), below 14%
2026-03-24T08:25:29.849Z OK: top annDP=12.78% AP=+223.8% (solana-all-time-high-by-june-30-2026), below 14%
2026-03-24T08:27:30.795Z OK: top annDP=12.78% AP=+223.7% (solana-all-time-high-by-june-30-2026), below 14%
2026-03-24T08:29:29.456Z OK: top annDP=12.78% AP=+223.7% (solana-all-time-high-by-june-30-2026), below 14%
2026-03-24T08:31:28.719Z OK: top annDP=12.78% AP=+223.6% (solana-all-time-high-by-june-30-2026), below 14%
2026-03-24T08:33:29.578Z OK: top annDP=12.78% AP=+223.3% (solana-all-time-high-by-june-30-2026), below 14%
2026-03-24T08:35:28.995Z OK: top annDP=12.78% AP=+223.2% (solana-all-time-high-by-june-30-2026), below 14%
2026-03-24T08:37:29.272Z OK: top annDP=12.78% AP=+222.5% (solana-all-time-high-by-june-30-2026), below 14%
2026-03-24T08:39:30.101Z OK: top annDP=12.78% AP=+222.5% (solana-all-time-high-by-june-30-2026), below 14%
2026-03-24T08:41:29.644Z OK: top annDP=12.78% AP=+222.6% (solana-all-time-high-by-june-30-2026), below 14%
2026-03-24T08:43:29.189Z OK: top annDP=12.78% AP=+222.6% (solana-all-time-high-by-june-30-2026), below 14%
2026-03-24T08:45:28.983Z OK: top annDP=12.62% AP=+222.3% (solana-all-time-high-by-june-30-2026), below 14%
2026-03-24T08:47:29.678Z OK: top annDP=12.78% AP=+222.0% (solana-all-time-high-by-june-30-2026), below 14%
2026-03-24T08:49:29.119Z OK: top annDP=12.78% AP=+222.2% (solana-all-time-high-by-june-30-2026), below 14%
2026-03-24T08:51:28.869Z OK: top annDP=12.62% AP=+222.7% (solana-all-time-high-by-june-30-2026), below 14%
2026-03-24T08:53:29.218Z OK: top annDP=12.62% AP=+222.5% (solana-all-time-high-by-june-30-2026), below 14%
2026-03-24T08:55:28.780Z OK: top annDP=12.62% AP=+222.9% (solana-all-time-high-by-june-30-2026), below 14%
2026-03-24T08:57:29.973Z OK: top annDP=12.62% AP=+223.2% (solana-all-time-high-by-june-30-2026), below 14%
2026-03-24T08:59:29.471Z OK: top annDP=12.62% AP=+223.2% (solana-all-time-high-by-june-30-2026), below 14%
2026-03-24T09:01:29.913Z OK: top annDP=12.62% AP=+223.1% (solana-all-time-high-by-june-30-2026), below 14%
2026-03-24T09:03:29.427Z OK: top annDP=12.67% AP=+223.0% (solana-all-time-high-by-june-30-2026), below 14%
2026-03-24T09:05:30.171Z OK: top annDP=12.67% AP=+223.2% (solana-all-time-high-by-june-30-2026), below 14%
2026-03-24T09:07:30.284Z OK: top annDP=12.67% AP=+223.2% (solana-all-time-high-by-june-30-2026), below 14%
2026-03-24T09:09:29.476Z OK: top annDP=12.67% AP=+223.2% (solana-all-time-high-by-june-30-2026), below 14%
2026-03-24T09:11:29.291Z OK: top annDP=12.67% AP=+223.3% (solana-all-time-high-by-june-30-2026), below 14%
2026-03-24T09:13:37.701Z ERROR: page.click: Timeout 30000ms exceeded.
Call log:
  - waiting for locator('#refresh-button')

2026-03-24T09:15:30.215Z OK: top annDP=12.82% AP=+223.6% (solana-all-time-high-by-june-30-2026), below 14%
2026-03-24T09:17:29.759Z OK: top annDP=12.82% AP=+224.6% (solana-all-time-high-by-june-30-2026), below 14%
2026-03-24T09:19:28.863Z OK: top annDP=12.82% AP=+223.7% (solana-all-time-high-by-june-30-2026), below 14%
2026-03-24T09:21:28.349Z OK: top annDP=12.82% AP=+223.4% (solana-all-time-high-by-june-30-2026), below 14%
2026-03-24T09:23:28.698Z OK: top annDP=12.82% AP=+223.7% (solana-all-time-high-by-june-30-2026), below 14%
2026-03-24T09:25:29.623Z OK: top annDP=12.82% AP=+223.7% (solana-all-time-high-by-june-30-2026), below 14%
2026-03-24T09:27:28.434Z OK: top annDP=12.82% AP=+222.8% (solana-all-time-high-by-june-30-2026), below 14%
2026-03-24T09:29:30.027Z OK: top annDP=12.82% AP=+222.4% (solana-all-time-high-by-june-30-2026), below 14%
2026-03-24T09:31:29.707Z OK: top annDP=12.82% AP=+223.1% (solana-all-time-high-by-june-30-2026), below 14%
2026-03-24T09:33:29.972Z OK: top annDP=12.82% AP=+222.9% (solana-all-time-high-by-june-30-2026), below 14%
2026-03-24T09:35:29.564Z OK: top annDP=12.67% AP=+222.7% (solana-all-time-high-by-june-30-2026), below 14%
2026-03-24T09:37:29.360Z OK: top annDP=12.82% AP=+222.8% (solana-all-time-high-by-june-30-2026), below 14%
2026-03-24T09:39:29.507Z OK: top annDP=12.82% AP=+222.8% (solana-all-time-high-by-june-30-2026), below 14%
2026-03-24T09:41:30.096Z OK: top annDP=12.82% AP=+222.6% (solana-all-time-high-by-june-30-2026), below 14%
2026-03-24T09:43:28.431Z OK: top annDP=12.82% AP=+222.2% (solana-all-time-high-by-june-30-2026), below 14%
2026-03-24T09:45:29.041Z OK: top annDP=12.82% AP=+221.8% (solana-all-time-high-by-june-30-2026), below 14%
2026-03-24T09:47:30.537Z OK: top annDP=12.82% AP=+221.7% (solana-all-time-high-by-june-30-2026), below 14%
2026-03-24T09:49:28.117Z OK: top annDP=12.82% AP=+221.9% (solana-all-time-high-by-june-30-2026), below 14%
2026-03-24T09:51:29.975Z OK: top annDP=12.82% AP=+221.8% (solana-all-time-high-by-june-30-2026), below 14%
2026-03-24T09:53:28.974Z OK: top annDP=12.83% AP=+222.1% (solana-all-time-high-by-june-30-2026), below 14%
2026-03-24T09:55:30.261Z OK: top annDP=12.83% AP=+222.0% (solana-all-time-high-by-june-30-2026), below 14%
2026-03-24T09:57:29.128Z OK: top annDP=12.83% AP=+221.1% (solana-all-time-high-by-june-30-2026), below 14%
2026-03-24T09:59:29.675Z OK: top annDP=12.83% AP=+221.4% (solana-all-time-high-by-june-30-2026), below 14%
2026-03-24T10:01:30.204Z OK: top annDP=12.83% AP=+221.1% (solana-all-time-high-by-june-30-2026), below 14%
2026-03-24T10:03:30.216Z OK: top annDP=12.83% AP=+221.5% (solana-all-time-high-by-june-30-2026), below 14%
2026-03-24T10:05:30.443Z OK: top annDP=12.83% AP=+221.5% (solana-all-time-high-by-june-30-2026), below 14%
2026-03-24T10:07:28.903Z OK: top annDP=12.83% AP=+221.6% (solana-all-time-high-by-june-30-2026), below 14%
2026-03-24T10:09:29.730Z OK: top annDP=12.83% AP=+221.3% (solana-all-time-high-by-june-30-2026), below 14%
2026-03-24T10:11:29.978Z OK: top annDP=12.83% AP=+221.3% (solana-all-time-high-by-june-30-2026), below 14%
2026-03-24T10:13:28.741Z OK: top annDP=12.83% AP=+221.6% (solana-all-time-high-by-june-30-2026), below 14%
2026-03-24T10:15:28.805Z OK: top annDP=12.83% AP=+221.3% (solana-all-time-high-by-june-30-2026), below 14%
2026-03-24T10:17:29.727Z OK: top annDP=12.83% AP=+221.2% (solana-all-time-high-by-june-30-2026), below 14%
2026-03-24T10:19:29.512Z OK: top annDP=12.83% AP=+221.5% (solana-all-time-high-by-june-30-2026), below 14%
2026-03-24T10:21:28.620Z OK: top annDP=12.83% AP=+221.8% (solana-all-time-high-by-june-30-2026), below 14%
2026-03-24T10:23:29.104Z OK: top annDP=12.83% AP=+221.6% (solana-all-time-high-by-june-30-2026), below 14%
2026-03-24T10:25:29.361Z OK: top annDP=12.83% AP=+220.9% (solana-all-time-high-by-june-30-2026), below 14%
2026-03-24T10:27:28.606Z OK: top annDP=12.83% AP=+221.1% (solana-all-time-high-by-june-30-2026), below 14%
2026-03-24T10:29:28.703Z OK: top annDP=12.83% AP=+221.0% (solana-all-time-high-by-june-30-2026), below 14%
2026-03-24T10:31:29.064Z OK: top annDP=12.83% AP=+222.0% (solana-all-time-high-by-june-30-2026), below 14%
2026-03-24T10:33:30.158Z OK: top annDP=12.83% AP=+221.8% (solana-all-time-high-by-june-30-2026), below 14%
2026-03-24T10:35:29.118Z OK: top annDP=12.83% AP=+222.0% (solana-all-time-high-by-june-30-2026), below 14%
2026-03-24T10:37:29.047Z OK: top annDP=12.83% AP=+222.1% (solana-all-time-high-by-june-30-2026), below 14%
2026-03-24T10:39:30.160Z OK: top annDP=12.83% AP=+221.9% (solana-all-time-high-by-june-30-2026), below 14%
2026-03-24T10:41:29.689Z OK: top annDP=12.83% AP=+221.7% (solana-all-time-high-by-june-30-2026), below 14%
2026-03-24T10:43:29.734Z OK: top annDP=12.83% AP=+222.0% (solana-all-time-high-by-june-30-2026), below 14%
2026-03-24T10:45:29.029Z OK: top annDP=12.83% AP=+222.0% (solana-all-time-high-by-june-30-2026), below 14%
2026-03-24T10:47:28.994Z OK: top annDP=12.83% AP=+222.1% (solana-all-time-high-by-june-30-2026), below 14%
2026-03-24T10:49:29.388Z OK: top annDP=12.83% AP=+222.2% (solana-all-time-high-by-june-30-2026), below 14%
2026-03-24T10:51:28.451Z OK: top annDP=12.83% AP=+222.4% (solana-all-time-high-by-june-30-2026), below 14%
2026-03-24T10:53:29.643Z OK: top annDP=12.83% AP=+222.4% (solana-all-time-high-by-june-30-2026), below 14%
2026-03-24T10:55:28.768Z OK: top annDP=12.83% AP=+222.3% (solana-all-time-high-by-june-30-2026), below 14%
2026-03-24T10:57:29.289Z OK: top annDP=12.83% AP=+222.1% (solana-all-time-high-by-june-30-2026), below 14%
2026-03-24T10:59:30.030Z OK: top annDP=12.83% AP=+222.1% (solana-all-time-high-by-june-30-2026), below 14%
2026-03-24T11:01:30.195Z OK: top annDP=12.83% AP=+222.1% (solana-all-time-high-by-june-30-2026), below 14%
2026-03-24T11:03:30.171Z OK: top annDP=12.83% AP=+222.7% (solana-all-time-high-by-june-30-2026), below 14%
2026-03-24T11:05:29.046Z OK: top annDP=12.83% AP=+223.2% (solana-all-time-high-by-june-30-2026), below 14%
2026-03-24T11:07:30.245Z OK: top annDP=12.87% AP=+222.7% (solana-all-time-high-by-june-30-2026), below 14%
2026-03-24T11:09:28.989Z OK: top annDP=12.87% AP=+221.5% (solana-all-time-high-by-june-30-2026), below 14%
2026-03-24T11:11:28.121Z OK: top annDP=12.87% AP=+221.0% (solana-all-time-high-by-june-30-2026), below 14%
2026-03-24T11:13:29.099Z OK: top annDP=12.87% AP=+221.7% (solana-all-time-high-by-june-30-2026), below 14%
2026-03-24T11:15:29.994Z OK: top annDP=12.87% AP=+222.3% (solana-all-time-high-by-june-30-2026), below 14%
2026-03-24T11:17:29.575Z OK: top annDP=12.87% AP=+223.1% (solana-all-time-high-by-june-30-2026), below 14%
2026-03-24T11:19:29.167Z OK: top annDP=12.87% AP=+223.5% (solana-all-time-high-by-june-30-2026), below 14%
2026-03-24T11:21:30.042Z OK: top annDP=12.87% AP=+223.6% (solana-all-time-high-by-june-30-2026), below 14%
2026-03-24T11:23:28.458Z OK: top annDP=12.87% AP=+223.1% (solana-all-time-high-by-june-30-2026), below 14%
2026-03-24T11:25:29.417Z OK: top annDP=12.88% AP=+223.0% (solana-all-time-high-by-june-30-2026), below 14%
2026-03-24T11:27:29.996Z OK: top annDP=12.88% AP=+223.1% (solana-all-time-high-by-june-30-2026), below 14%
2026-03-24T11:29:29.495Z OK: top annDP=12.88% AP=+223.1% (solana-all-time-high-by-june-30-2026), below 14%
2026-03-24T11:31:29.654Z OK: top annDP=12.88% AP=+223.5% (solana-all-time-high-by-june-30-2026), below 14%
2026-03-24T11:33:29.365Z OK: top annDP=12.88% AP=+223.2% (solana-all-time-high-by-june-30-2026), below 14%
2026-03-24T11:35:29.362Z OK: top annDP=12.88% AP=+223.2% (solana-all-time-high-by-june-30-2026), below 14%
2026-03-24T11:37:30.189Z OK: top annDP=12.88% AP=+222.4% (solana-all-time-high-by-june-30-2026), below 14%
2026-03-24T11:39:30.214Z OK: top annDP=12.88% AP=+222.3% (solana-all-time-high-by-june-30-2026), below 14%
2026-03-24T11:41:29.350Z OK: top annDP=12.88% AP=+221.6% (solana-all-time-high-by-june-30-2026), below 14%
2026-03-24T11:43:29.442Z OK: top annDP=12.88% AP=+221.7% (solana-all-time-high-by-june-30-2026), below 14%
2026-03-24T11:45:29.564Z OK: top annDP=12.88% AP=+221.5% (solana-all-time-high-by-june-30-2026), below 14%
2026-03-24T11:47:29.468Z OK: top annDP=12.88% AP=+221.9% (solana-all-time-high-by-june-30-2026), below 14%
2026-03-24T11:49:28.804Z OK: top annDP=12.88% AP=+221.6% (solana-all-time-high-by-june-30-2026), below 14%
2026-03-24T11:51:29.056Z OK: top annDP=12.88% AP=+221.8% (solana-all-time-high-by-june-30-2026), below 14%
2026-03-24T11:53:28.603Z OK: top annDP=12.88% AP=+221.8% (solana-all-time-high-by-june-30-2026), below 14%
2026-03-24T11:55:29.598Z OK: top annDP=12.88% AP=+223.1% (solana-all-time-high-by-june-30-2026), below 14%
2026-03-24T11:57:29.957Z OK: top annDP=12.88% AP=+222.9% (solana-all-time-high-by-june-30-2026), below 14%
2026-03-24T11:59:29.037Z OK: top annDP=12.88% AP=+222.5% (solana-all-time-high-by-june-30-2026), below 14%
2026-03-24T12:01:30.266Z OK: top annDP=12.88% AP=+222.4% (solana-all-time-high-by-june-30-2026), below 14%
2026-03-24T12:03:30.040Z OK: top annDP=12.88% AP=+222.6% (solana-all-time-high-by-june-30-2026), below 14%
2026-03-24T12:05:29.657Z OK: top annDP=12.88% AP=+222.5% (solana-all-time-high-by-june-30-2026), below 14%
2026-03-24T12:07:29.716Z OK: top annDP=12.88% AP=+222.9% (solana-all-time-high-by-june-30-2026), below 14%
2026-03-24T12:09:29.776Z OK: top annDP=12.88% AP=+222.8% (solana-all-time-high-by-june-30-2026), below 14%
2026-03-24T12:11:28.538Z OK: top annDP=12.88% AP=+222.7% (solana-all-time-high-by-june-30-2026), below 14%
2026-03-24T12:13:29.453Z OK: top annDP=12.88% AP=+222.9% (solana-all-time-high-by-june-30-2026), below 14%
2026-03-24T12:15:29.798Z OK: top annDP=12.88% AP=+222.3% (solana-all-time-high-by-june-30-2026), below 14%
2026-03-24T12:17:28.643Z OK: top annDP=12.88% AP=+222.7% (solana-all-time-high-by-june-30-2026), below 14%
2026-03-24T12:19:29.421Z OK: top annDP=12.88% AP=+222.5% (solana-all-time-high-by-june-30-2026), below 14%
2026-03-24T12:21:29.549Z OK: top annDP=12.88% AP=+222.6% (solana-all-time-high-by-june-30-2026), below 14%
2026-03-24T12:23:29.977Z OK: top annDP=12.88% AP=+222.5% (solana-all-time-high-by-june-30-2026), below 14%
2026-03-24T12:25:29.601Z OK: top annDP=12.88% AP=+222.7% (solana-all-time-high-by-june-30-2026), below 14%
2026-03-24T12:27:29.635Z OK: top annDP=12.88% AP=+222.6% (solana-all-time-high-by-june-30-2026), below 14%
2026-03-24T12:29:29.317Z OK: top annDP=12.88% AP=+222.4% (solana-all-time-high-by-june-30-2026), below 14%
2026-03-24T12:31:37.875Z ERROR: page.click: Timeout 30000ms exceeded.
Call log:
  - waiting for locator('#refresh-button')

2026-03-24T12:33:31.020Z OK: top annDP=12.88% AP=+222.7% (solana-all-time-high-by-june-30-2026), below 14%
2026-03-24T12:35:29.332Z OK: top annDP=12.88% AP=+223.5% (solana-all-time-high-by-june-30-2026), below 14%
2026-03-24T12:37:29.834Z OK: top annDP=12.88% AP=+223.1% (solana-all-time-high-by-june-30-2026), below 14%
2026-03-24T12:39:28.906Z OK: top annDP=12.88% AP=+223.5% (solana-all-time-high-by-june-30-2026), below 14%
2026-03-24T12:41:29.765Z OK: top annDP=12.88% AP=+223.1% (solana-all-time-high-by-june-30-2026), below 14%
2026-03-24T12:43:29.343Z OK: top annDP=12.88% AP=+223.0% (solana-all-time-high-by-june-30-2026), below 14%
2026-03-24T12:45:29.909Z OK: top annDP=12.8% AP=+222.7% (solana-all-time-high-by-june-30-2026), below 14%
2026-03-24T12:47:29.086Z OK: top annDP=12.8% AP=+222.5% (solana-all-time-high-by-june-30-2026), below 14%
2026-03-24T12:49:29.248Z OK: top annDP=12.8% AP=+222.5% (solana-all-time-high-by-june-30-2026), below 14%
2026-03-24T12:51:29.660Z OK: top annDP=12.8% AP=+223.0% (solana-all-time-high-by-june-30-2026), below 14%
2026-03-24T12:53:29.541Z OK: top annDP=12.8% AP=+222.8% (solana-all-time-high-by-june-30-2026), below 14%
2026-03-24T12:55:29.022Z OK: top annDP=12.8% AP=+223.0% (solana-all-time-high-by-june-30-2026), below 14%
2026-03-24T12:57:29.847Z OK: top annDP=12.8% AP=+222.8% (solana-all-time-high-by-june-30-2026), below 14%
2026-03-24T12:59:29.628Z OK: top annDP=12.8% AP=+223.1% (solana-all-time-high-by-june-30-2026), below 14%
2026-03-24T13:01:29.301Z OK: top annDP=12.8% AP=+223.0% (solana-all-time-high-by-june-30-2026), below 14%
2026-03-24T13:03:29.815Z OK: top annDP=12.8% AP=+222.8% (solana-all-time-high-by-june-30-2026), below 14%
2026-03-24T13:05:29.412Z OK: top annDP=12.8% AP=+222.8% (solana-all-time-high-by-june-30-2026), below 14%
2026-03-24T13:07:29.572Z OK: top annDP=12.8% AP=+222.7% (solana-all-time-high-by-june-30-2026), below 14%
2026-03-24T13:09:29.434Z OK: top annDP=12.8% AP=+223.2% (solana-all-time-high-by-june-30-2026), below 14%
2026-03-24T13:11:29.280Z OK: top annDP=12.8% AP=+224.0% (solana-all-time-high-by-june-30-2026), below 14%
2026-03-24T13:13:30.459Z OK: top annDP=12.8% AP=+223.3% (solana-all-time-high-by-june-30-2026), below 14%
2026-03-24T13:15:30.456Z OK: top annDP=12.8% AP=+223.4% (solana-all-time-high-by-june-30-2026), below 14%
2026-03-24T13:17:28.884Z OK: top annDP=12.8% AP=+223.6% (solana-all-time-high-by-june-30-2026), below 14%
2026-03-24T13:19:29.646Z OK: top annDP=12.8% AP=+223.6% (solana-all-time-high-by-june-30-2026), below 14%
2026-03-24T13:21:29.124Z OK: top annDP=12.8% AP=+224.6% (solana-all-time-high-by-june-30-2026), below 14%
2026-03-24T13:23:29.286Z OK: top annDP=12.8% AP=+224.7% (solana-all-time-high-by-june-30-2026), below 14%
2026-03-24T13:25:29.531Z OK: top annDP=12.8% AP=+224.7% (solana-all-time-high-by-june-30-2026), below 14%
2026-03-24T13:27:28.979Z OK: top annDP=12.8% AP=+224.5% (solana-all-time-high-by-june-30-2026), below 14%
2026-03-24T13:29:29.925Z OK: top annDP=12.8% AP=+224.8% (solana-all-time-high-by-june-30-2026), below 14%
2026-03-24T13:31:28.830Z OK: top annDP=12.8% AP=+224.3% (solana-all-time-high-by-june-30-2026), below 14%
2026-03-24T13:33:30.245Z OK: top annDP=12.8% AP=+224.5% (solana-all-time-high-by-june-30-2026), below 14%
2026-03-24T13:35:29.602Z OK: top annDP=12.8% AP=+224.2% (solana-all-time-high-by-june-30-2026), below 14%
2026-03-24T13:37:29.066Z OK: top annDP=12.81% AP=+225.1% (solana-all-time-high-by-june-30-2026), below 14%
2026-03-24T13:39:30.233Z OK: top annDP=12.81% AP=+225.5% (solana-all-time-high-by-june-30-2026), below 14%
2026-03-24T13:41:29.372Z OK: top annDP=12.81% AP=+226.4% (solana-all-time-high-by-june-30-2026), below 14%
2026-03-24T13:43:28.703Z OK: top annDP=12.64% AP=+227.5% (solana-all-time-high-by-june-30-2026), below 14%
2026-03-24T13:45:30.268Z OK: top annDP=12.91% AP=+227.9% (solana-all-time-high-by-june-30-2026), below 14%
2026-03-24T13:47:29.779Z OK: top annDP=12.91% AP=+227.9% (solana-all-time-high-by-june-30-2026), below 14%
2026-03-24T13:49:29.372Z OK: top annDP=12.91% AP=+228.8% (solana-all-time-high-by-june-30-2026), below 14%
2026-03-24T13:51:29.520Z OK: top annDP=12.91% AP=+229.3% (solana-all-time-high-by-june-30-2026), below 14%
2026-03-24T13:53:29.065Z OK: top annDP=12.91% AP=+229.4% (solana-all-time-high-by-june-30-2026), below 14%
2026-03-24T13:55:30.091Z OK: top annDP=12.91% AP=+229.8% (solana-all-time-high-by-june-30-2026), below 14%
2026-03-24T13:57:30.383Z OK: top annDP=12.91% AP=+229.5% (solana-all-time-high-by-june-30-2026), below 14%
2026-03-24T13:59:29.767Z OK: top annDP=12.91% AP=+229.7% (solana-all-time-high-by-june-30-2026), below 14%
2026-03-24T14:01:30.111Z OK: top annDP=12.91% AP=+228.7% (solana-all-time-high-by-june-30-2026), below 14%
2026-03-24T14:03:30.169Z OK: top annDP=12.91% AP=+228.8% (solana-all-time-high-by-june-30-2026), below 14%
2026-03-24T14:05:29.884Z OK: top annDP=12.91% AP=+228.7% (solana-all-time-high-by-june-30-2026), below 14%
2026-03-24T14:07:29.676Z OK: top annDP=12.92% AP=+228.7% (solana-all-time-high-by-june-30-2026), below 14%
2026-03-24T14:09:29.078Z OK: top annDP=12.92% AP=+228.8% (solana-all-time-high-by-june-30-2026), below 14%
2026-03-24T14:11:29.987Z OK: top annDP=12.92% AP=+228.5% (solana-all-time-high-by-june-30-2026), below 14%
2026-03-24T14:13:29.370Z OK: top annDP=12.92% AP=+229.8% (solana-all-time-high-by-june-30-2026), below 14%
2026-03-24T14:15:29.976Z OK: top annDP=12.92% AP=+230.9% (solana-all-time-high-by-june-30-2026), below 14%
2026-03-24T14:17:29.450Z OK: top annDP=12.92% AP=+230.4% (solana-all-time-high-by-june-30-2026), below 14%
2026-03-24T14:19:30.301Z OK: top annDP=12.92% AP=+230.2% (solana-all-time-high-by-june-30-2026), below 14%
2026-03-24T14:21:29.588Z OK: top annDP=12.92% AP=+230.3% (solana-all-time-high-by-june-30-2026), below 14%
2026-03-24T14:23:30.005Z OK: top annDP=12.92% AP=+229.8% (solana-all-time-high-by-june-30-2026), below 14%
2026-03-24T14:25:29.389Z OK: top annDP=12.92% AP=+230.5% (solana-all-time-high-by-june-30-2026), below 14%
2026-03-24T14:27:29.348Z OK: top annDP=12.92% AP=+231.5% (solana-all-time-high-by-june-30-2026), below 14%
2026-03-24T14:29:29.990Z OK: top annDP=12.92% AP=+230.8% (solana-all-time-high-by-june-30-2026), below 14%
2026-03-24T14:31:29.105Z OK: top annDP=12.92% AP=+230.5% (solana-all-time-high-by-june-30-2026), below 14%
2026-03-24T14:33:29.501Z OK: top annDP=12.92% AP=+230.0% (solana-all-time-high-by-june-30-2026), below 14%
2026-03-24T14:35:29.165Z OK: top annDP=12.92% AP=+229.9% (solana-all-time-high-by-june-30-2026), below 14%
2026-03-24T14:37:29.508Z OK: top annDP=12.92% AP=+229.6% (solana-all-time-high-by-june-30-2026), below 14%
2026-03-24T14:39:30.436Z OK: top annDP=12.92% AP=+229.8% (solana-all-time-high-by-june-30-2026), below 14%
2026-03-24T14:41:29.679Z OK: top annDP=12.92% AP=+230.6% (solana-all-time-high-by-june-30-2026), below 14%
2026-03-24T14:43:29.246Z OK: top annDP=12.92% AP=+231.0% (solana-all-time-high-by-june-30-2026), below 14%
2026-03-24T14:45:30.420Z OK: top annDP=12.92% AP=+231.2% (solana-all-time-high-by-june-30-2026), below 14%
2026-03-24T14:47:29.666Z OK: top annDP=12.92% AP=+231.5% (solana-all-time-high-by-june-30-2026), below 14%
2026-03-24T14:49:29.143Z OK: top annDP=12.92% AP=+231.9% (solana-all-time-high-by-june-30-2026), below 14%
2026-03-24T14:51:29.359Z OK: top annDP=12.92% AP=+232.5% (solana-all-time-high-by-june-30-2026), below 14%
2026-03-24T14:53:30.706Z OK: top annDP=12.92% AP=+233.1% (solana-all-time-high-by-june-30-2026), below 14%
2026-03-24T14:55:30.065Z OK: top annDP=12.92% AP=+231.7% (solana-all-time-high-by-june-30-2026), below 14%
2026-03-24T14:57:29.943Z OK: top annDP=12.92% AP=+231.0% (solana-all-time-high-by-june-30-2026), below 14%
2026-03-24T14:59:30.233Z OK: top annDP=12.92% AP=+229.8% (solana-all-time-high-by-june-30-2026), below 14%
2026-03-24T15:01:29.486Z OK: top annDP=12.92% AP=+230.3% (solana-all-time-high-by-june-30-2026), below 14%
2026-03-24T15:03:30.045Z OK: top annDP=12.92% AP=+229.6% (solana-all-time-high-by-june-30-2026), below 14%
2026-03-24T15:05:30.225Z OK: top annDP=12.92% AP=+229.7% (solana-all-time-high-by-june-30-2026), below 14%
2026-03-24T15:07:29.664Z OK: top annDP=12.92% AP=+230.0% (solana-all-time-high-by-june-30-2026), below 14%
2026-03-24T15:09:30.377Z OK: top annDP=12.92% AP=+229.9% (solana-all-time-high-by-june-30-2026), below 14%
2026-03-24T15:11:28.824Z OK: top annDP=12.92% AP=+230.1% (solana-all-time-high-by-june-30-2026), below 14%
2026-03-24T15:13:29.153Z OK: top annDP=12.92% AP=+229.6% (solana-all-time-high-by-june-30-2026), below 14%
2026-03-24T15:15:30.582Z OK: top annDP=12.92% AP=+229.6% (solana-all-time-high-by-june-30-2026), below 14%
2026-03-24T15:17:28.847Z OK: top annDP=12.92% AP=+229.5% (solana-all-time-high-by-june-30-2026), below 14%
2026-03-24T15:19:29.676Z OK: top annDP=12.92% AP=+229.2% (solana-all-time-high-by-june-30-2026), below 14%
2026-03-24T15:21:28.602Z OK: top annDP=12.92% AP=+229.1% (solana-all-time-high-by-june-30-2026), below 14%
2026-03-24T15:23:30.297Z OK: top annDP=12.92% AP=+228.3% (solana-all-time-high-by-june-30-2026), below 14%
2026-03-24T15:25:29.924Z OK: top annDP=12.92% AP=+228.2% (solana-all-time-high-by-june-30-2026), below 14%
2026-03-24T15:27:28.538Z OK: top annDP=12.92% AP=+227.8% (solana-all-time-high-by-june-30-2026), below 14%
2026-03-24T15:29:29.462Z OK: top annDP=12.92% AP=+228.0% (solana-all-time-high-by-june-30-2026), below 14%
2026-03-24T15:31:29.328Z OK: top annDP=12.92% AP=+228.9% (solana-all-time-high-by-june-30-2026), below 14%
2026-03-24T15:33:37.620Z ERROR: page.click: Timeout 30000ms exceeded.
Call log:
  - waiting for locator('#refresh-button')

2026-03-24T15:35:28.869Z OK: top annDP=12.92% AP=+229.6% (solana-all-time-high-by-june-30-2026), below 14%
2026-03-24T15:37:29.364Z OK: top annDP=12.92% AP=+229.2% (solana-all-time-high-by-june-30-2026), below 14%
2026-03-24T15:39:29.673Z OK: top annDP=12.92% AP=+228.6% (solana-all-time-high-by-june-30-2026), below 14%
2026-03-24T15:41:30.305Z OK: top annDP=12.92% AP=+228.2% (solana-all-time-high-by-june-30-2026), below 14%
2026-03-24T15:43:29.534Z OK: top annDP=12.92% AP=+228.4% (solana-all-time-high-by-june-30-2026), below 14%
2026-03-24T15:45:29.727Z OK: top annDP=12.92% AP=+228.7% (solana-all-time-high-by-june-30-2026), below 14%
2026-03-24T15:47:30.720Z OK: top annDP=12.92% AP=+228.8% (solana-all-time-high-by-june-30-2026), below 14%
2026-03-24T15:49:30.318Z OK: top annDP=12.92% AP=+229.0% (solana-all-time-high-by-june-30-2026), below 14%
2026-03-24T15:51:29.913Z OK: top annDP=12.92% AP=+228.2% (solana-all-time-high-by-june-30-2026), below 14%
2026-03-24T15:53:30.045Z OK: top annDP=12.92% AP=+228.3% (solana-all-time-high-by-june-30-2026), below 14%
2026-03-24T15:55:29.521Z OK: top annDP=12.92% AP=+228.7% (solana-all-time-high-by-june-30-2026), below 14%
2026-03-24T15:57:29.716Z OK: top annDP=12.93% AP=+229.5% (solana-all-time-high-by-june-30-2026), below 14%
2026-03-24T15:59:29.613Z OK: top annDP=12.93% AP=+229.6% (solana-all-time-high-by-june-30-2026), below 14%
2026-03-24T16:01:29.455Z OK: top annDP=12.93% AP=+229.7% (solana-all-time-high-by-june-30-2026), below 14%
2026-03-24T16:03:29.149Z OK: top annDP=12.93% AP=+230.1% (solana-all-time-high-by-june-30-2026), below 14%
2026-03-24T16:05:29.842Z OK: top annDP=12.93% AP=+229.9% (solana-all-time-high-by-june-30-2026), below 14%
2026-03-24T16:07:29.576Z OK: top annDP=12.93% AP=+229.9% (solana-all-time-high-by-june-30-2026), below 14%
2026-03-24T16:09:29.404Z OK: top annDP=12.93% AP=+229.8% (solana-all-time-high-by-june-30-2026), below 14%
2026-03-24T16:11:29.417Z OK: top annDP=12.93% AP=+229.4% (solana-all-time-high-by-june-30-2026), below 14%
2026-03-24T16:13:28.710Z OK: top annDP=12.93% AP=+229.2% (solana-all-time-high-by-june-30-2026), below 14%
2026-03-24T16:15:30.287Z OK: top annDP=12.93% AP=+229.1% (solana-all-time-high-by-june-30-2026), below 14%
2026-03-24T16:17:29.366Z OK: top annDP=12.93% AP=+229.1% (solana-all-time-high-by-june-30-2026), below 14%
2026-03-24T16:19:30.709Z OK: top annDP=12.93% AP=+229.2% (solana-all-time-high-by-june-30-2026), below 14%
2026-03-24T16:21:29.624Z OK: top annDP=12.93% AP=+229.3% (solana-all-time-high-by-june-30-2026), below 14%
2026-03-24T16:23:29.604Z OK: top annDP=12.93% AP=+228.9% (solana-all-time-high-by-june-30-2026), below 14%
2026-03-24T16:25:30.366Z OK: top annDP=12.93% AP=+229.4% (solana-all-time-high-by-june-30-2026), below 14%
2026-03-24T16:27:29.944Z OK: top annDP=12.93% AP=+230.3% (solana-all-time-high-by-june-30-2026), below 14%
2026-03-24T16:29:28.909Z OK: top annDP=12.93% AP=+229.8% (solana-all-time-high-by-june-30-2026), below 14%
2026-03-24T16:31:29.650Z OK: top annDP=12.93% AP=+230.1% (solana-all-time-high-by-june-30-2026), below 14%
2026-03-24T16:33:30.079Z OK: top annDP=12.93% AP=+229.9% (solana-all-time-high-by-june-30-2026), below 14%
2026-03-24T16:35:29.710Z OK: top annDP=12.93% AP=+230.0% (solana-all-time-high-by-june-30-2026), below 14%
2026-03-24T16:37:29.685Z OK: top annDP=12.93% AP=+230.3% (solana-all-time-high-by-june-30-2026), below 14%
2026-03-24T16:39:29.512Z OK: top annDP=12.93% AP=+230.3% (solana-all-time-high-by-june-30-2026), below 14%
2026-03-24T16:41:30.006Z OK: top annDP=12.93% AP=+231.2% (solana-all-time-high-by-june-30-2026), below 14%
2026-03-24T16:43:30.537Z OK: top annDP=12.93% AP=+231.6% (solana-all-time-high-by-june-30-2026), below 14%
2026-03-24T16:45:30.033Z OK: top annDP=12.93% AP=+231.2% (solana-all-time-high-by-june-30-2026), below 14%
2026-03-24T16:47:29.278Z OK: top annDP=12.93% AP=+230.7% (solana-all-time-high-by-june-30-2026), below 14%
2026-03-24T16:49:30.043Z OK: top annDP=12.93% AP=+231.2% (solana-all-time-high-by-june-30-2026), below 14%
2026-03-24T16:51:29.685Z OK: top annDP=12.93% AP=+231.3% (solana-all-time-high-by-june-30-2026), below 14%
2026-03-24T16:53:30.380Z OK: top annDP=12.93% AP=+230.9% (solana-all-time-high-by-june-30-2026), below 14%
2026-03-24T16:55:29.345Z OK: top annDP=12.93% AP=+230.9% (solana-all-time-high-by-june-30-2026), below 14%
2026-03-24T16:57:30.671Z OK: top annDP=12.93% AP=+231.6% (solana-all-time-high-by-june-30-2026), below 14%
2026-03-24T16:59:29.831Z OK: top annDP=12.93% AP=+231.3% (solana-all-time-high-by-june-30-2026), below 14%
2026-03-24T17:01:29.561Z OK: top annDP=12.93% AP=+231.6% (solana-all-time-high-by-june-30-2026), below 14%
2026-03-24T17:03:29.626Z OK: top annDP=12.93% AP=+231.0% (solana-all-time-high-by-june-30-2026), below 14%
2026-03-24T17:05:29.915Z OK: top annDP=12.93% AP=+231.8% (solana-all-time-high-by-june-30-2026), below 14%
2026-03-24T17:07:30.998Z OK: top annDP=12.93% AP=+232.9% (solana-all-time-high-by-june-30-2026), below 14%
2026-03-24T17:09:30.442Z OK: top annDP=12.93% AP=+232.7% (solana-all-time-high-by-june-30-2026), below 14%
2026-03-24T17:11:30.304Z OK: top annDP=12.93% AP=+232.0% (solana-all-time-high-by-june-30-2026), below 14%
2026-03-24T17:13:28.883Z OK: top annDP=12.93% AP=+231.7% (solana-all-time-high-by-june-30-2026), below 14%
2026-03-24T17:15:29.928Z OK: top annDP=12.93% AP=+231.7% (solana-all-time-high-by-june-30-2026), below 14%
2026-03-24T17:17:29.789Z OK: top annDP=12.93% AP=+231.5% (solana-all-time-high-by-june-30-2026), below 14%
2026-03-24T17:19:29.971Z OK: top annDP=12.93% AP=+231.6% (solana-all-time-high-by-june-30-2026), below 14%
2026-03-24T17:21:33.081Z OK: top annDP=12.93% AP=+231.9% (solana-all-time-high-by-june-30-2026), below 14%
2026-03-24T17:23:33.638Z OK: top annDP=12.93% AP=+231.8% (solana-all-time-high-by-june-30-2026), below 14%
2026-03-24T17:25:30.905Z OK: top annDP=12.93% AP=+231.7% (solana-all-time-high-by-june-30-2026), below 14%
2026-03-24T17:27:52.031Z OK: top annDP=12.93% AP=+232.0% (solana-all-time-high-by-june-30-2026), below 14%
2026-03-24T17:29:33.792Z OK: top annDP=12.93% AP=+231.8% (solana-all-time-high-by-june-30-2026), below 14%
2026-03-24T17:31:31.839Z OK: top annDP=12.93% AP=+232.0% (solana-all-time-high-by-june-30-2026), below 14%
2026-03-24T17:33:33.833Z OK: top annDP=12.93% AP=+232.0% (solana-all-time-high-by-june-30-2026), below 14%
2026-03-24T17:35:31.797Z OK: top annDP=12.94% AP=+232.7% (solana-all-time-high-by-june-30-2026), below 14%
2026-03-24T17:37:57.508Z OK: top annDP=12.94% AP=+232.6% (solana-all-time-high-by-june-30-2026), below 14%
2026-03-24T17:39:33.303Z OK: top annDP=12.94% AP=+232.0% (solana-all-time-high-by-june-30-2026), below 14%
2026-03-24T17:41:32.803Z OK: top annDP=12.94% AP=+231.8% (solana-all-time-high-by-june-30-2026), below 14%
2026-03-24T17:43:32.226Z OK: top annDP=12.94% AP=+232.0% (solana-all-time-high-by-june-30-2026), below 14%
2026-03-24T17:45:34.539Z OK: top annDP=12.94% AP=+232.7% (solana-all-time-high-by-june-30-2026), below 14%
2026-03-24T17:47:31.767Z OK: top annDP=12.94% AP=+233.0% (solana-all-time-high-by-june-30-2026), below 14%
2026-03-24T17:49:31.992Z OK: top annDP=12.94% AP=+232.9% (solana-all-time-high-by-june-30-2026), below 14%
2026-03-24T17:51:30.190Z OK: top annDP=12.94% AP=+232.8% (solana-all-time-high-by-june-30-2026), below 14%
2026-03-24T17:53:31.516Z OK: top annDP=12.94% AP=+232.7% (solana-all-time-high-by-june-30-2026), below 14%
2026-03-24T17:55:32.348Z OK: top annDP=12.94% AP=+232.6% (solana-all-time-high-by-june-30-2026), below 14%
2026-03-24T17:57:30.574Z OK: top annDP=12.94% AP=+231.7% (solana-all-time-high-by-june-30-2026), below 14%
2026-03-24T17:59:31.572Z OK: top annDP=12.94% AP=+231.7% (solana-all-time-high-by-june-30-2026), below 14%
2026-03-24T18:01:30.385Z OK: top annDP=12.94% AP=+231.6% (solana-all-time-high-by-june-30-2026), below 14%
2026-03-24T18:03:32.573Z OK: top annDP=12.94% AP=+232.2% (solana-all-time-high-by-june-30-2026), below 14%
2026-03-24T18:05:32.656Z OK: top annDP=12.94% AP=+231.9% (solana-all-time-high-by-june-30-2026), below 14%
2026-03-24T18:07:33.838Z OK: top annDP=12.94% AP=+231.8% (solana-all-time-high-by-june-30-2026), below 14%
2026-03-24T18:09:31.450Z OK: top annDP=12.94% AP=+231.5% (solana-all-time-high-by-june-30-2026), below 14%
2026-03-24T18:11:30.011Z OK: top annDP=12.94% AP=+231.8% (solana-all-time-high-by-june-30-2026), below 14%
2026-03-24T18:13:30.555Z OK: top annDP=12.94% AP=+231.8% (solana-all-time-high-by-june-30-2026), below 14%
2026-03-24T18:15:31.633Z OK: top annDP=12.94% AP=+231.9% (solana-all-time-high-by-june-30-2026), below 14%
2026-03-24T18:17:31.479Z OK: top annDP=12.94% AP=+232.0% (solana-all-time-high-by-june-30-2026), below 14%
2026-03-24T18:19:31.073Z OK: top annDP=12.94% AP=+232.2% (solana-all-time-high-by-june-30-2026), below 14%
2026-03-24T18:21:30.952Z OK: top annDP=12.94% AP=+231.9% (solana-all-time-high-by-june-30-2026), below 14%
2026-03-24T18:23:31.546Z OK: top annDP=12.94% AP=+231.6% (solana-all-time-high-by-june-30-2026), below 14%
2026-03-24T18:25:31.043Z OK: top annDP=12.94% AP=+231.4% (solana-all-time-high-by-june-30-2026), below 14%
2026-03-24T18:27:32.758Z OK: top annDP=12.94% AP=+231.3% (solana-all-time-high-by-june-30-2026), below 14%
2026-03-24T18:29:30.799Z OK: top annDP=12.94% AP=+231.8% (solana-all-time-high-by-june-30-2026), below 14%
2026-03-24T18:31:30.480Z OK: top annDP=12.94% AP=+231.8% (solana-all-time-high-by-june-30-2026), below 14%
2026-03-24T18:33:32.504Z OK: top annDP=12.94% AP=+231.1% (solana-all-time-high-by-june-30-2026), below 14%
2026-03-24T18:35:38.087Z OK: top annDP=12.94% AP=+231.3% (solana-all-time-high-by-june-30-2026), below 14%
2026-03-24T18:37:32.646Z OK: top annDP=12.94% AP=+231.1% (solana-all-time-high-by-june-30-2026), below 14%
2026-03-24T18:39:31.777Z OK: top annDP=12.94% AP=+230.5% (solana-all-time-high-by-june-30-2026), below 14%
2026-03-24T18:41:33.639Z OK: top annDP=12.94% AP=+230.2% (solana-all-time-high-by-june-30-2026), below 14%
2026-03-24T18:43:33.301Z OK: top annDP=12.94% AP=+231.4% (solana-all-time-high-by-june-30-2026), below 14%
2026-03-24T18:45:31.377Z OK: top annDP=12.94% AP=+231.8% (solana-all-time-high-by-june-30-2026), below 14%
2026-03-24T18:47:31.057Z OK: top annDP=12.94% AP=+232.2% (solana-all-time-high-by-june-30-2026), below 14%
2026-03-24T18:49:31.501Z OK: top annDP=12.94% AP=+232.2% (solana-all-time-high-by-june-30-2026), below 14%
2026-03-24T18:51:30.846Z OK: top annDP=12.94% AP=+231.6% (solana-all-time-high-by-june-30-2026), below 14%
2026-03-24T18:53:30.143Z OK: top annDP=12.94% AP=+231.7% (solana-all-time-high-by-june-30-2026), below 14%
2026-03-24T18:55:30.404Z OK: top annDP=12.94% AP=+232.1% (solana-all-time-high-by-june-30-2026), below 14%
2026-03-24T18:57:32.016Z OK: top annDP=12.94% AP=+232.4% (solana-all-time-high-by-june-30-2026), below 14%
2026-03-24T18:59:30.795Z OK: top annDP=12.94% AP=+232.6% (solana-all-time-high-by-june-30-2026), below 14%
2026-03-24T19:01:29.325Z OK: top annDP=12.94% AP=+232.2% (solana-all-time-high-by-june-30-2026), below 14%
2026-03-24T19:03:30.214Z OK: top annDP=12.94% AP=+232.5% (solana-all-time-high-by-june-30-2026), below 14%
2026-03-24T19:05:29.633Z OK: top annDP=12.94% AP=+232.6% (solana-all-time-high-by-june-30-2026), below 14%
2026-03-24T19:07:30.124Z OK: top annDP=12.94% AP=+232.7% (solana-all-time-high-by-june-30-2026), below 14%
2026-03-24T19:09:29.540Z OK: top annDP=12.94% AP=+232.1% (solana-all-time-high-by-june-30-2026), below 14%
2026-03-24T19:11:29.850Z OK: top annDP=12.94% AP=+231.8% (solana-all-time-high-by-june-30-2026), below 14%
2026-03-24T19:13:28.631Z OK: top annDP=12.94% AP=+231.6% (solana-all-time-high-by-june-30-2026), below 14%
2026-03-24T19:15:29.276Z OK: top annDP=12.94% AP=+231.4% (solana-all-time-high-by-june-30-2026), below 14%
2026-03-24T19:17:29.802Z OK: top annDP=12.94% AP=+231.4% (solana-all-time-high-by-june-30-2026), below 14%
2026-03-24T19:19:29.779Z OK: top annDP=12.94% AP=+231.5% (solana-all-time-high-by-june-30-2026), below 14%
2026-03-24T19:21:30.742Z OK: top annDP=12.94% AP=+231.7% (solana-all-time-high-by-june-30-2026), below 14%
2026-03-24T19:23:30.099Z OK: top annDP=12.94% AP=+231.9% (solana-all-time-high-by-june-30-2026), below 14%
2026-03-24T19:25:30.497Z OK: top annDP=12.94% AP=+232.1% (solana-all-time-high-by-june-30-2026), below 14%
2026-03-24T19:27:29.377Z OK: top annDP=12.95% AP=+232.3% (solana-all-time-high-by-june-30-2026), below 14%
2026-03-24T19:29:29.322Z OK: top annDP=12.95% AP=+232.5% (solana-all-time-high-by-june-30-2026), below 14%
2026-03-24T19:31:30.119Z OK: top annDP=12.95% AP=+232.7% (solana-all-time-high-by-june-30-2026), below 14%
2026-03-24T19:33:29.530Z OK: top annDP=12.95% AP=+232.5% (solana-all-time-high-by-june-30-2026), below 14%
2026-03-24T19:35:30.092Z OK: top annDP=12.95% AP=+233.0% (solana-all-time-high-by-june-30-2026), below 14%
2026-03-24T19:37:29.020Z OK: top annDP=12.95% AP=+233.0% (solana-all-time-high-by-june-30-2026), below 14%
2026-03-24T19:39:29.398Z OK: top annDP=12.95% AP=+232.7% (solana-all-time-high-by-june-30-2026), below 14%
2026-03-24T19:41:30.127Z OK: top annDP=12.95% AP=+232.9% (solana-all-time-high-by-june-30-2026), below 14%
2026-03-24T19:43:29.724Z OK: top annDP=12.95% AP=+232.7% (solana-all-time-high-by-june-30-2026), below 14%
2026-03-24T19:45:29.440Z OK: top annDP=12.95% AP=+232.7% (solana-all-time-high-by-june-30-2026), below 14%
2026-03-24T19:47:29.333Z OK: top annDP=12.95% AP=+232.9% (solana-all-time-high-by-june-30-2026), below 14%
2026-03-24T19:49:28.889Z OK: top annDP=12.95% AP=+234.0% (solana-all-time-high-by-june-30-2026), below 14%
2026-03-24T19:51:29.774Z OK: top annDP=12.95% AP=+233.7% (solana-all-time-high-by-june-30-2026), below 14%
2026-03-24T19:53:29.017Z OK: top annDP=12.95% AP=+234.0% (solana-all-time-high-by-june-30-2026), below 14%
2026-03-24T19:55:30.660Z OK: top annDP=12.95% AP=+234.1% (solana-all-time-high-by-june-30-2026), below 14%
2026-03-24T19:57:30.108Z OK: top annDP=12.95% AP=+234.0% (solana-all-time-high-by-june-30-2026), below 14%
2026-03-24T19:59:28.368Z OK: top annDP=12.95% AP=+234.2% (solana-all-time-high-by-june-30-2026), below 14%
2026-03-24T20:01:29.579Z OK: top annDP=12.95% AP=+234.1% (solana-all-time-high-by-june-30-2026), below 14%
2026-03-24T20:03:28.957Z OK: top annDP=12.95% AP=+233.8% (solana-all-time-high-by-june-30-2026), below 14%
2026-03-24T20:05:29.969Z OK: top annDP=12.95% AP=+233.5% (solana-all-time-high-by-june-30-2026), below 14%
2026-03-24T20:07:29.848Z OK: top annDP=12.95% AP=+233.6% (solana-all-time-high-by-june-30-2026), below 14%
2026-03-24T20:09:29.128Z OK: top annDP=12.95% AP=+233.9% (solana-all-time-high-by-june-30-2026), below 14%
2026-03-24T20:11:29.457Z OK: top annDP=12.95% AP=+233.7% (solana-all-time-high-by-june-30-2026), below 14%
2026-03-24T20:13:30.001Z OK: top annDP=12.95% AP=+233.5% (solana-all-time-high-by-june-30-2026), below 14%
2026-03-24T20:15:30.198Z OK: top annDP=12.95% AP=+233.3% (solana-all-time-high-by-june-30-2026), below 14%
2026-03-24T20:17:29.375Z OK: top annDP=12.95% AP=+232.8% (solana-all-time-high-by-june-30-2026), below 14%
2026-03-24T20:19:29.236Z OK: top annDP=12.95% AP=+233.0% (solana-all-time-high-by-june-30-2026), below 14%
2026-03-24T20:21:28.833Z OK: top annDP=12.95% AP=+232.8% (solana-all-time-high-by-june-30-2026), below 14%
2026-03-24T20:23:29.437Z OK: top annDP=12.95% AP=+231.1% (solana-all-time-high-by-june-30-2026), below 14%
2026-03-24T20:25:29.505Z OK: top annDP=12.95% AP=+231.2% (solana-all-time-high-by-june-30-2026), below 14%
2026-03-24T20:27:29.468Z OK: top annDP=12.84% AP=+229.9% (solana-all-time-high-by-june-30-2026), below 14%
2026-03-24T20:29:30.262Z OK: top annDP=13.26% AP=+229.2% (solana-all-time-high-by-june-30-2026), below 14%
2026-03-24T20:31:28.425Z OK: top annDP=12.84% AP=+229.7% (solana-all-time-high-by-june-30-2026), below 14%
2026-03-24T20:33:29.671Z OK: top annDP=13.26% AP=+229.1% (solana-all-time-high-by-june-30-2026), below 14%
2026-03-24T20:35:28.749Z OK: top annDP=13.26% AP=+228.9% (solana-all-time-high-by-june-30-2026), below 14%
2026-03-24T20:37:28.243Z OK: top annDP=13.26% AP=+229.4% (solana-all-time-high-by-june-30-2026), below 14%
2026-03-24T20:39:29.055Z OK: top annDP=13.26% AP=+229.4% (solana-all-time-high-by-june-30-2026), below 14%
2026-03-24T20:41:28.785Z OK: top annDP=13.26% AP=+228.8% (solana-all-time-high-by-june-30-2026), below 14%
2026-03-24T20:43:29.577Z OK: top annDP=13.26% AP=+228.8% (solana-all-time-high-by-june-30-2026), below 14%
2026-03-24T20:45:29.460Z OK: top annDP=13.26% AP=+228.9% (solana-all-time-high-by-june-30-2026), below 14%
2026-03-24T20:47:30.421Z OK: top annDP=13.26% AP=+228.6% (solana-all-time-high-by-june-30-2026), below 14%
2026-03-24T20:49:29.580Z OK: top annDP=13.26% AP=+229.4% (solana-all-time-high-by-june-30-2026), below 14%
2026-03-24T20:51:29.395Z OK: top annDP=13.26% AP=+228.6% (solana-all-time-high-by-june-30-2026), below 14%
2026-03-24T20:53:29.888Z OK: top annDP=13.26% AP=+228.0% (solana-all-time-high-by-june-30-2026), below 14%
2026-03-24T20:55:29.453Z OK: top annDP=13.26% AP=+228.6% (solana-all-time-high-by-june-30-2026), below 14%
2026-03-24T20:57:29.482Z OK: top annDP=13.26% AP=+228.7% (solana-all-time-high-by-june-30-2026), below 14%
2026-03-24T20:59:38.110Z OK: top annDP=13.26% AP=+228.6% (solana-all-time-high-by-june-30-2026), below 14%
2026-03-24T21:01:29.567Z OK: top annDP=13.26% AP=+228.3% (solana-all-time-high-by-june-30-2026), below 14%
2026-03-24T21:03:29.480Z OK: top annDP=13.26% AP=+228.2% (solana-all-time-high-by-june-30-2026), below 14%
2026-03-24T21:05:29.175Z OK: top annDP=13.26% AP=+228.2% (solana-all-time-high-by-june-30-2026), below 14%
2026-03-24T21:07:28.807Z OK: top annDP=13.26% AP=+228.3% (solana-all-time-high-by-june-30-2026), below 14%
2026-03-24T21:09:29.984Z OK: top annDP=13.26% AP=+229.0% (solana-all-time-high-by-june-30-2026), below 14%
2026-03-24T21:11:29.707Z OK: top annDP=13.26% AP=+228.8% (solana-all-time-high-by-june-30-2026), below 14%
2026-03-24T21:13:29.660Z OK: top annDP=13.26% AP=+228.7% (solana-all-time-high-by-june-30-2026), below 14%
2026-03-24T21:15:29.582Z OK: top annDP=13.26% AP=+228.8% (solana-all-time-high-by-june-30-2026), below 14%
2026-03-24T21:17:30.066Z OK: top annDP=13.26% AP=+229.0% (solana-all-time-high-by-june-30-2026), below 14%
2026-03-24T21:19:28.812Z OK: top annDP=13.26% AP=+229.1% (solana-all-time-high-by-june-30-2026), below 14%
2026-03-24T21:21:29.174Z OK: top annDP=13.26% AP=+229.3% (solana-all-time-high-by-june-30-2026), below 14%
2026-03-24T21:23:29.416Z OK: top annDP=13.26% AP=+229.3% (solana-all-time-high-by-june-30-2026), below 14%
2026-03-24T21:25:29.229Z OK: top annDP=12.85% AP=+229.6% (solana-all-time-high-by-june-30-2026), below 14%
2026-03-24T21:27:29.038Z OK: top annDP=13.26% AP=+229.0% (solana-all-time-high-by-june-30-2026), below 14%
2026-03-24T21:29:30.069Z OK: top annDP=13.26% AP=+228.8% (solana-all-time-high-by-june-30-2026), below 14%
2026-03-24T21:31:37.539Z ERROR: page.click: Timeout 30000ms exceeded.
Call log:
  - waiting for locator('#refresh-button')

2026-03-24T21:33:28.712Z OK: top annDP=13.26% AP=+228.5% (solana-all-time-high-by-june-30-2026), below 14%
2026-03-24T21:35:30.007Z OK: top annDP=13.26% AP=+228.4% (solana-all-time-high-by-june-30-2026), below 14%
2026-03-24T21:37:28.868Z OK: top annDP=12.96% AP=+228.3% (solana-all-time-high-by-june-30-2026), below 14%
2026-03-24T21:39:30.293Z OK: top annDP=12.96% AP=+227.9% (solana-all-time-high-by-june-30-2026), below 14%
2026-03-24T21:41:30.502Z OK: top annDP=12.96% AP=+227.6% (solana-all-time-high-by-june-30-2026), below 14%
2026-03-24T21:43:29.237Z OK: top annDP=12.96% AP=+227.1% (solana-all-time-high-by-june-30-2026), below 14%
2026-03-24T21:45:29.682Z OK: top annDP=12.96% AP=+227.3% (solana-all-time-high-by-june-30-2026), below 14%
2026-03-24T21:47:29.425Z OK: top annDP=12.96% AP=+227.3% (solana-all-time-high-by-june-30-2026), below 14%
2026-03-24T21:49:29.121Z OK: top annDP=12.96% AP=+227.0% (solana-all-time-high-by-june-30-2026), below 14%
2026-03-24T21:51:28.964Z OK: top annDP=12.96% AP=+227.6% (solana-all-time-high-by-june-30-2026), below 14%
2026-03-24T21:53:29.992Z OK: top annDP=12.96% AP=+227.5% (solana-all-time-high-by-june-30-2026), below 14%
2026-03-24T21:55:30.273Z OK: top annDP=12.96% AP=+227.5% (solana-all-time-high-by-june-30-2026), below 14%
2026-03-24T21:57:29.599Z OK: top annDP=12.96% AP=+227.9% (solana-all-time-high-by-june-30-2026), below 14%
2026-03-24T21:59:29.676Z OK: top annDP=12.96% AP=+227.9% (solana-all-time-high-by-june-30-2026), below 14%
2026-03-24T22:01:28.630Z OK: top annDP=12.96% AP=+227.3% (solana-all-time-high-by-june-30-2026), below 14%
2026-03-24T22:03:28.745Z OK: top annDP=12.96% AP=+227.4% (solana-all-time-high-by-june-30-2026), below 14%
2026-03-24T22:05:29.816Z OK: top annDP=12.96% AP=+227.4% (solana-all-time-high-by-june-30-2026), below 14%
2026-03-24T22:07:28.663Z OK: top annDP=12.96% AP=+227.4% (solana-all-time-high-by-june-30-2026), below 14%
2026-03-24T22:09:29.720Z OK: top annDP=12.96% AP=+226.8% (solana-all-time-high-by-june-30-2026), below 14%
2026-03-24T22:11:28.265Z OK: top annDP=12.96% AP=+226.5% (solana-all-time-high-by-june-30-2026), below 14%
2026-03-24T22:13:28.231Z OK: top annDP=12.85% AP=+226.3% (solana-all-time-high-by-june-30-2026), below 14%
2026-03-24T22:15:29.743Z OK: top annDP=12.85% AP=+226.3% (solana-all-time-high-by-june-30-2026), below 14%
2026-03-24T22:17:29.454Z OK: top annDP=12.69% AP=+226.5% (solana-all-time-high-by-june-30-2026), below 14%
2026-03-24T22:19:37.641Z ERROR: page.click: Timeout 30000ms exceeded.
Call log:
  - waiting for locator('#refresh-button')

2026-03-24T22:21:29.242Z OK: top annDP=12.85% AP=+226.8% (solana-all-time-high-by-june-30-2026), below 14%
2026-03-24T22:23:30.250Z OK: top annDP=12.85% AP=+226.8% (solana-all-time-high-by-june-30-2026), below 14%
2026-03-24T22:25:28.765Z OK: top annDP=12.96% AP=+226.7% (solana-all-time-high-by-june-30-2026), below 14%
2026-03-24T22:27:28.281Z OK: top annDP=12.85% AP=+227.1% (solana-all-time-high-by-june-30-2026), below 14%
2026-03-24T22:29:29.177Z OK: top annDP=12.85% AP=+226.9% (solana-all-time-high-by-june-30-2026), below 14%
2026-03-24T22:31:29.190Z OK: top annDP=12.85% AP=+227.0% (solana-all-time-high-by-june-30-2026), below 14%
2026-03-24T22:33:29.328Z OK: top annDP=12.85% AP=+227.9% (solana-all-time-high-by-june-30-2026), below 14%
2026-03-24T22:35:28.411Z OK: top annDP=12.85% AP=+227.4% (solana-all-time-high-by-june-30-2026), below 14%
2026-03-24T22:37:28.673Z OK: top annDP=12.96% AP=+228.0% (solana-all-time-high-by-june-30-2026), below 14%
2026-03-24T22:39:29.415Z OK: top annDP=12.96% AP=+227.8% (solana-all-time-high-by-june-30-2026), below 14%
2026-03-24T22:41:28.801Z OK: top annDP=12.96% AP=+227.9% (solana-all-time-high-by-june-30-2026), below 14%
2026-03-24T22:43:29.203Z OK: top annDP=12.96% AP=+227.7% (solana-all-time-high-by-june-30-2026), below 14%
2026-03-24T22:45:28.570Z OK: top annDP=12.96% AP=+227.7% (solana-all-time-high-by-june-30-2026), below 14%
2026-03-24T22:47:29.677Z OK: top annDP=12.96% AP=+227.4% (solana-all-time-high-by-june-30-2026), below 14%
2026-03-24T22:49:28.473Z OK: top annDP=12.86% AP=+227.3% (solana-all-time-high-by-june-30-2026), below 14%
2026-03-24T22:51:29.920Z OK: top annDP=12.86% AP=+227.6% (solana-all-time-high-by-june-30-2026), below 14%
2026-03-24T22:53:29.882Z OK: top annDP=12.86% AP=+227.3% (solana-all-time-high-by-june-30-2026), below 14%
2026-03-24T22:55:29.943Z OK: top annDP=12.96% AP=+227.9% (solana-all-time-high-by-june-30-2026), below 14%
2026-03-24T22:57:28.908Z OK: top annDP=12.96% AP=+227.6% (solana-all-time-high-by-june-30-2026), below 14%
2026-03-24T22:59:29.249Z OK: top annDP=12.86% AP=+227.7% (solana-all-time-high-by-june-30-2026), below 14%
2026-03-24T23:01:29.174Z OK: top annDP=12.96% AP=+227.5% (solana-all-time-high-by-june-30-2026), below 14%
2026-03-24T23:03:30.139Z OK: top annDP=12.86% AP=+227.6% (solana-all-time-high-by-june-30-2026), below 14%
2026-03-24T23:05:29.241Z OK: top annDP=12.96% AP=+227.6% (solana-all-time-high-by-june-30-2026), below 14%
2026-03-24T23:07:28.361Z OK: top annDP=12.86% AP=+227.6% (solana-all-time-high-by-june-30-2026), below 14%
2026-03-24T23:09:28.263Z OK: top annDP=12.86% AP=+227.6% (solana-all-time-high-by-june-30-2026), below 14%
2026-03-24T23:11:28.457Z OK: top annDP=12.86% AP=+226.7% (solana-all-time-high-by-june-30-2026), below 14%
2026-03-24T23:13:28.520Z OK: top annDP=12.86% AP=+226.7% (solana-all-time-high-by-june-30-2026), below 14%
2026-03-24T23:15:30.213Z OK: top annDP=12.86% AP=+226.7% (solana-all-time-high-by-june-30-2026), below 14%
2026-03-24T23:17:28.545Z OK: top annDP=12.86% AP=+226.6% (solana-all-time-high-by-june-30-2026), below 14%
2026-03-24T23:19:29.473Z OK: top annDP=12.86% AP=+226.5% (solana-all-time-high-by-june-30-2026), below 14%
2026-03-24T23:21:29.748Z OK: top annDP=12.86% AP=+226.8% (solana-all-time-high-by-june-30-2026), below 14%
2026-03-24T23:23:28.809Z OK: top annDP=12.86% AP=+224.9% (solana-all-time-high-by-june-30-2026), below 14%
2026-03-24T23:25:28.801Z OK: top annDP=12.86% AP=+225.8% (solana-all-time-high-by-june-30-2026), below 14%
2026-03-24T23:27:28.969Z OK: top annDP=12.86% AP=+225.2% (solana-all-time-high-by-june-30-2026), below 14%
2026-03-24T23:29:30.590Z OK: top annDP=12.86% AP=+224.9% (solana-all-time-high-by-june-30-2026), below 14%
2026-03-24T23:31:28.456Z OK: top annDP=12.7% AP=+224.9% (solana-all-time-high-by-june-30-2026), below 14%
2026-03-24T23:33:28.984Z OK: top annDP=12.86% AP=+224.9% (solana-all-time-high-by-june-30-2026), below 14%
2026-03-24T23:35:30.149Z OK: top annDP=12.86% AP=+225.0% (solana-all-time-high-by-june-30-2026), below 14%
2026-03-24T23:37:29.778Z OK: top annDP=12.86% AP=+225.0% (solana-all-time-high-by-june-30-2026), below 14%
2026-03-24T23:39:28.373Z OK: top annDP=12.86% AP=+224.8% (solana-all-time-high-by-june-30-2026), below 14%
2026-03-24T23:41:29.569Z OK: top annDP=12.86% AP=+224.8% (solana-all-time-high-by-june-30-2026), below 14%
2026-03-24T23:43:29.082Z OK: top annDP=12.86% AP=+224.9% (solana-all-time-high-by-june-30-2026), below 14%
2026-03-24T23:45:29.758Z OK: top annDP=12.86% AP=+225.2% (solana-all-time-high-by-june-30-2026), below 14%
2026-03-24T23:47:28.965Z OK: top annDP=12.86% AP=+225.2% (solana-all-time-high-by-june-30-2026), below 14%
2026-03-24T23:49:29.468Z OK: top annDP=12.86% AP=+225.5% (solana-all-time-high-by-june-30-2026), below 14%
2026-03-24T23:51:30.163Z OK: top annDP=12.86% AP=+225.2% (solana-all-time-high-by-june-30-2026), below 14%
2026-03-24T23:53:30.205Z OK: top annDP=12.86% AP=+225.2% (solana-all-time-high-by-june-30-2026), below 14%
2026-03-24T23:55:29.650Z OK: top annDP=12.86% AP=+225.5% (solana-all-time-high-by-june-30-2026), below 14%
2026-03-24T23:57:28.680Z OK: top annDP=12.86% AP=+225.7% (solana-all-time-high-by-june-30-2026), below 14%
2026-03-24T23:59:29.575Z OK: top annDP=12.86% AP=+225.8% (solana-all-time-high-by-june-30-2026), below 14%
2026-03-25T00:01:28.671Z OK: top annDP=12.86% AP=+225.7% (solana-all-time-high-by-june-30-2026), below 14%
2026-03-25T00:03:29.514Z OK: top annDP=12.86% AP=+225.6% (solana-all-time-high-by-june-30-2026), below 14%
2026-03-25T00:05:29.080Z OK: top annDP=12.86% AP=+225.4% (solana-all-time-high-by-june-30-2026), below 14%
2026-03-25T00:07:29.258Z OK: top annDP=12.86% AP=+225.1% (solana-all-time-high-by-june-30-2026), below 14%
2026-03-25T00:09:29.786Z OK: top annDP=12.86% AP=+224.8% (solana-all-time-high-by-june-30-2026), below 14%
2026-03-25T00:11:29.299Z OK: top annDP=12.86% AP=+224.5% (solana-all-time-high-by-june-30-2026), below 14%
2026-03-25T00:13:28.274Z OK: top annDP=12.86% AP=+224.2% (solana-all-time-high-by-june-30-2026), below 14%
2026-03-25T00:15:29.887Z OK: top annDP=12.86% AP=+224.2% (solana-all-time-high-by-june-30-2026), below 14%
2026-03-25T00:17:28.315Z OK: top annDP=12.86% AP=+224.3% (solana-all-time-high-by-june-30-2026), below 14%
2026-03-25T00:19:28.511Z OK: top annDP=12.86% AP=+224.7% (solana-all-time-high-by-june-30-2026), below 14%
2026-03-25T00:21:28.673Z OK: top annDP=12.86% AP=+224.7% (solana-all-time-high-by-june-30-2026), below 14%
2026-03-25T00:23:30.435Z OK: top annDP=12.86% AP=+224.7% (solana-all-time-high-by-june-30-2026), below 14%
2026-03-25T00:25:29.730Z OK: top annDP=12.86% AP=+224.7% (solana-all-time-high-by-june-30-2026), below 14%
2026-03-25T00:27:28.576Z OK: top annDP=12.86% AP=+224.5% (solana-all-time-high-by-june-30-2026), below 14%
2026-03-25T00:29:29.399Z OK: top annDP=12.86% AP=+224.6% (solana-all-time-high-by-june-30-2026), below 14%
2026-03-25T00:31:28.648Z OK: top annDP=12.86% AP=+225.4% (solana-all-time-high-by-june-30-2026), below 14%
2026-03-25T00:33:29.728Z OK: top annDP=12.86% AP=+224.4% (solana-all-time-high-by-june-30-2026), below 14%
2026-03-25T00:35:29.492Z OK: top annDP=12.86% AP=+223.7% (solana-all-time-high-by-june-30-2026), below 14%
2026-03-25T00:37:29.133Z OK: top annDP=12.86% AP=+223.5% (solana-all-time-high-by-june-30-2026), below 14%
2026-03-25T00:39:29.295Z OK: top annDP=12.86% AP=+223.2% (solana-all-time-high-by-june-30-2026), below 14%
2026-03-25T00:41:28.856Z OK: top annDP=12.86% AP=+223.2% (solana-all-time-high-by-june-30-2026), below 14%
2026-03-25T00:43:28.653Z OK: top annDP=12.86% AP=+223.3% (solana-all-time-high-by-june-30-2026), below 14%
2026-03-25T00:45:28.979Z OK: top annDP=12.86% AP=+223.1% (solana-all-time-high-by-june-30-2026), below 14%
2026-03-25T00:47:28.859Z OK: top annDP=12.87% AP=+223.4% (solana-all-time-high-by-june-30-2026), below 14%
2026-03-25T00:49:29.373Z OK: top annDP=12.87% AP=+223.1% (solana-all-time-high-by-june-30-2026), below 14%
2026-03-25T00:51:29.950Z OK: top annDP=12.87% AP=+223.2% (solana-all-time-high-by-june-30-2026), below 14%
2026-03-25T00:53:28.860Z OK: top annDP=12.87% AP=+223.7% (solana-all-time-high-by-june-30-2026), below 14%
2026-03-25T00:55:29.757Z OK: top annDP=12.87% AP=+223.5% (solana-all-time-high-by-june-30-2026), below 14%
2026-03-25T00:57:28.369Z OK: top annDP=12.7% AP=+223.4% (solana-all-time-high-by-june-30-2026), below 14%
2026-03-25T00:59:28.365Z OK: top annDP=12.7% AP=+223.4% (solana-all-time-high-by-june-30-2026), below 14%
2026-03-25T01:01:30.226Z OK: top annDP=12.7% AP=+223.8% (solana-all-time-high-by-june-30-2026), below 14%
2026-03-25T01:03:28.252Z OK: top annDP=12.7% AP=+224.0% (solana-all-time-high-by-june-30-2026), below 14%
2026-03-25T01:05:30.036Z OK: top annDP=12.7% AP=+224.3% (solana-all-time-high-by-june-30-2026), below 14%
2026-03-25T01:07:28.728Z OK: top annDP=12.87% AP=+224.2% (solana-all-time-high-by-june-30-2026), below 14%
2026-03-25T01:09:30.274Z OK: top annDP=12.87% AP=+224.5% (solana-all-time-high-by-june-30-2026), below 14%
2026-03-25T01:11:28.503Z OK: top annDP=12.87% AP=+224.5% (solana-all-time-high-by-june-30-2026), below 14%
2026-03-25T01:13:28.828Z OK: top annDP=12.87% AP=+223.9% (solana-all-time-high-by-june-30-2026), below 14%
2026-03-25T01:15:28.961Z OK: top annDP=12.87% AP=+223.9% (solana-all-time-high-by-june-30-2026), below 14%
2026-03-25T01:17:29.840Z OK: top annDP=12.87% AP=+224.4% (solana-all-time-high-by-june-30-2026), below 14%
2026-03-25T01:19:29.046Z OK: top annDP=12.87% AP=+224.9% (solana-all-time-high-by-june-30-2026), below 14%
2026-03-25T01:21:28.731Z OK: top annDP=12.87% AP=+224.9% (solana-all-time-high-by-june-30-2026), below 14%
2026-03-25T01:23:28.508Z OK: top annDP=12.87% AP=+224.5% (solana-all-time-high-by-june-30-2026), below 14%
2026-03-25T01:25:29.487Z OK: top annDP=12.87% AP=+224.7% (solana-all-time-high-by-june-30-2026), below 14%
2026-03-25T01:27:29.298Z OK: top annDP=12.71% AP=+224.9% (solana-all-time-high-by-june-30-2026), below 14%
2026-03-25T01:29:28.243Z OK: top annDP=12.87% AP=+224.8% (solana-all-time-high-by-june-30-2026), below 14%
2026-03-25T01:31:29.089Z OK: top annDP=12.87% AP=+224.4% (solana-all-time-high-by-june-30-2026), below 14%
2026-03-25T01:33:28.849Z OK: top annDP=12.87% AP=+224.3% (solana-all-time-high-by-june-30-2026), below 14%
2026-03-25T01:35:29.595Z OK: top annDP=12.87% AP=+224.4% (solana-all-time-high-by-june-30-2026), below 14%
2026-03-25T01:37:29.388Z OK: top annDP=12.87% AP=+224.6% (solana-all-time-high-by-june-30-2026), below 14%
2026-03-25T01:39:28.637Z OK: top annDP=12.87% AP=+224.6% (solana-all-time-high-by-june-30-2026), below 14%
2026-03-25T01:41:28.867Z OK: top annDP=12.87% AP=+224.6% (solana-all-time-high-by-june-30-2026), below 14%
2026-03-25T01:43:29.828Z OK: top annDP=12.87% AP=+224.5% (solana-all-time-high-by-june-30-2026), below 14%
2026-03-25T01:45:29.639Z OK: top annDP=12.87% AP=+223.9% (solana-all-time-high-by-june-30-2026), below 14%
2026-03-25T01:47:29.236Z OK: top annDP=12.87% AP=+224.4% (solana-all-time-high-by-june-30-2026), below 14%
2026-03-25T01:49:30.178Z OK: top annDP=12.87% AP=+224.7% (solana-all-time-high-by-june-30-2026), below 14%
2026-03-25T01:51:29.822Z OK: top annDP=12.87% AP=+224.7% (solana-all-time-high-by-june-30-2026), below 14%
2026-03-25T01:53:29.637Z OK: top annDP=12.87% AP=+224.7% (solana-all-time-high-by-june-30-2026), below 14%
2026-03-25T01:55:28.826Z OK: top annDP=12.87% AP=+224.7% (solana-all-time-high-by-june-30-2026), below 14%
2026-03-25T01:57:29.256Z OK: top annDP=12.87% AP=+224.7% (solana-all-time-high-by-june-30-2026), below 14%
2026-03-25T01:59:29.019Z OK: top annDP=12.87% AP=+224.9% (solana-all-time-high-by-june-30-2026), below 14%
2026-03-25T02:01:28.250Z OK: top annDP=12.71% AP=+225.3% (solana-all-time-high-by-june-30-2026), below 14%
2026-03-25T02:03:29.062Z OK: top annDP=12.71% AP=+225.2% (solana-all-time-high-by-june-30-2026), below 14%
2026-03-25T02:05:28.460Z OK: top annDP=12.71% AP=+225.2% (solana-all-time-high-by-june-30-2026), below 14%
2026-03-25T02:07:29.548Z OK: top annDP=12.71% AP=+225.3% (solana-all-time-high-by-june-30-2026), below 14%
2026-03-25T02:09:29.577Z OK: top annDP=12.71% AP=+225.2% (solana-all-time-high-by-june-30-2026), below 14%
2026-03-25T02:11:28.191Z OK: top annDP=12.71% AP=+224.8% (solana-all-time-high-by-june-30-2026), below 14%
2026-03-25T02:13:28.704Z OK: top annDP=12.87% AP=+224.4% (solana-all-time-high-by-june-30-2026), below 14%
2026-03-25T02:15:29.297Z OK: top annDP=12.87% AP=+224.6% (solana-all-time-high-by-june-30-2026), below 14%
2026-03-25T02:17:28.746Z OK: top annDP=12.87% AP=+224.8% (solana-all-time-high-by-june-30-2026), below 14%
2026-03-25T02:19:28.659Z OK: top annDP=12.87% AP=+224.7% (solana-all-time-high-by-june-30-2026), below 14%
2026-03-25T02:21:28.571Z OK: top annDP=12.87% AP=+224.9% (solana-all-time-high-by-june-30-2026), below 14%
2026-03-25T02:23:28.563Z OK: top annDP=12.87% AP=+224.8% (solana-all-time-high-by-june-30-2026), below 14%
2026-03-25T02:25:28.556Z OK: top annDP=12.87% AP=+224.8% (solana-all-time-high-by-june-30-2026), below 14%
2026-03-25T02:27:28.920Z OK: top annDP=12.87% AP=+224.9% (solana-all-time-high-by-june-30-2026), below 14%
2026-03-25T02:29:29.915Z OK: top annDP=12.87% AP=+224.6% (solana-all-time-high-by-june-30-2026), below 14%
2026-03-25T02:31:29.630Z OK: top annDP=12.88% AP=+225.1% (solana-all-time-high-by-june-30-2026), below 14%
2026-03-25T02:33:29.334Z OK: top annDP=12.88% AP=+224.8% (solana-all-time-high-by-june-30-2026), below 14%
2026-03-25T02:35:29.419Z OK: top annDP=12.88% AP=+224.7% (solana-all-time-high-by-june-30-2026), below 14%
2026-03-25T02:37:29.297Z OK: top annDP=12.88% AP=+224.7% (solana-all-time-high-by-june-30-2026), below 14%
2026-03-25T02:39:29.392Z OK: top annDP=12.88% AP=+224.2% (solana-all-time-high-by-june-30-2026), below 14%
2026-03-25T02:41:29.200Z OK: top annDP=12.88% AP=+224.4% (solana-all-time-high-by-june-30-2026), below 14%
2026-03-25T02:43:29.382Z OK: top annDP=12.88% AP=+224.2% (solana-all-time-high-by-june-30-2026), below 14%
2026-03-25T02:45:28.711Z OK: top annDP=12.88% AP=+223.9% (solana-all-time-high-by-june-30-2026), below 14%
2026-03-25T02:47:29.320Z OK: top annDP=12.88% AP=+223.4% (solana-all-time-high-by-june-30-2026), below 14%
2026-03-25T02:49:29.334Z OK: top annDP=12.88% AP=+223.8% (solana-all-time-high-by-june-30-2026), below 14%
2026-03-25T02:51:29.910Z OK: top annDP=12.88% AP=+224.2% (solana-all-time-high-by-june-30-2026), below 14%
2026-03-25T02:53:29.506Z OK: top annDP=12.88% AP=+224.4% (solana-all-time-high-by-june-30-2026), below 14%
2026-03-25T02:55:28.885Z OK: top annDP=12.88% AP=+224.5% (solana-all-time-high-by-june-30-2026), below 14%
2026-03-25T02:57:27.913Z OK: top annDP=12.88% AP=+224.9% (solana-all-time-high-by-june-30-2026), below 14%
2026-03-25T02:59:28.663Z OK: top annDP=12.88% AP=+224.7% (solana-all-time-high-by-june-30-2026), below 14%
2026-03-25T03:01:29.942Z OK: top annDP=12.88% AP=+224.9% (solana-all-time-high-by-june-30-2026), below 14%
2026-03-25T03:03:29.749Z OK: top annDP=12.88% AP=+224.7% (solana-all-time-high-by-june-30-2026), below 14%
2026-03-25T03:05:29.880Z OK: top annDP=12.88% AP=+224.7% (solana-all-time-high-by-june-30-2026), below 14%
2026-03-25T03:07:29.407Z OK: top annDP=12.88% AP=+224.9% (solana-all-time-high-by-june-30-2026), below 14%
2026-03-25T03:09:29.383Z OK: top annDP=12.88% AP=+225.3% (solana-all-time-high-by-june-30-2026), below 14%
2026-03-25T03:11:29.716Z OK: top annDP=12.88% AP=+225.3% (solana-all-time-high-by-june-30-2026), below 14%
2026-03-25T03:13:28.778Z OK: top annDP=12.72% AP=+225.7% (solana-all-time-high-by-june-30-2026), below 14%
2026-03-25T03:15:29.322Z OK: top annDP=12.88% AP=+225.4% (solana-all-time-high-by-june-30-2026), below 14%
2026-03-25T03:17:29.182Z OK: top annDP=12.88% AP=+225.4% (solana-all-time-high-by-june-30-2026), below 14%
2026-03-25T03:19:28.528Z OK: top annDP=12.88% AP=+225.3% (solana-all-time-high-by-june-30-2026), below 14%
2026-03-25T03:21:29.811Z OK: top annDP=12.88% AP=+225.5% (solana-all-time-high-by-june-30-2026), below 14%
2026-03-25T03:23:28.968Z OK: top annDP=12.88% AP=+225.5% (solana-all-time-high-by-june-30-2026), below 14%
2026-03-25T03:25:29.796Z OK: top annDP=12.88% AP=+225.6% (solana-all-time-high-by-june-30-2026), below 14%
2026-03-25T03:27:28.994Z OK: top annDP=12.88% AP=+225.2% (solana-all-time-high-by-june-30-2026), below 14%
2026-03-25T03:29:29.238Z OK: top annDP=12.88% AP=+225.2% (solana-all-time-high-by-june-30-2026), below 14%
2026-03-25T03:31:28.502Z OK: top annDP=12.72% AP=+225.1% (solana-all-time-high-by-june-30-2026), below 14%
2026-03-25T03:33:28.895Z OK: top annDP=12.72% AP=+224.7% (solana-all-time-high-by-june-30-2026), below 14%
2026-03-25T03:35:29.607Z OK: top annDP=12.88% AP=+224.5% (solana-all-time-high-by-june-30-2026), below 14%
2026-03-25T03:37:28.967Z OK: top annDP=12.88% AP=+224.6% (solana-all-time-high-by-june-30-2026), below 14%
2026-03-25T03:39:29.064Z OK: top annDP=12.88% AP=+224.2% (solana-all-time-high-by-june-30-2026), below 14%
2026-03-25T03:41:29.371Z OK: top annDP=12.88% AP=+224.3% (solana-all-time-high-by-june-30-2026), below 14%
2026-03-25T03:43:28.487Z OK: top annDP=12.88% AP=+224.4% (solana-all-time-high-by-june-30-2026), below 14%
2026-03-25T03:45:29.779Z OK: top annDP=12.88% AP=+224.4% (solana-all-time-high-by-june-30-2026), below 14%
2026-03-25T03:47:28.947Z OK: top annDP=12.88% AP=+224.3% (solana-all-time-high-by-june-30-2026), below 14%
2026-03-25T03:49:29.000Z OK: top annDP=12.88% AP=+223.1% (solana-all-time-high-by-june-30-2026), below 14%
2026-03-25T03:51:30.066Z OK: top annDP=12.88% AP=+223.1% (solana-all-time-high-by-june-30-2026), below 14%
2026-03-25T03:53:28.980Z OK: top annDP=12.88% AP=+222.8% (solana-all-time-high-by-june-30-2026), below 14%
2026-03-25T03:55:29.325Z OK: top annDP=12.88% AP=+222.4% (solana-all-time-high-by-june-30-2026), below 14%
2026-03-25T03:57:30.237Z OK: top annDP=12.88% AP=+222.0% (solana-all-time-high-by-june-30-2026), below 14%
2026-03-25T03:59:30.169Z OK: top annDP=12.88% AP=+222.0% (solana-all-time-high-by-june-30-2026), below 14%
2026-03-25T04:01:28.745Z OK: top annDP=12.88% AP=+222.7% (solana-all-time-high-by-june-30-2026), below 14%
2026-03-25T04:03:29.225Z OK: top annDP=12.88% AP=+222.7% (solana-all-time-high-by-june-30-2026), below 14%
2026-03-25T04:05:29.732Z OK: top annDP=12.88% AP=+222.9% (solana-all-time-high-by-june-30-2026), below 14%
2026-03-25T04:07:29.082Z OK: top annDP=12.88% AP=+222.8% (solana-all-time-high-by-june-30-2026), below 14%
2026-03-25T04:09:29.359Z OK: top annDP=12.88% AP=+222.4% (solana-all-time-high-by-june-30-2026), below 14%
2026-03-25T04:11:30.019Z OK: top annDP=12.88% AP=+222.3% (solana-all-time-high-by-june-30-2026), below 14%
2026-03-25T04:13:29.367Z OK: top annDP=12.88% AP=+222.1% (solana-all-time-high-by-june-30-2026), below 14%
2026-03-25T04:15:28.912Z OK: top annDP=12.88% AP=+222.3% (solana-all-time-high-by-june-30-2026), below 14%
2026-03-25T04:17:29.340Z OK: top annDP=12.88% AP=+222.4% (solana-all-time-high-by-june-30-2026), below 14%
2026-03-25T04:19:28.563Z OK: top annDP=12.88% AP=+222.3% (solana-all-time-high-by-june-30-2026), below 14%
2026-03-25T04:21:29.696Z OK: top annDP=12.88% AP=+222.3% (solana-all-time-high-by-june-30-2026), below 14%
2026-03-25T04:23:28.574Z OK: top annDP=12.88% AP=+222.5% (solana-all-time-high-by-june-30-2026), below 14%
2026-03-25T04:25:28.739Z OK: top annDP=12.88% AP=+222.7% (solana-all-time-high-by-june-30-2026), below 14%
2026-03-25T04:27:29.983Z OK: top annDP=12.88% AP=+222.6% (solana-all-time-high-by-june-30-2026), below 14%
2026-03-25T04:29:29.943Z OK: top annDP=12.88% AP=+222.4% (solana-all-time-high-by-june-30-2026), below 14%
2026-03-25T04:31:27.838Z OK: top annDP=12.89% AP=+222.3% (solana-all-time-high-by-june-30-2026), below 14%
2026-03-25T04:33:29.433Z OK: top annDP=12.89% AP=+222.5% (solana-all-time-high-by-june-30-2026), below 14%
2026-03-25T04:35:28.928Z OK: top annDP=13.3% AP=+222.9% (solana-all-time-high-by-june-30-2026), below 14%
2026-03-25T04:37:28.742Z OK: top annDP=13.3% AP=+222.6% (solana-all-time-high-by-june-30-2026), below 14%
2026-03-25T04:39:30.571Z OK: top annDP=13.3% AP=+222.7% (solana-all-time-high-by-june-30-2026), below 14%
2026-03-25T04:41:28.802Z OK: top annDP=13.3% AP=+222.9% (solana-all-time-high-by-june-30-2026), below 14%
2026-03-25T04:43:29.692Z OK: top annDP=13.3% AP=+222.7% (solana-all-time-high-by-june-30-2026), below 14%
2026-03-25T04:45:29.240Z OK: top annDP=13.3% AP=+222.7% (solana-all-time-high-by-june-30-2026), below 14%
2026-03-25T04:47:28.219Z OK: top annDP=13.3% AP=+222.6% (solana-all-time-high-by-june-30-2026), below 14%
2026-03-25T04:49:28.593Z OK: top annDP=13.3% AP=+222.8% (solana-all-time-high-by-june-30-2026), below 14%
2026-03-25T04:51:29.310Z OK: top annDP=13.3% AP=+222.9% (solana-all-time-high-by-june-30-2026), below 14%
2026-03-25T04:53:29.185Z OK: top annDP=13.3% AP=+222.7% (solana-all-time-high-by-june-30-2026), below 14%
2026-03-25T04:55:29.882Z OK: top annDP=13.3% AP=+222.6% (solana-all-time-high-by-june-30-2026), below 14%
2026-03-25T04:57:29.859Z OK: top annDP=13.25% AP=+222.2% (solana-all-time-high-by-june-30-2026), below 14%
2026-03-25T04:59:29.442Z OK: top annDP=12.89% AP=+221.2% (solana-all-time-high-by-june-30-2026), below 14%
2026-03-25T05:01:28.484Z OK: top annDP=12.89% AP=+221.4% (solana-all-time-high-by-june-30-2026), below 14%
2026-03-25T05:03:30.011Z OK: top annDP=12.89% AP=+221.5% (solana-all-time-high-by-june-30-2026), below 14%
2026-03-25T05:05:29.040Z OK: top annDP=12.89% AP=+221.4% (solana-all-time-high-by-june-30-2026), below 14%
2026-03-25T05:07:29.339Z OK: top annDP=12.89% AP=+220.9% (solana-all-time-high-by-june-30-2026), below 14%
2026-03-25T05:09:28.429Z OK: top annDP=12.89% AP=+218.9% (solana-all-time-high-by-june-30-2026), below 14%
2026-03-25T05:11:29.192Z OK: top annDP=12.89% AP=+219.3% (solana-all-time-high-by-june-30-2026), below 14%
2026-03-25T05:13:28.706Z OK: top annDP=12.89% AP=+219.0% (solana-all-time-high-by-june-30-2026), below 14%
2026-03-25T05:15:30.298Z OK: top annDP=12.89% AP=+219.6% (solana-all-time-high-by-june-30-2026), below 14%
2026-03-25T05:17:29.873Z OK: top annDP=12.89% AP=+219.7% (solana-all-time-high-by-june-30-2026), below 14%
2026-03-25T05:19:29.459Z OK: top annDP=12.89% AP=+220.1% (solana-all-time-high-by-june-30-2026), below 14%
2026-03-25T05:21:28.436Z OK: top annDP=12.89% AP=+220.0% (solana-all-time-high-by-june-30-2026), below 14%
2026-03-25T05:23:29.231Z OK: top annDP=12.89% AP=+220.1% (solana-all-time-high-by-june-30-2026), below 14%
2026-03-25T05:25:28.761Z OK: top annDP=12.89% AP=+219.9% (solana-all-time-high-by-june-30-2026), below 14%
2026-03-25T05:27:30.085Z OK: top annDP=12.89% AP=+220.4% (solana-all-time-high-by-june-30-2026), below 14%
2026-03-25T05:29:30.069Z OK: top annDP=12.89% AP=+219.7% (solana-all-time-high-by-june-30-2026), below 14%
2026-03-25T05:31:29.459Z OK: top annDP=12.89% AP=+219.1% (solana-all-time-high-by-june-30-2026), below 14%
2026-03-25T05:33:27.942Z OK: top annDP=12.89% AP=+218.9% (solana-all-time-high-by-june-30-2026), below 14%
2026-03-25T05:35:28.686Z OK: top annDP=12.89% AP=+219.6% (solana-all-time-high-by-june-30-2026), below 14%
2026-03-25T05:37:28.849Z OK: top annDP=12.89% AP=+219.5% (solana-all-time-high-by-june-30-2026), below 14%
2026-03-25T05:39:29.510Z OK: top annDP=12.89% AP=+219.7% (solana-all-time-high-by-june-30-2026), below 14%
2026-03-25T05:41:28.885Z OK: top annDP=12.89% AP=+219.9% (solana-all-time-high-by-june-30-2026), below 14%
2026-03-25T05:43:28.799Z OK: top annDP=12.89% AP=+219.8% (solana-all-time-high-by-june-30-2026), below 14%
2026-03-25T05:45:29.277Z OK: top annDP=12.89% AP=+219.7% (solana-all-time-high-by-june-30-2026), below 14%
2026-03-25T05:47:28.890Z OK: top annDP=12.89% AP=+219.9% (solana-all-time-high-by-june-30-2026), below 14%
2026-03-25T05:49:28.954Z OK: top annDP=12.89% AP=+220.0% (solana-all-time-high-by-june-30-2026), below 14%
2026-03-25T05:51:29.484Z OK: top annDP=12.89% AP=+219.9% (solana-all-time-high-by-june-30-2026), below 14%
2026-03-25T05:53:35.443Z OK: top annDP=12.89% AP=+219.9% (solana-all-time-high-by-june-30-2026), below 14%
2026-03-25T05:55:30.387Z OK: top annDP=12.89% AP=+219.9% (solana-all-time-high-by-june-30-2026), below 14%
2026-03-25T05:57:30.181Z OK: top annDP=12.89% AP=+220.1% (solana-all-time-high-by-june-30-2026), below 14%
2026-03-25T05:59:29.380Z OK: top annDP=12.89% AP=+220.0% (solana-all-time-high-by-june-30-2026), below 14%
2026-03-25T06:01:28.674Z OK: top annDP=12.89% AP=+219.9% (solana-all-time-high-by-june-30-2026), below 14%
2026-03-25T06:03:29.601Z OK: top annDP=12.89% AP=+220.0% (solana-all-time-high-by-june-30-2026), below 14%
2026-03-25T06:05:29.315Z OK: top annDP=12.89% AP=+220.2% (solana-all-time-high-by-june-30-2026), below 14%
2026-03-25T06:07:29.175Z OK: top annDP=12.89% AP=+220.4% (solana-all-time-high-by-june-30-2026), below 14%
2026-03-25T06:09:28.990Z OK: top annDP=12.89% AP=+220.3% (solana-all-time-high-by-june-30-2026), below 14%
2026-03-25T06:11:30.152Z OK: top annDP=12.89% AP=+220.6% (solana-all-time-high-by-june-30-2026), below 14%
2026-03-25T06:13:29.276Z OK: top annDP=12.89% AP=+220.5% (solana-all-time-high-by-june-30-2026), below 14%
2026-03-25T06:15:29.240Z OK: top annDP=12.89% AP=+220.4% (solana-all-time-high-by-june-30-2026), below 14%
2026-03-25T06:17:29.781Z OK: top annDP=12.89% AP=+220.3% (solana-all-time-high-by-june-30-2026), below 14%
2026-03-25T06:19:29.156Z OK: top annDP=12.89% AP=+220.2% (solana-all-time-high-by-june-30-2026), below 14%
2026-03-25T06:21:29.294Z OK: top annDP=12.89% AP=+220.1% (solana-all-time-high-by-june-30-2026), below 14%
2026-03-25T06:23:29.386Z OK: top annDP=12.89% AP=+219.9% (solana-all-time-high-by-june-30-2026), below 14%
2026-03-25T06:25:29.144Z OK: top annDP=12.89% AP=+218.6% (solana-all-time-high-by-june-30-2026), below 14%
2026-03-25T06:27:30.128Z OK: top annDP=12.89% AP=+218.5% (solana-all-time-high-by-june-30-2026), below 14%
2026-03-25T06:29:29.376Z OK: top annDP=12.89% AP=+218.6% (solana-all-time-high-by-june-30-2026), below 14%
2026-03-25T06:31:29.000Z OK: top annDP=12.89% AP=+218.6% (solana-all-time-high-by-june-30-2026), below 14%
2026-03-25T06:33:29.363Z OK: top annDP=12.9% AP=+219.2% (solana-all-time-high-by-june-30-2026), below 14%
2026-03-25T06:35:29.580Z OK: top annDP=12.9% AP=+219.1% (solana-all-time-high-by-june-30-2026), below 14%
2026-03-25T06:37:29.020Z OK: top annDP=12.9% AP=+219.1% (solana-all-time-high-by-june-30-2026), below 14%
2026-03-25T06:39:29.516Z OK: top annDP=12.9% AP=+219.2% (solana-all-time-high-by-june-30-2026), below 14%
2026-03-25T06:41:29.609Z OK: top annDP=12.9% AP=+219.3% (solana-all-time-high-by-june-30-2026), below 14%
2026-03-25T06:43:28.784Z OK: top annDP=12.9% AP=+219.2% (solana-all-time-high-by-june-30-2026), below 14%
2026-03-25T06:45:29.833Z OK: top annDP=12.9% AP=+219.3% (solana-all-time-high-by-june-30-2026), below 14%
2026-03-25T06:47:29.046Z OK: top annDP=12.9% AP=+219.2% (solana-all-time-high-by-june-30-2026), below 14%
2026-03-25T06:49:29.277Z OK: top annDP=12.9% AP=+219.2% (solana-all-time-high-by-june-30-2026), below 14%
2026-03-25T06:51:30.101Z OK: top annDP=12.9% AP=+219.3% (solana-all-time-high-by-june-30-2026), below 14%
2026-03-25T06:53:28.915Z OK: top annDP=12.9% AP=+219.3% (solana-all-time-high-by-june-30-2026), below 14%
2026-03-25T06:55:29.844Z OK: top annDP=12.9% AP=+219.5% (solana-all-time-high-by-june-30-2026), below 14%
2026-03-25T06:57:29.023Z OK: top annDP=12.9% AP=+219.7% (solana-all-time-high-by-june-30-2026), below 14%
2026-03-25T06:59:28.952Z OK: top annDP=12.9% AP=+219.7% (solana-all-time-high-by-june-30-2026), below 14%
2026-03-25T07:01:30.144Z OK: top annDP=12.9% AP=+220.3% (solana-all-time-high-by-june-30-2026), below 14%
2026-03-25T07:03:28.754Z OK: top annDP=12.9% AP=+220.3% (solana-all-time-high-by-june-30-2026), below 14%
2026-03-25T07:05:29.588Z OK: top annDP=12.9% AP=+219.9% (solana-all-time-high-by-june-30-2026), below 14%
2026-03-25T07:07:30.045Z OK: top annDP=12.9% AP=+220.2% (solana-all-time-high-by-june-30-2026), below 14%
2026-03-25T07:09:30.096Z OK: top annDP=12.9% AP=+220.3% (solana-all-time-high-by-june-30-2026), below 14%
2026-03-25T07:11:28.773Z OK: top annDP=12.9% AP=+220.3% (solana-all-time-high-by-june-30-2026), below 14%
2026-03-25T07:13:29.500Z OK: top annDP=12.9% AP=+220.2% (solana-all-time-high-by-june-30-2026), below 14%
2026-03-25T07:15:29.747Z OK: top annDP=12.9% AP=+220.1% (solana-all-time-high-by-june-30-2026), below 14%
2026-03-25T07:17:29.490Z OK: top annDP=12.9% AP=+220.0% (solana-all-time-high-by-june-30-2026), below 14%
2026-03-25T07:19:30.152Z OK: top annDP=12.9% AP=+220.0% (solana-all-time-high-by-june-30-2026), below 14%
2026-03-25T07:21:29.383Z OK: top annDP=12.9% AP=+220.3% (solana-all-time-high-by-june-30-2026), below 14%
2026-03-25T07:23:29.809Z OK: top annDP=12.9% AP=+220.3% (solana-all-time-high-by-june-30-2026), below 14%
2026-03-25T07:25:29.236Z OK: top annDP=12.9% AP=+220.4% (solana-all-time-high-by-june-30-2026), below 14%
2026-03-25T07:27:28.969Z OK: top annDP=12.9% AP=+220.6% (solana-all-time-high-by-june-30-2026), below 14%
2026-03-25T07:29:29.464Z OK: top annDP=12.9% AP=+220.7% (solana-all-time-high-by-june-30-2026), below 14%
2026-03-25T07:31:29.339Z OK: top annDP=12.9% AP=+220.8% (solana-all-time-high-by-june-30-2026), below 14%
2026-03-25T07:33:28.966Z OK: top annDP=12.9% AP=+220.8% (solana-all-time-high-by-june-30-2026), below 14%
2026-03-25T07:35:28.896Z OK: top annDP=12.9% AP=+220.4% (solana-all-time-high-by-june-30-2026), below 14%
2026-03-25T07:37:30.173Z OK: top annDP=12.9% AP=+220.8% (solana-all-time-high-by-june-30-2026), below 14%
2026-03-25T07:39:29.389Z OK: top annDP=12.9% AP=+220.3% (solana-all-time-high-by-june-30-2026), below 14%
2026-03-25T07:41:29.932Z OK: top annDP=12.9% AP=+220.2% (solana-all-time-high-by-june-30-2026), below 14%
2026-03-25T07:43:28.613Z OK: top annDP=12.9% AP=+220.1% (solana-all-time-high-by-june-30-2026), below 14%
2026-03-25T07:45:29.358Z OK: top annDP=12.9% AP=+220.1% (solana-all-time-high-by-june-30-2026), below 14%
2026-03-25T07:47:29.198Z OK: top annDP=13.27% AP=+220.8% (solana-all-time-high-by-june-30-2026), below 14%
2026-03-25T07:49:30.213Z OK: top annDP=13.27% AP=+221.9% (solana-all-time-high-by-june-30-2026), below 14%
2026-03-25T07:51:30.008Z OK: top annDP=13.27% AP=+221.6% (solana-all-time-high-by-june-30-2026), below 14%
2026-03-25T07:53:30.257Z OK: top annDP=13.27% AP=+221.7% (solana-all-time-high-by-june-30-2026), below 14%
2026-03-25T07:55:29.264Z OK: top annDP=13.27% AP=+221.9% (solana-all-time-high-by-june-30-2026), below 14%
2026-03-25T07:57:29.278Z OK: top annDP=13.27% AP=+221.9% (solana-all-time-high-by-june-30-2026), below 14%
2026-03-25T07:59:29.873Z OK: top annDP=13.27% AP=+222.0% (solana-all-time-high-by-june-30-2026), below 14%
2026-03-25T08:01:29.301Z OK: top annDP=13.27% AP=+222.3% (solana-all-time-high-by-june-30-2026), below 14%
2026-03-25T08:03:29.494Z OK: top annDP=12.74% AP=+221.9% (solana-all-time-high-by-june-30-2026), below 14%
2026-03-25T08:05:29.776Z OK: top annDP=12.74% AP=+221.8% (solana-all-time-high-by-june-30-2026), below 14%
2026-03-25T08:07:30.116Z OK: top annDP=12.9% AP=+221.4% (solana-all-time-high-by-june-30-2026), below 14%
2026-03-25T08:09:29.334Z OK: top annDP=12.9% AP=+221.6% (solana-all-time-high-by-june-30-2026), below 14%
2026-03-25T08:11:29.997Z OK: top annDP=12.91% AP=+222.0% (solana-all-time-high-by-june-30-2026), below 14%
2026-03-25T08:13:29.405Z OK: top annDP=12.91% AP=+221.9% (solana-all-time-high-by-june-30-2026), below 14%
2026-03-25T08:15:29.883Z OK: top annDP=12.91% AP=+222.1% (solana-all-time-high-by-june-30-2026), below 14%
2026-03-25T08:17:29.228Z OK: top annDP=12.91% AP=+221.5% (solana-all-time-high-by-june-30-2026), below 14%
2026-03-25T08:19:29.978Z OK: top annDP=12.91% AP=+221.2% (solana-all-time-high-by-june-30-2026), below 14%
2026-03-25T08:21:29.636Z OK: top annDP=12.91% AP=+220.9% (solana-all-time-high-by-june-30-2026), below 14%
2026-03-25T08:23:28.998Z OK: top annDP=12.91% AP=+220.8% (solana-all-time-high-by-june-30-2026), below 14%
2026-03-25T08:25:30.059Z OK: top annDP=12.91% AP=+221.2% (solana-all-time-high-by-june-30-2026), below 14%
2026-03-25T08:27:29.171Z OK: top annDP=12.91% AP=+221.5% (solana-all-time-high-by-june-30-2026), below 14%
2026-03-25T08:29:30.397Z OK: top annDP=12.91% AP=+221.5% (solana-all-time-high-by-june-30-2026), below 14%
2026-03-25T08:31:28.281Z OK: top annDP=12.91% AP=+220.9% (solana-all-time-high-by-june-30-2026), below 14%
2026-03-25T08:33:29.689Z OK: top annDP=12.91% AP=+220.2% (solana-all-time-high-by-june-30-2026), below 14%
2026-03-25T08:35:30.019Z OK: top annDP=12.91% AP=+219.1% (solana-all-time-high-by-june-30-2026), below 14%
2026-03-25T08:37:28.680Z OK: top annDP=12.91% AP=+219.4% (solana-all-time-high-by-june-30-2026), below 14%
2026-03-25T08:39:29.493Z OK: top annDP=12.91% AP=+220.4% (solana-all-time-high-by-june-30-2026), below 14%
2026-03-25T08:41:29.468Z OK: top annDP=12.91% AP=+220.0% (solana-all-time-high-by-june-30-2026), below 14%
2026-03-25T08:43:29.633Z OK: top annDP=12.74% AP=+219.7% (solana-all-time-high-by-june-30-2026), below 14%
2026-03-25T08:45:29.578Z OK: top annDP=12.91% AP=+219.4% (solana-all-time-high-by-june-30-2026), below 14%
2026-03-25T08:47:29.758Z OK: top annDP=12.91% AP=+219.4% (solana-all-time-high-by-june-30-2026), below 14%
2026-03-25T08:49:30.023Z OK: top annDP=12.91% AP=+219.4% (solana-all-time-high-by-june-30-2026), below 14%
2026-03-25T08:51:29.817Z OK: top annDP=12.91% AP=+219.9% (solana-all-time-high-by-june-30-2026), below 14%
2026-03-25T08:53:29.810Z OK: top annDP=12.91% AP=+219.9% (solana-all-time-high-by-june-30-2026), below 14%
2026-03-25T08:55:29.458Z OK: top annDP=12.91% AP=+220.1% (solana-all-time-high-by-june-30-2026), below 14%
2026-03-25T08:57:30.015Z OK: top annDP=12.91% AP=+220.0% (solana-all-time-high-by-june-30-2026), below 14%
2026-03-25T08:59:29.995Z OK: top annDP=12.91% AP=+220.3% (solana-all-time-high-by-june-30-2026), below 14%
2026-03-25T09:01:30.488Z OK: top annDP=13.27% AP=+220.1% (solana-all-time-high-by-june-30-2026), below 14%
2026-03-25T09:03:30.174Z OK: top annDP=13.27% AP=+220.3% (solana-all-time-high-by-june-30-2026), below 14%
2026-03-25T09:05:29.648Z OK: top annDP=13.27% AP=+220.1% (solana-all-time-high-by-june-30-2026), below 14%
2026-03-25T09:07:29.462Z OK: top annDP=13.27% AP=+220.2% (solana-all-time-high-by-june-30-2026), below 14%
2026-03-25T09:09:29.656Z OK: top annDP=13.27% AP=+220.1% (solana-all-time-high-by-june-30-2026), below 14%
2026-03-25T09:11:29.285Z OK: top annDP=13.27% AP=+219.9% (solana-all-time-high-by-june-30-2026), below 14%
2026-03-25T09:13:29.494Z OK: top annDP=13.27% AP=+219.7% (solana-all-time-high-by-june-30-2026), below 14%
2026-03-25T09:15:28.161Z OK: top annDP=13.27% AP=+219.7% (solana-all-time-high-by-june-30-2026), below 14%
2026-03-25T09:17:29.223Z OK: top annDP=13.27% AP=+219.6% (solana-all-time-high-by-june-30-2026), below 14%
2026-03-25T09:19:29.715Z OK: top annDP=13.27% AP=+219.7% (solana-all-time-high-by-june-30-2026), below 14%
2026-03-25T09:21:29.822Z OK: top annDP=13.27% AP=+219.5% (solana-all-time-high-by-june-30-2026), below 14%
2026-03-25T09:23:29.587Z OK: top annDP=13.27% AP=+219.5% (solana-all-time-high-by-june-30-2026), below 14%
2026-03-25T09:25:30.133Z OK: top annDP=13.27% AP=+220.2% (solana-all-time-high-by-june-30-2026), below 14%
2026-03-25T09:27:28.846Z OK: top annDP=13.27% AP=+220.0% (solana-all-time-high-by-june-30-2026), below 14%
2026-03-25T09:29:28.870Z OK: top annDP=13.28% AP=+219.9% (solana-all-time-high-by-june-30-2026), below 14%
2026-03-25T09:31:30.070Z OK: top annDP=13.28% AP=+220.0% (solana-all-time-high-by-june-30-2026), below 14%
2026-03-25T09:33:29.379Z OK: top annDP=13.28% AP=+220.1% (solana-all-time-high-by-june-30-2026), below 14%
2026-03-25T09:35:30.029Z OK: top annDP=13.28% AP=+220.0% (solana-all-time-high-by-june-30-2026), below 14%
2026-03-25T09:37:28.520Z OK: top annDP=13.28% AP=+220.0% (solana-all-time-high-by-june-30-2026), below 14%
2026-03-25T09:39:29.898Z OK: top annDP=13.28% AP=+219.9% (solana-all-time-high-by-june-30-2026), below 14%
2026-03-25T09:41:29.297Z OK: top annDP=13.28% AP=+219.7% (solana-all-time-high-by-june-30-2026), below 14%
2026-03-25T09:43:29.487Z OK: top annDP=13.28% AP=+220.1% (solana-all-time-high-by-june-30-2026), below 14%
2026-03-25T09:45:29.220Z OK: top annDP=13.28% AP=+220.2% (solana-all-time-high-by-june-30-2026), below 14%
2026-03-25T09:47:29.263Z OK: top annDP=13.28% AP=+220.5% (solana-all-time-high-by-june-30-2026), below 14%
2026-03-25T09:49:30.372Z OK: top annDP=13.28% AP=+220.8% (solana-all-time-high-by-june-30-2026), below 14%
2026-03-25T09:51:30.338Z OK: top annDP=13.28% AP=+220.5% (solana-all-time-high-by-june-30-2026), below 14%
2026-03-25T09:53:30.495Z OK: top annDP=13.28% AP=+220.5% (solana-all-time-high-by-june-30-2026), below 14%
2026-03-25T09:55:30.463Z OK: top annDP=13.28% AP=+220.1% (solana-all-time-high-by-june-30-2026), below 14%
2026-03-25T09:57:29.439Z OK: top annDP=13.28% AP=+220.0% (solana-all-time-high-by-june-30-2026), below 14%
2026-03-25T09:59:29.151Z OK: top annDP=13.28% AP=+219.5% (solana-all-time-high-by-june-30-2026), below 14%
2026-03-25T10:01:29.394Z OK: top annDP=13.28% AP=+219.4% (solana-all-time-high-by-june-30-2026), below 14%
2026-03-25T10:03:30.675Z OK: top annDP=13.28% AP=+219.6% (solana-all-time-high-by-june-30-2026), below 14%
2026-03-25T10:05:30.134Z OK: top annDP=13.28% AP=+219.9% (solana-all-time-high-by-june-30-2026), below 14%
2026-03-25T10:07:29.732Z OK: top annDP=13.28% AP=+219.9% (solana-all-time-high-by-june-30-2026), below 14%
2026-03-25T10:09:30.560Z OK: top annDP=13.28% AP=+219.8% (solana-all-time-high-by-june-30-2026), below 14%
2026-03-25T10:11:29.941Z OK: top annDP=13.28% AP=+219.7% (solana-all-time-high-by-june-30-2026), below 14%
2026-03-25T10:13:29.487Z OK: top annDP=13.28% AP=+219.8% (solana-all-time-high-by-june-30-2026), below 14%
2026-03-25T10:15:28.510Z OK: top annDP=13.28% AP=+219.7% (solana-all-time-high-by-june-30-2026), below 14%
2026-03-25T10:17:30.192Z OK: top annDP=12.92% AP=+219.8% (solana-all-time-high-by-june-30-2026), below 14%
2026-03-25T10:19:30.319Z OK: top annDP=13.28% AP=+219.8% (solana-all-time-high-by-june-30-2026), below 14%
2026-03-25T10:21:29.532Z OK: top annDP=13.28% AP=+219.6% (solana-all-time-high-by-june-30-2026), below 14%
2026-03-25T10:23:29.809Z OK: top annDP=13.28% AP=+219.6% (solana-all-time-high-by-june-30-2026), below 14%
2026-03-25T10:25:29.575Z OK: top annDP=13.28% AP=+219.8% (solana-all-time-high-by-june-30-2026), below 14%
2026-03-25T10:27:29.464Z OK: top annDP=13.28% AP=+219.6% (solana-all-time-high-by-june-30-2026), below 14%
2026-03-25T10:29:30.564Z OK: top annDP=13.28% AP=+219.5% (solana-all-time-high-by-june-30-2026), below 14%
2026-03-25T10:31:29.878Z OK: top annDP=13.28% AP=+219.5% (solana-all-time-high-by-june-30-2026), below 14%
2026-03-25T10:33:30.503Z OK: top annDP=13.28% AP=+219.6% (solana-all-time-high-by-june-30-2026), below 14%
2026-03-25T10:35:29.217Z OK: top annDP=13.28% AP=+219.9% (solana-all-time-high-by-june-30-2026), below 14%
2026-03-25T10:37:30.730Z OK: top annDP=13.28% AP=+219.9% (solana-all-time-high-by-june-30-2026), below 14%
2026-03-25T10:39:29.557Z OK: top annDP=13.28% AP=+219.9% (solana-all-time-high-by-june-30-2026), below 14%
2026-03-25T10:41:30.133Z OK: top annDP=13.28% AP=+219.9% (solana-all-time-high-by-june-30-2026), below 14%
2026-03-25T10:43:30.511Z OK: top annDP=13.28% AP=+220.0% (solana-all-time-high-by-june-30-2026), below 14%
2026-03-25T10:45:30.601Z OK: top annDP=13.28% AP=+220.1% (solana-all-time-high-by-june-30-2026), below 14%
2026-03-25T10:47:29.505Z OK: top annDP=13.28% AP=+219.8% (solana-all-time-high-by-june-30-2026), below 14%
2026-03-25T10:49:30.729Z OK: top annDP=13.28% AP=+219.8% (solana-all-time-high-by-june-30-2026), below 14%
2026-03-25T10:51:30.297Z OK: top annDP=13.28% AP=+219.5% (solana-all-time-high-by-june-30-2026), below 14%
2026-03-25T10:53:30.310Z OK: top annDP=13.28% AP=+219.3% (solana-all-time-high-by-june-30-2026), below 14%
2026-03-25T10:55:30.202Z OK: top annDP=13.28% AP=+219.5% (solana-all-time-high-by-june-30-2026), below 14%
2026-03-25T10:57:30.926Z OK: top annDP=13.28% AP=+219.3% (solana-all-time-high-by-june-30-2026), below 14%
2026-03-25T10:59:29.657Z OK: top annDP=13.28% AP=+219.6% (solana-all-time-high-by-june-30-2026), below 14%
2026-03-25T11:01:30.120Z OK: top annDP=13.28% AP=+219.3% (solana-all-time-high-by-june-30-2026), below 14%
2026-03-25T11:03:30.243Z OK: top annDP=13.28% AP=+219.1% (solana-all-time-high-by-june-30-2026), below 14%
2026-03-25T11:05:30.574Z OK: top annDP=13.28% AP=+219.5% (solana-all-time-high-by-june-30-2026), below 14%
2026-03-25T11:07:28.756Z OK: top annDP=13.28% AP=+219.4% (solana-all-time-high-by-june-30-2026), below 14%
2026-03-25T11:09:29.547Z OK: top annDP=13.28% AP=+219.6% (solana-all-time-high-by-june-30-2026), below 14%
2026-03-25T11:11:30.714Z OK: top annDP=13.28% AP=+219.7% (solana-all-time-high-by-june-30-2026), below 14%
2026-03-25T11:13:29.789Z OK: top annDP=13.28% AP=+219.6% (solana-all-time-high-by-june-30-2026), below 14%
2026-03-25T11:15:30.452Z OK: top annDP=13.28% AP=+219.2% (solana-all-time-high-by-june-30-2026), below 14%
2026-03-25T11:17:29.728Z OK: top annDP=13.28% AP=+219.0% (solana-all-time-high-by-june-30-2026), below 14%
2026-03-25T11:19:29.177Z OK: top annDP=13.29% AP=+219.1% (solana-all-time-high-by-june-30-2026), below 14%
2026-03-25T11:21:30.904Z OK: top annDP=13.29% AP=+219.1% (solana-all-time-high-by-june-30-2026), below 14%
2026-03-25T11:23:29.402Z OK: top annDP=13.29% AP=+218.9% (solana-all-time-high-by-june-30-2026), below 14%
2026-03-25T11:25:29.331Z OK: top annDP=13.29% AP=+218.8% (solana-all-time-high-by-june-30-2026), below 14%
2026-03-25T11:27:29.210Z OK: top annDP=13.29% AP=+218.9% (solana-all-time-high-by-june-30-2026), below 14%
2026-03-25T11:29:29.505Z OK: top annDP=13.29% AP=+218.0% (solana-all-time-high-by-june-30-2026), below 14%
2026-03-25T11:31:29.729Z OK: top annDP=13.29% AP=+217.8% (solana-all-time-high-by-june-30-2026), below 14%
2026-03-25T11:33:29.378Z OK: top annDP=12.92% AP=+216.7% (solana-all-time-high-by-june-30-2026), below 14%
2026-03-25T11:35:30.523Z OK: top annDP=12.92% AP=+217.0% (solana-all-time-high-by-june-30-2026), below 14%
2026-03-25T11:37:28.531Z OK: top annDP=12.92% AP=+217.0% (solana-all-time-high-by-june-30-2026), below 14%
2026-03-25T11:39:29.364Z OK: top annDP=12.92% AP=+217.6% (solana-all-time-high-by-june-30-2026), below 14%
2026-03-25T11:41:29.508Z OK: top annDP=12.92% AP=+217.3% (solana-all-time-high-by-june-30-2026), below 14%
2026-03-25T11:43:29.073Z OK: top annDP=13.29% AP=+218.0% (solana-all-time-high-by-june-30-2026), below 14%
2026-03-25T11:45:37.374Z ERROR: page.click: Timeout 30000ms exceeded.
Call log:
  - waiting for locator('#refresh-button')

2026-03-25T11:47:29.690Z OK: top annDP=13.29% AP=+217.8% (solana-all-time-high-by-june-30-2026), below 14%
2026-03-25T11:49:29.256Z OK: top annDP=13.29% AP=+218.4% (solana-all-time-high-by-june-30-2026), below 14%
2026-03-25T11:51:29.231Z OK: top annDP=13.29% AP=+218.8% (solana-all-time-high-by-june-30-2026), below 14%
2026-03-25T11:53:29.577Z OK: top annDP=13.29% AP=+218.6% (solana-all-time-high-by-june-30-2026), below 14%
2026-03-25T11:55:29.772Z OK: top annDP=13.29% AP=+218.4% (solana-all-time-high-by-june-30-2026), below 14%
2026-03-25T11:57:29.453Z OK: top annDP=13.29% AP=+218.3% (solana-all-time-high-by-june-30-2026), below 14%
2026-03-25T11:59:29.850Z OK: top annDP=13.29% AP=+218.5% (solana-all-time-high-by-june-30-2026), below 14%
2026-03-25T12:01:29.942Z OK: top annDP=13.29% AP=+218.0% (solana-all-time-high-by-june-30-2026), below 14%
2026-03-25T12:03:29.153Z OK: top annDP=12.92% AP=+218.0% (solana-all-time-high-by-june-30-2026), below 14%
2026-03-25T12:05:29.984Z OK: top annDP=12.93% AP=+218.0% (solana-all-time-high-by-june-30-2026), below 14%
2026-03-25T12:07:28.561Z OK: top annDP=12.93% AP=+217.8% (solana-all-time-high-by-june-30-2026), below 14%
2026-03-25T12:09:29.935Z OK: top annDP=11.75% AP=+155.6% (xrp-all-time-high-by-june-30-2026), below 14%
2026-03-25T12:11:29.751Z OK: top annDP=11.76% AP=+156.4% (xrp-all-time-high-by-june-30-2026), below 14%
2026-03-25T12:13:30.150Z OK: top annDP=11.76% AP=+156.3% (xrp-all-time-high-by-june-30-2026), below 14%
2026-03-25T12:15:30.294Z OK: top annDP=11.45% AP=+156.6% (xrp-all-time-high-by-june-30-2026), below 14%
2026-03-25T12:17:29.004Z OK: top annDP=11.46% AP=+156.8% (xrp-all-time-high-by-june-30-2026), below 14%
2026-03-25T12:19:29.583Z OK: top annDP=11.76% AP=+157.8% (xrp-all-time-high-by-june-30-2026), below 14%
2026-03-25T12:21:29.964Z OK: top annDP=11.76% AP=+157.9% (xrp-all-time-high-by-june-30-2026), below 14%
2026-03-25T12:23:29.502Z OK: top annDP=11.76% AP=+158.1% (xrp-all-time-high-by-june-30-2026), below 14%
2026-03-25T12:25:30.370Z OK: top annDP=11.46% AP=+158.4% (xrp-all-time-high-by-june-30-2026), below 14%
2026-03-25T12:27:28.580Z OK: top annDP=11.46% AP=+158.1% (xrp-all-time-high-by-june-30-2026), below 14%
2026-03-25T12:29:29.491Z OK: top annDP=11.46% AP=+158.2% (xrp-all-time-high-by-june-30-2026), below 14%
2026-03-25T12:31:29.637Z OK: top annDP=11.46% AP=+158.4% (xrp-all-time-high-by-june-30-2026), below 14%
2026-03-25T12:33:30.331Z OK: top annDP=11.76% AP=+158.3% (xrp-all-time-high-by-june-30-2026), below 14%
2026-03-25T12:35:29.805Z OK: top annDP=11.46% AP=+158.1% (xrp-all-time-high-by-june-30-2026), below 14%
2026-03-25T12:37:30.319Z OK: top annDP=11.76% AP=+158.1% (xrp-all-time-high-by-june-30-2026), below 14%
2026-03-25T12:39:30.121Z OK: top annDP=11.46% AP=+157.9% (xrp-all-time-high-by-june-30-2026), below 14%
2026-03-25T12:41:29.797Z OK: top annDP=11.76% AP=+158.0% (xrp-all-time-high-by-june-30-2026), below 14%
2026-03-25T12:43:29.757Z OK: top annDP=11.46% AP=+157.8% (xrp-all-time-high-by-june-30-2026), below 14%
2026-03-25T12:45:29.432Z OK: top annDP=11.46% AP=+158.1% (xrp-all-time-high-by-june-30-2026), below 14%
2026-03-25T12:47:30.035Z OK: top annDP=11.46% AP=+158.2% (xrp-all-time-high-by-june-30-2026), below 14%
2026-03-25T12:49:29.742Z OK: top annDP=11.76% AP=+158.2% (xrp-all-time-high-by-june-30-2026), below 14%
2026-03-25T12:51:30.321Z OK: top annDP=11.76% AP=+158.3% (xrp-all-time-high-by-june-30-2026), below 14%
2026-03-25T12:53:29.637Z OK: top annDP=11.46% AP=+158.5% (xrp-all-time-high-by-june-30-2026), below 14%
2026-03-25T12:55:30.044Z OK: top annDP=11.46% AP=+158.1% (xrp-all-time-high-by-june-30-2026), below 14%
2026-03-25T12:57:30.309Z OK: top annDP=11.46% AP=+157.0% (xrp-all-time-high-by-june-30-2026), below 14%
2026-03-25T12:59:29.788Z OK: top annDP=11.46% AP=+157.4% (xrp-all-time-high-by-june-30-2026), below 14%
2026-03-25T13:01:29.116Z OK: top annDP=11.46% AP=+157.4% (xrp-all-time-high-by-june-30-2026), below 14%
2026-03-25T13:03:30.208Z OK: top annDP=11.46% AP=+157.1% (xrp-all-time-high-by-june-30-2026), below 14%
2026-03-25T13:05:29.605Z OK: top annDP=11.46% AP=+157.0% (xrp-all-time-high-by-june-30-2026), below 14%
2026-03-25T13:07:29.050Z OK: top annDP=11.46% AP=+156.9% (xrp-all-time-high-by-june-30-2026), below 14%
2026-03-25T13:09:30.016Z OK: top annDP=11.46% AP=+157.1% (xrp-all-time-high-by-june-30-2026), below 14%
2026-03-25T13:11:29.507Z OK: top annDP=11.46% AP=+157.1% (xrp-all-time-high-by-june-30-2026), below 14%
2026-03-25T13:13:29.684Z OK: top annDP=11.16% AP=+157.0% (xrp-all-time-high-by-june-30-2026), below 14%
2026-03-25T13:15:29.606Z OK: top annDP=11.16% AP=+156.9% (xrp-all-time-high-by-june-30-2026), below 14%
2026-03-25T13:17:29.779Z OK: top annDP=11.16% AP=+157.2% (xrp-all-time-high-by-june-30-2026), below 14%
2026-03-25T13:19:28.803Z OK: top annDP=11.16% AP=+157.1% (xrp-all-time-high-by-june-30-2026), below 14%
2026-03-25T13:21:29.348Z OK: top annDP=11.16% AP=+156.7% (xrp-all-time-high-by-june-30-2026), below 14%
2026-03-25T13:23:29.115Z OK: top annDP=11.16% AP=+156.7% (xrp-all-time-high-by-june-30-2026), below 14%
2026-03-25T13:25:29.773Z OK: top annDP=11.16% AP=+157.2% (xrp-all-time-high-by-june-30-2026), below 14%
2026-03-25T13:27:29.718Z OK: top annDP=11.16% AP=+157.2% (xrp-all-time-high-by-june-30-2026), below 14%
2026-03-25T13:29:30.950Z OK: top annDP=11.16% AP=+157.2% (xrp-all-time-high-by-june-30-2026), below 14%
2026-03-25T13:31:29.640Z OK: top annDP=11.16% AP=+157.2% (xrp-all-time-high-by-june-30-2026), below 14%
2026-03-25T13:33:30.855Z OK: top annDP=11.16% AP=+156.7% (xrp-all-time-high-by-june-30-2026), below 14%
2026-03-25T13:35:28.802Z OK: top annDP=11.16% AP=+156.6% (xrp-all-time-high-by-june-30-2026), below 14%
2026-03-25T13:37:30.726Z OK: top annDP=10.56% AP=+156.7% (xrp-all-time-high-by-june-30-2026), below 14%
2026-03-25T13:39:30.106Z OK: top annDP=10.56% AP=+156.1% (xrp-all-time-high-by-june-30-2026), below 14%
2026-03-25T13:41:30.286Z OK: top annDP=10.86% AP=+156.4% (xrp-all-time-high-by-june-30-2026), below 14%
2026-03-25T13:43:29.566Z OK: top annDP=10.86% AP=+156.6% (xrp-all-time-high-by-june-30-2026), below 14%
2026-03-25T13:45:30.143Z OK: top annDP=10.86% AP=+157.0% (xrp-all-time-high-by-june-30-2026), below 14%
2026-03-25T13:47:29.241Z OK: top annDP=10.86% AP=+157.1% (xrp-all-time-high-by-june-30-2026), below 14%
2026-03-25T13:49:30.611Z OK: top annDP=10.86% AP=+157.2% (xrp-all-time-high-by-june-30-2026), below 14%
2026-03-25T13:51:28.596Z OK: top annDP=10.86% AP=+157.2% (xrp-all-time-high-by-june-30-2026), below 14%
2026-03-25T13:53:30.388Z OK: top annDP=10.86% AP=+157.6% (xrp-all-time-high-by-june-30-2026), below 14%
2026-03-25T13:55:30.000Z OK: top annDP=10.86% AP=+157.7% (xrp-all-time-high-by-june-30-2026), below 14%
2026-03-25T13:57:30.010Z OK: top annDP=10.86% AP=+157.5% (xrp-all-time-high-by-june-30-2026), below 14%
2026-03-25T13:59:30.776Z OK: top annDP=10.86% AP=+157.5% (xrp-all-time-high-by-june-30-2026), below 14%
2026-03-25T14:01:30.416Z OK: top annDP=10.86% AP=+157.8% (xrp-all-time-high-by-june-30-2026), below 14%
2026-03-25T14:03:30.681Z OK: top annDP=10.86% AP=+157.5% (xrp-all-time-high-by-june-30-2026), below 14%
2026-03-25T14:05:30.380Z OK: top annDP=10.86% AP=+157.9% (xrp-all-time-high-by-june-30-2026), below 14%
2026-03-25T14:07:30.735Z OK: top annDP=10.86% AP=+158.0% (xrp-all-time-high-by-june-30-2026), below 14%
2026-03-25T14:09:29.285Z OK: top annDP=10.86% AP=+157.9% (xrp-all-time-high-by-june-30-2026), below 14%
2026-03-25T14:11:29.580Z OK: top annDP=10.86% AP=+157.9% (xrp-all-time-high-by-june-30-2026), below 14%
2026-03-25T14:13:29.830Z OK: top annDP=10.86% AP=+158.3% (xrp-all-time-high-by-june-30-2026), below 14%
2026-03-25T14:15:30.138Z OK: top annDP=10.86% AP=+158.3% (xrp-all-time-high-by-june-30-2026), below 14%
2026-03-25T14:17:29.828Z OK: top annDP=10.86% AP=+158.0% (xrp-all-time-high-by-june-30-2026), below 14%
2026-03-25T14:19:29.778Z OK: top annDP=10.86% AP=+157.5% (xrp-all-time-high-by-june-30-2026), below 14%
2026-03-25T14:21:28.961Z OK: top annDP=10.87% AP=+158.0% (xrp-all-time-high-by-june-30-2026), below 14%
2026-03-25T14:23:30.002Z OK: top annDP=10.86% AP=+157.7% (xrp-all-time-high-by-june-30-2026), below 14%
2026-03-25T14:25:29.879Z OK: top annDP=10.87% AP=+157.9% (xrp-all-time-high-by-june-30-2026), below 14%
2026-03-25T14:27:29.990Z OK: top annDP=10.87% AP=+157.8% (xrp-all-time-high-by-june-30-2026), below 14%
2026-03-25T14:29:29.452Z OK: top annDP=10.87% AP=+157.9% (xrp-all-time-high-by-june-30-2026), below 14%
2026-03-25T14:31:29.517Z OK: top annDP=10.87% AP=+158.0% (xrp-all-time-high-by-june-30-2026), below 14%
2026-03-25T14:33:29.075Z OK: top annDP=10.87% AP=+157.9% (xrp-all-time-high-by-june-30-2026), below 14%
2026-03-25T14:35:29.189Z OK: top annDP=10.87% AP=+157.9% (xrp-all-time-high-by-june-30-2026), below 14%
2026-03-25T14:37:30.195Z OK: top annDP=11.17% AP=+157.8% (xrp-all-time-high-by-june-30-2026), below 14%
2026-03-25T14:39:28.546Z OK: top annDP=11.17% AP=+158.1% (xrp-all-time-high-by-june-30-2026), below 14%
2026-03-25T14:41:29.841Z OK: top annDP=11.17% AP=+158.1% (xrp-all-time-high-by-june-30-2026), below 14%
2026-03-25T14:43:28.054Z OK: top annDP=11.17% AP=+158.2% (xrp-all-time-high-by-june-30-2026), below 14%
2026-03-25T14:45:29.104Z OK: top annDP=11.17% AP=+157.9% (xrp-all-time-high-by-june-30-2026), below 14%
2026-03-25T14:47:28.913Z OK: top annDP=12.16% AP=+221.1% (solana-all-time-high-by-june-30-2026), below 14%
2026-03-25T14:49:28.939Z OK: top annDP=12.16% AP=+220.9% (solana-all-time-high-by-june-30-2026), below 14%
2026-03-25T14:51:29.716Z OK: top annDP=12.16% AP=+220.8% (solana-all-time-high-by-june-30-2026), below 14%
2026-03-25T14:53:30.146Z OK: top annDP=12.16% AP=+220.5% (solana-all-time-high-by-june-30-2026), below 14%
2026-03-25T14:55:29.842Z OK: top annDP=12.16% AP=+220.7% (solana-all-time-high-by-june-30-2026), below 14%
2026-03-25T14:57:29.069Z OK: top annDP=12.16% AP=+221.1% (solana-all-time-high-by-june-30-2026), below 14%
2026-03-25T14:59:28.885Z OK: top annDP=12.16% AP=+221.3% (solana-all-time-high-by-june-30-2026), below 14%
2026-03-25T15:01:29.593Z OK: top annDP=12.16% AP=+221.5% (solana-all-time-high-by-june-30-2026), below 14%
2026-03-25T15:03:29.374Z OK: top annDP=12.16% AP=+221.4% (solana-all-time-high-by-june-30-2026), below 14%
2026-03-25T15:05:28.835Z OK: top annDP=12.16% AP=+221.5% (solana-all-time-high-by-june-30-2026), below 14%
2026-03-25T15:07:28.544Z OK: top annDP=12.16% AP=+221.9% (solana-all-time-high-by-june-30-2026), below 14%
2026-03-25T15:09:30.322Z OK: top annDP=12.16% AP=+222.7% (solana-all-time-high-by-june-30-2026), below 14%
2026-03-25T15:11:29.335Z OK: top annDP=12.16% AP=+222.8% (solana-all-time-high-by-june-30-2026), below 14%
2026-03-25T15:13:29.249Z OK: top annDP=12.16% AP=+223.0% (solana-all-time-high-by-june-30-2026), below 14%
2026-03-25T15:15:29.076Z OK: top annDP=12.16% AP=+223.2% (solana-all-time-high-by-june-30-2026), below 14%
2026-03-25T15:17:37.205Z ERROR: page.click: Timeout 30000ms exceeded.
Call log:
  - waiting for locator('#refresh-button')

2026-03-25T15:19:29.618Z OK: top annDP=11.75% AP=+224.7% (solana-all-time-high-by-june-30-2026), below 14%
2026-03-25T15:21:29.611Z OK: top annDP=11.75% AP=+223.9% (solana-all-time-high-by-june-30-2026), below 14%
2026-03-25T15:23:28.988Z OK: top annDP=12.16% AP=+223.5% (solana-all-time-high-by-june-30-2026), below 14%
2026-03-25T15:25:29.036Z OK: top annDP=12.16% AP=+223.0% (solana-all-time-high-by-june-30-2026), below 14%
2026-03-25T15:27:30.081Z OK: top annDP=12.16% AP=+223.2% (solana-all-time-high-by-june-30-2026), below 14%
2026-03-25T15:29:28.424Z OK: top annDP=12.16% AP=+222.9% (solana-all-time-high-by-june-30-2026), below 14%
2026-03-25T15:31:29.038Z OK: top annDP=12.16% AP=+222.5% (solana-all-time-high-by-june-30-2026), below 14%
2026-03-25T15:33:30.102Z OK: top annDP=12.16% AP=+222.4% (solana-all-time-high-by-june-30-2026), below 14%
2026-03-25T15:35:29.208Z OK: top annDP=12.16% AP=+222.3% (solana-all-time-high-by-june-30-2026), below 14%
2026-03-25T15:37:29.188Z OK: top annDP=12.16% AP=+222.6% (solana-all-time-high-by-june-30-2026), below 14%
2026-03-25T15:39:30.052Z OK: top annDP=12.17% AP=+223.1% (solana-all-time-high-by-june-30-2026), below 14%
2026-03-25T15:41:29.366Z OK: top annDP=12.17% AP=+222.7% (solana-all-time-high-by-june-30-2026), below 14%
2026-03-25T15:43:29.506Z OK: top annDP=12.17% AP=+223.1% (solana-all-time-high-by-june-30-2026), below 14%
2026-03-25T15:45:29.472Z OK: top annDP=12.17% AP=+222.7% (solana-all-time-high-by-june-30-2026), below 14%
2026-03-25T15:47:28.730Z OK: top annDP=12.17% AP=+222.7% (solana-all-time-high-by-june-30-2026), below 14%
2026-03-25T15:49:29.193Z OK: top annDP=12.17% AP=+223.0% (solana-all-time-high-by-june-30-2026), below 14%
2026-03-25T15:51:29.843Z OK: top annDP=12.17% AP=+222.6% (solana-all-time-high-by-june-30-2026), below 14%
2026-03-25T15:53:29.422Z OK: top annDP=12.17% AP=+222.0% (solana-all-time-high-by-june-30-2026), below 14%
2026-03-25T15:55:29.475Z OK: top annDP=12.17% AP=+222.2% (solana-all-time-high-by-june-30-2026), below 14%
2026-03-25T15:57:29.174Z OK: top annDP=12.17% AP=+221.9% (solana-all-time-high-by-june-30-2026), below 14%
2026-03-25T15:59:28.488Z OK: top annDP=12.17% AP=+222.1% (solana-all-time-high-by-june-30-2026), below 14%
2026-03-25T16:01:29.366Z OK: top annDP=12.17% AP=+222.3% (solana-all-time-high-by-june-30-2026), below 14%
2026-03-25T16:03:29.112Z OK: top annDP=12.17% AP=+222.4% (solana-all-time-high-by-june-30-2026), below 14%
2026-03-25T16:05:29.306Z OK: top annDP=12.17% AP=+222.1% (solana-all-time-high-by-june-30-2026), below 14%
2026-03-25T16:07:30.169Z OK: top annDP=12.17% AP=+222.7% (solana-all-time-high-by-june-30-2026), below 14%
2026-03-25T16:09:29.032Z OK: top annDP=12.17% AP=+222.2% (solana-all-time-high-by-june-30-2026), below 14%
2026-03-25T16:11:29.320Z OK: top annDP=12.17% AP=+222.1% (solana-all-time-high-by-june-30-2026), below 14%
2026-03-25T16:13:29.019Z OK: top annDP=12.17% AP=+222.4% (solana-all-time-high-by-june-30-2026), below 14%
2026-03-25T16:15:29.382Z OK: top annDP=12.17% AP=+222.5% (solana-all-time-high-by-june-30-2026), below 14%
2026-03-25T16:17:29.826Z OK: top annDP=12.17% AP=+222.4% (solana-all-time-high-by-june-30-2026), below 14%
2026-03-25T16:19:30.040Z OK: top annDP=12.17% AP=+222.6% (solana-all-time-high-by-june-30-2026), below 14%
2026-03-25T16:21:37.256Z ERROR: page.click: Timeout 30000ms exceeded.
Call log:
  - waiting for locator('#refresh-button')

2026-03-25T16:23:37.663Z ERROR: page.click: Timeout 30000ms exceeded.
Call log:
  - waiting for locator('#refresh-button')

2026-03-25T16:25:29.617Z OK: top annDP=12.17% AP=+221.8% (solana-all-time-high-by-june-30-2026), below 14%
2026-03-25T16:27:29.004Z OK: top annDP=11.75% AP=+221.1% (solana-all-time-high-by-june-30-2026), below 14%
2026-03-25T16:29:29.692Z OK: top annDP=12.17% AP=+219.6% (solana-all-time-high-by-june-30-2026), below 14%
2026-03-25T16:31:29.179Z OK: top annDP=12.17% AP=+220.1% (solana-all-time-high-by-june-30-2026), below 14%
2026-03-25T16:33:29.820Z OK: top annDP=12.17% AP=+220.1% (solana-all-time-high-by-june-30-2026), below 14%
2026-03-25T16:35:29.919Z OK: top annDP=12.17% AP=+219.9% (solana-all-time-high-by-june-30-2026), below 14%
2026-03-25T16:37:29.131Z OK: top annDP=12.17% AP=+220.3% (solana-all-time-high-by-june-30-2026), below 14%
2026-03-25T16:39:29.427Z OK: top annDP=12.17% AP=+220.3% (solana-all-time-high-by-june-30-2026), below 14%
2026-03-25T16:41:29.150Z OK: top annDP=12.17% AP=+219.4% (solana-all-time-high-by-june-30-2026), below 14%
2026-03-25T16:43:29.281Z OK: top annDP=12.17% AP=+219.7% (solana-all-time-high-by-june-30-2026), below 14%
2026-03-25T16:45:28.744Z OK: top annDP=12.17% AP=+219.7% (solana-all-time-high-by-june-30-2026), below 14%
2026-03-25T16:47:29.358Z OK: top annDP=12.17% AP=+220.2% (solana-all-time-high-by-june-30-2026), below 14%
2026-03-25T16:49:29.333Z OK: top annDP=12.17% AP=+220.6% (solana-all-time-high-by-june-30-2026), below 14%
2026-03-25T16:51:28.648Z OK: top annDP=12.17% AP=+220.5% (solana-all-time-high-by-june-30-2026), below 14%
2026-03-25T16:53:29.371Z OK: top annDP=12.12% AP=+220.7% (solana-all-time-high-by-june-30-2026), below 14%
2026-03-25T16:55:28.789Z OK: top annDP=12.12% AP=+220.4% (solana-all-time-high-by-june-30-2026), below 14%
2026-03-25T16:57:29.851Z OK: top annDP=12.12% AP=+220.2% (solana-all-time-high-by-june-30-2026), below 14%
2026-03-25T16:59:30.611Z OK: top annDP=12.17% AP=+220.5% (solana-all-time-high-by-june-30-2026), below 14%
2026-03-25T17:01:29.185Z OK: top annDP=12.17% AP=+220.8% (solana-all-time-high-by-june-30-2026), below 14%
2026-03-25T17:03:29.884Z OK: top annDP=12.17% AP=+220.9% (solana-all-time-high-by-june-30-2026), below 14%
2026-03-25T17:05:30.295Z OK: top annDP=12.17% AP=+220.8% (solana-all-time-high-by-june-30-2026), below 14%
2026-03-25T17:07:28.657Z OK: top annDP=12.17% AP=+221.0% (solana-all-time-high-by-june-30-2026), below 14%
2026-03-25T17:09:29.538Z OK: top annDP=12.17% AP=+221.0% (solana-all-time-high-by-june-30-2026), below 14%
2026-03-25T17:11:29.284Z OK: top annDP=12.17% AP=+221.2% (solana-all-time-high-by-june-30-2026), below 14%
2026-03-25T17:13:29.227Z OK: top annDP=12.17% AP=+221.2% (solana-all-time-high-by-june-30-2026), below 14%
2026-03-25T17:15:37.593Z ERROR: page.click: Timeout 30000ms exceeded.
Call log:
  - waiting for locator('#refresh-button')

2026-03-25T17:17:29.718Z OK: top annDP=12.17% AP=+221.5% (solana-all-time-high-by-june-30-2026), below 14%
2026-03-25T17:19:29.380Z OK: top annDP=12.17% AP=+221.5% (solana-all-time-high-by-june-30-2026), below 14%
2026-03-25T17:21:30.088Z OK: top annDP=12.17% AP=+221.5% (solana-all-time-high-by-june-30-2026), below 14%
2026-03-25T17:23:28.636Z OK: top annDP=12.17% AP=+221.1% (solana-all-time-high-by-june-30-2026), below 14%
2026-03-25T17:25:29.882Z OK: top annDP=12.17% AP=+221.2% (solana-all-time-high-by-june-30-2026), below 14%
2026-03-25T17:27:29.459Z OK: top annDP=12.17% AP=+220.9% (solana-all-time-high-by-june-30-2026), below 14%
2026-03-25T17:29:29.355Z OK: top annDP=12.17% AP=+220.6% (solana-all-time-high-by-june-30-2026), below 14%
2026-03-25T17:31:29.567Z OK: top annDP=12.17% AP=+221.4% (solana-all-time-high-by-june-30-2026), below 14%
2026-03-25T17:33:29.692Z OK: top annDP=12.17% AP=+221.5% (solana-all-time-high-by-june-30-2026), below 14%
2026-03-25T17:35:29.094Z OK: top annDP=12.17% AP=+221.4% (solana-all-time-high-by-june-30-2026), below 14%
2026-03-25T17:37:29.737Z OK: top annDP=12.17% AP=+221.4% (solana-all-time-high-by-june-30-2026), below 14%
2026-03-25T17:39:31.094Z OK: top annDP=12.18% AP=+222.2% (solana-all-time-high-by-june-30-2026), below 14%
2026-03-25T17:41:29.025Z OK: top annDP=12.18% AP=+221.7% (solana-all-time-high-by-june-30-2026), below 14%
2026-03-25T17:43:28.992Z OK: top annDP=12.18% AP=+221.8% (solana-all-time-high-by-june-30-2026), below 14%
2026-03-25T17:45:29.867Z OK: top annDP=12.18% AP=+221.7% (solana-all-time-high-by-june-30-2026), below 14%
2026-03-25T17:47:29.931Z OK: top annDP=12.18% AP=+221.6% (solana-all-time-high-by-june-30-2026), below 14%
2026-03-25T17:49:29.510Z OK: top annDP=12.18% AP=+221.8% (solana-all-time-high-by-june-30-2026), below 14%
2026-03-25T17:51:28.619Z OK: top annDP=12.18% AP=+222.2% (solana-all-time-high-by-june-30-2026), below 14%
2026-03-25T17:53:29.082Z OK: top annDP=12.18% AP=+222.2% (solana-all-time-high-by-june-30-2026), below 14%
2026-03-25T17:55:29.991Z OK: top annDP=12.18% AP=+222.7% (solana-all-time-high-by-june-30-2026), below 14%
2026-03-25T17:57:28.957Z OK: top annDP=12.18% AP=+222.9% (solana-all-time-high-by-june-30-2026), below 14%
2026-03-25T17:59:29.199Z OK: top annDP=12.18% AP=+222.6% (solana-all-time-high-by-june-30-2026), below 14%
2026-03-25T18:01:29.478Z OK: top annDP=11.76% AP=+222.7% (solana-all-time-high-by-june-30-2026), below 14%
2026-03-25T18:03:28.891Z OK: top annDP=11.76% AP=+222.3% (solana-all-time-high-by-june-30-2026), below 14%
2026-03-25T18:05:30.002Z OK: top annDP=11.76% AP=+222.3% (solana-all-time-high-by-june-30-2026), below 14%
2026-03-25T18:07:29.134Z OK: top annDP=11.76% AP=+221.7% (solana-all-time-high-by-june-30-2026), below 14%
2026-03-25T18:09:29.992Z OK: top annDP=11.76% AP=+222.2% (solana-all-time-high-by-june-30-2026), below 14%
2026-03-25T18:11:29.405Z OK: top annDP=11.76% AP=+222.1% (solana-all-time-high-by-june-30-2026), below 14%
2026-03-25T18:13:29.569Z OK: top annDP=11.76% AP=+222.0% (solana-all-time-high-by-june-30-2026), below 14%
2026-03-25T18:15:29.130Z OK: top annDP=11.76% AP=+222.0% (solana-all-time-high-by-june-30-2026), below 14%
2026-03-25T18:17:29.440Z OK: top annDP=12.18% AP=+221.5% (solana-all-time-high-by-june-30-2026), below 14%
2026-03-25T18:19:29.518Z OK: top annDP=12.18% AP=+221.3% (solana-all-time-high-by-june-30-2026), below 14%
2026-03-25T18:21:29.996Z OK: top annDP=12.18% AP=+221.1% (solana-all-time-high-by-june-30-2026), below 14%
2026-03-25T18:23:29.476Z OK: top annDP=12.18% AP=+221.1% (solana-all-time-high-by-june-30-2026), below 14%
2026-03-25T18:25:28.803Z OK: top annDP=12.18% AP=+221.1% (solana-all-time-high-by-june-30-2026), below 14%
2026-03-25T18:27:29.535Z OK: top annDP=12.18% AP=+221.2% (solana-all-time-high-by-june-30-2026), below 14%
2026-03-25T18:29:29.347Z OK: top annDP=12.18% AP=+221.3% (solana-all-time-high-by-june-30-2026), below 14%
2026-03-25T18:31:30.087Z OK: top annDP=12.18% AP=+221.4% (solana-all-time-high-by-june-30-2026), below 14%
2026-03-25T18:33:29.563Z OK: top annDP=12.18% AP=+221.4% (solana-all-time-high-by-june-30-2026), below 14%
2026-03-25T18:35:30.014Z OK: top annDP=12.18% AP=+221.6% (solana-all-time-high-by-june-30-2026), below 14%
2026-03-25T18:37:28.993Z OK: top annDP=12.18% AP=+221.5% (solana-all-time-high-by-june-30-2026), below 14%
2026-03-25T18:39:29.620Z OK: top annDP=12.18% AP=+221.6% (solana-all-time-high-by-june-30-2026), below 14%
2026-03-25T18:41:29.749Z OK: top annDP=11.76% AP=+222.0% (solana-all-time-high-by-june-30-2026), below 14%
2026-03-25T18:43:29.038Z OK: top annDP=11.76% AP=+222.3% (solana-all-time-high-by-june-30-2026), below 14%
2026-03-25T18:45:37.353Z ERROR: page.click: Timeout 30000ms exceeded.
Call log:
  - waiting for locator('#refresh-button')

2026-03-25T18:47:30.318Z OK: top annDP=11.76% AP=+222.3% (solana-all-time-high-by-june-30-2026), below 14%
2026-03-25T18:49:29.411Z OK: top annDP=11.76% AP=+222.4% (solana-all-time-high-by-june-30-2026), below 14%
2026-03-25T18:51:29.022Z OK: top annDP=11.76% AP=+222.3% (solana-all-time-high-by-june-30-2026), below 14%
2026-03-25T18:53:29.738Z OK: top annDP=11.76% AP=+222.3% (solana-all-time-high-by-june-30-2026), below 14%
2026-03-25T18:55:29.148Z OK: top annDP=11.77% AP=+222.2% (solana-all-time-high-by-june-30-2026), below 14%
2026-03-25T18:57:37.289Z ERROR: page.click: Timeout 30000ms exceeded.
Call log:
  - waiting for locator('#refresh-button')

2026-03-25T18:59:30.104Z OK: top annDP=11.77% AP=+222.8% (solana-all-time-high-by-june-30-2026), below 14%
2026-03-25T19:01:29.716Z OK: top annDP=11.77% AP=+222.7% (solana-all-time-high-by-june-30-2026), below 14%
2026-03-25T19:03:29.810Z OK: top annDP=11.77% AP=+222.6% (solana-all-time-high-by-june-30-2026), below 14%
2026-03-25T19:05:29.762Z OK: top annDP=11.77% AP=+222.6% (solana-all-time-high-by-june-30-2026), below 14%
2026-03-25T19:07:29.503Z OK: top annDP=11.77% AP=+222.0% (solana-all-time-high-by-june-30-2026), below 14%
2026-03-25T19:09:30.058Z OK: top annDP=11.77% AP=+222.0% (solana-all-time-high-by-june-30-2026), below 14%
2026-03-25T19:11:29.242Z OK: top annDP=11.77% AP=+222.5% (solana-all-time-high-by-june-30-2026), below 14%
2026-03-25T19:13:30.389Z OK: top annDP=11.77% AP=+222.6% (solana-all-time-high-by-june-30-2026), below 14%
2026-03-25T19:15:29.882Z OK: top annDP=11.77% AP=+222.2% (solana-all-time-high-by-june-30-2026), below 14%
2026-03-25T19:17:28.947Z OK: top annDP=11.77% AP=+222.1% (solana-all-time-high-by-june-30-2026), below 14%
2026-03-25T19:19:29.735Z OK: top annDP=11.77% AP=+222.1% (solana-all-time-high-by-june-30-2026), below 14%
2026-03-25T19:21:29.801Z OK: top annDP=11.77% AP=+222.0% (solana-all-time-high-by-june-30-2026), below 14%
2026-03-25T19:23:29.195Z OK: top annDP=11.77% AP=+222.0% (solana-all-time-high-by-june-30-2026), below 14%
2026-03-25T19:25:29.642Z OK: top annDP=11.77% AP=+222.1% (solana-all-time-high-by-june-30-2026), below 14%
2026-03-25T19:27:29.689Z OK: top annDP=11.77% AP=+222.1% (solana-all-time-high-by-june-30-2026), below 14%
2026-03-25T19:29:30.398Z OK: top annDP=11.77% AP=+222.5% (solana-all-time-high-by-june-30-2026), below 14%
2026-03-25T19:32:05.439Z OK: top annDP=11.77% AP=+222.4% (solana-all-time-high-by-june-30-2026), below 14%
2026-03-25T19:33:29.725Z OK: top annDP=11.77% AP=+222.7% (solana-all-time-high-by-june-30-2026), below 14%
2026-03-25T19:35:29.053Z OK: top annDP=11.77% AP=+222.3% (solana-all-time-high-by-june-30-2026), below 14%
2026-03-25T19:37:28.734Z OK: top annDP=11.77% AP=+222.5% (solana-all-time-high-by-june-30-2026), below 14%
2026-03-25T19:39:29.380Z OK: top annDP=11.77% AP=+222.5% (solana-all-time-high-by-june-30-2026), below 14%
2026-03-25T19:41:29.020Z OK: top annDP=11.77% AP=+222.0% (solana-all-time-high-by-june-30-2026), below 14%
2026-03-25T19:43:29.168Z OK: top annDP=11.77% AP=+221.9% (solana-all-time-high-by-june-30-2026), below 14%
2026-03-25T19:45:29.747Z OK: top annDP=11.77% AP=+222.4% (solana-all-time-high-by-june-30-2026), below 14%
2026-03-25T19:47:29.792Z OK: top annDP=11.77% AP=+222.7% (solana-all-time-high-by-june-30-2026), below 14%
2026-03-25T19:49:30.267Z OK: top annDP=11.77% AP=+222.5% (solana-all-time-high-by-june-30-2026), below 14%
2026-03-25T19:51:29.514Z OK: top annDP=11.77% AP=+222.3% (solana-all-time-high-by-june-30-2026), below 14%
2026-03-25T19:53:29.444Z OK: top annDP=11.77% AP=+222.5% (solana-all-time-high-by-june-30-2026), below 14%
2026-03-25T19:55:29.286Z OK: top annDP=11.77% AP=+222.6% (solana-all-time-high-by-june-30-2026), below 14%
2026-03-25T19:57:29.769Z OK: top annDP=11.77% AP=+223.0% (solana-all-time-high-by-june-30-2026), below 14%
2026-03-25T19:59:29.364Z OK: top annDP=11.77% AP=+223.5% (solana-all-time-high-by-june-30-2026), below 14%
2026-03-25T20:01:29.172Z OK: top annDP=11.77% AP=+222.7% (solana-all-time-high-by-june-30-2026), below 14%
2026-03-25T20:03:29.334Z OK: top annDP=11.77% AP=+222.8% (solana-all-time-high-by-june-30-2026), below 14%
2026-03-25T20:05:29.596Z OK: top annDP=11.77% AP=+223.0% (solana-all-time-high-by-june-30-2026), below 14%
2026-03-25T20:07:29.647Z OK: top annDP=11.77% AP=+223.0% (solana-all-time-high-by-june-30-2026), below 14%
2026-03-25T20:09:29.189Z OK: top annDP=11.77% AP=+223.5% (solana-all-time-high-by-june-30-2026), below 14%
2026-03-25T20:11:29.671Z OK: top annDP=11.77% AP=+224.0% (solana-all-time-high-by-june-30-2026), below 14%
2026-03-25T20:13:29.595Z OK: top annDP=11.77% AP=+224.2% (solana-all-time-high-by-june-30-2026), below 14%
2026-03-25T20:15:29.406Z OK: top annDP=11.77% AP=+224.3% (solana-all-time-high-by-june-30-2026), below 14%
2026-03-25T20:17:29.419Z OK: top annDP=11.77% AP=+224.5% (solana-all-time-high-by-june-30-2026), below 14%
2026-03-25T20:19:29.747Z OK: top annDP=11.77% AP=+224.0% (solana-all-time-high-by-june-30-2026), below 14%
2026-03-25T20:21:29.422Z OK: top annDP=11.77% AP=+223.8% (solana-all-time-high-by-june-30-2026), below 14%
2026-03-25T20:23:29.776Z OK: top annDP=11.77% AP=+223.8% (solana-all-time-high-by-june-30-2026), below 14%
2026-03-25T20:25:30.150Z OK: top annDP=11.77% AP=+224.2% (solana-all-time-high-by-june-30-2026), below 14%
2026-03-25T20:27:29.612Z OK: top annDP=11.77% AP=+224.4% (solana-all-time-high-by-june-30-2026), below 14%
2026-03-25T20:29:29.170Z OK: top annDP=11.77% AP=+224.2% (solana-all-time-high-by-june-30-2026), below 14%
2026-03-25T20:31:29.702Z OK: top annDP=11.77% AP=+224.2% (solana-all-time-high-by-june-30-2026), below 14%
2026-03-25T20:33:48.665Z OK: top annDP=11.77% AP=+224.4% (solana-all-time-high-by-june-30-2026), below 14%
2026-03-25T20:35:29.443Z OK: top annDP=11.77% AP=+224.3% (solana-all-time-high-by-june-30-2026), below 14%
2026-03-25T20:37:29.469Z OK: top annDP=11.77% AP=+224.0% (solana-all-time-high-by-june-30-2026), below 14%
2026-03-25T20:39:28.767Z OK: top annDP=11.77% AP=+223.9% (solana-all-time-high-by-june-30-2026), below 14%
2026-03-25T20:41:28.679Z OK: top annDP=11.77% AP=+224.1% (solana-all-time-high-by-june-30-2026), below 14%
2026-03-25T20:43:28.522Z OK: top annDP=11.77% AP=+223.9% (solana-all-time-high-by-june-30-2026), below 14%
2026-03-25T20:45:29.531Z OK: top annDP=11.77% AP=+223.3% (solana-all-time-high-by-june-30-2026), below 14%
2026-03-25T20:47:29.917Z OK: top annDP=11.77% AP=+223.6% (solana-all-time-high-by-june-30-2026), below 14%
2026-03-25T20:49:29.028Z OK: top annDP=11.78% AP=+223.4% (solana-all-time-high-by-june-30-2026), below 14%
2026-03-25T20:51:29.138Z OK: top annDP=11.78% AP=+223.3% (solana-all-time-high-by-june-30-2026), below 14%
2026-03-25T20:53:29.482Z OK: top annDP=11.78% AP=+223.2% (solana-all-time-high-by-june-30-2026), below 14%
2026-03-25T20:55:28.793Z OK: top annDP=11.78% AP=+223.1% (solana-all-time-high-by-june-30-2026), below 14%
2026-03-25T20:57:29.374Z OK: top annDP=11.78% AP=+223.3% (solana-all-time-high-by-june-30-2026), below 14%
2026-03-25T20:59:37.512Z ERROR: page.click: Timeout 30000ms exceeded.
Call log:
  - waiting for locator('#refresh-button')

2026-03-25T21:01:29.245Z OK: top annDP=11.78% AP=+223.6% (solana-all-time-high-by-june-30-2026), below 14%
2026-03-25T21:03:28.790Z OK: top annDP=11.78% AP=+223.6% (solana-all-time-high-by-june-30-2026), below 14%
2026-03-25T21:05:30.100Z OK: top annDP=11.78% AP=+223.7% (solana-all-time-high-by-june-30-2026), below 14%
2026-03-25T21:07:29.429Z OK: top annDP=11.78% AP=+224.0% (solana-all-time-high-by-june-30-2026), below 14%
2026-03-25T21:09:28.730Z OK: top annDP=11.78% AP=+224.0% (solana-all-time-high-by-june-30-2026), below 14%
2026-03-25T21:11:28.787Z OK: top annDP=11.78% AP=+223.6% (solana-all-time-high-by-june-30-2026), below 14%
2026-03-25T21:13:29.566Z OK: top annDP=11.78% AP=+223.5% (solana-all-time-high-by-june-30-2026), below 14%
2026-03-25T21:15:28.964Z OK: top annDP=11.78% AP=+223.1% (solana-all-time-high-by-june-30-2026), below 14%
2026-03-25T21:17:29.378Z OK: top annDP=11.78% AP=+222.9% (solana-all-time-high-by-june-30-2026), below 14%
2026-03-25T21:19:37.528Z ERROR: page.click: Timeout 30000ms exceeded.
Call log:
  - waiting for locator('#refresh-button')

2026-03-25T21:21:29.065Z OK: top annDP=11.78% AP=+223.2% (solana-all-time-high-by-june-30-2026), below 14%
2026-03-25T21:23:29.226Z OK: top annDP=11.78% AP=+223.5% (solana-all-time-high-by-june-30-2026), below 14%
2026-03-25T21:25:29.672Z OK: top annDP=11.78% AP=+223.6% (solana-all-time-high-by-june-30-2026), below 14%
2026-03-25T21:27:29.301Z OK: top annDP=11.78% AP=+223.6% (solana-all-time-high-by-june-30-2026), below 14%
2026-03-25T21:29:30.263Z OK: top annDP=11.78% AP=+224.1% (solana-all-time-high-by-june-30-2026), below 14%
2026-03-25T21:31:29.841Z OK: top annDP=11.78% AP=+224.2% (solana-all-time-high-by-june-30-2026), below 14%
2026-03-25T21:33:29.739Z OK: top annDP=11.78% AP=+224.3% (solana-all-time-high-by-june-30-2026), below 14%
2026-03-25T21:35:28.961Z OK: top annDP=11.78% AP=+224.2% (solana-all-time-high-by-june-30-2026), below 14%
2026-03-25T21:37:28.877Z OK: top annDP=11.78% AP=+223.8% (solana-all-time-high-by-june-30-2026), below 14%
2026-03-25T21:39:29.159Z OK: top annDP=11.78% AP=+223.9% (solana-all-time-high-by-june-30-2026), below 14%
2026-03-25T21:41:29.585Z OK: top annDP=11.78% AP=+223.8% (solana-all-time-high-by-june-30-2026), below 14%
2026-03-25T21:43:29.661Z OK: top annDP=11.78% AP=+223.8% (solana-all-time-high-by-june-30-2026), below 14%
2026-03-25T21:45:28.994Z OK: top annDP=11.78% AP=+223.6% (solana-all-time-high-by-june-30-2026), below 14%
2026-03-25T21:47:29.286Z OK: top annDP=11.78% AP=+223.7% (solana-all-time-high-by-june-30-2026), below 14%
2026-03-25T21:49:29.566Z OK: top annDP=11.78% AP=+224.1% (solana-all-time-high-by-june-30-2026), below 14%
2026-03-25T21:51:29.375Z OK: top annDP=11.78% AP=+224.5% (solana-all-time-high-by-june-30-2026), below 14%
2026-03-25T21:53:29.039Z OK: top annDP=11.78% AP=+224.4% (solana-all-time-high-by-june-30-2026), below 14%
2026-03-25T21:55:29.516Z OK: top annDP=12.14% AP=+224.4% (solana-all-time-high-by-june-30-2026), below 14%
2026-03-25T21:57:29.164Z OK: top annDP=12.14% AP=+224.1% (solana-all-time-high-by-june-30-2026), below 14%
2026-03-25T21:59:28.971Z OK: top annDP=12.14% AP=+224.2% (solana-all-time-high-by-june-30-2026), below 14%
2026-03-25T22:01:28.302Z OK: top annDP=12.14% AP=+224.1% (solana-all-time-high-by-june-30-2026), below 14%
2026-03-25T22:03:29.082Z OK: top annDP=12.15% AP=+223.8% (solana-all-time-high-by-june-30-2026), below 14%
2026-03-25T22:05:30.127Z OK: top annDP=12.15% AP=+223.9% (solana-all-time-high-by-june-30-2026), below 14%
2026-03-25T22:07:29.568Z OK: top annDP=12.15% AP=+224.1% (solana-all-time-high-by-june-30-2026), below 14%
2026-03-25T22:09:28.219Z OK: top annDP=12.15% AP=+224.5% (solana-all-time-high-by-june-30-2026), below 14%
2026-03-25T22:11:28.914Z OK: top annDP=12.15% AP=+224.7% (solana-all-time-high-by-june-30-2026), below 14%
2026-03-25T22:13:29.844Z OK: top annDP=12.15% AP=+224.6% (solana-all-time-high-by-june-30-2026), below 14%
2026-03-25T22:15:30.019Z OK: top annDP=12.15% AP=+224.6% (solana-all-time-high-by-june-30-2026), below 14%
2026-03-25T22:17:37.173Z ERROR: page.click: Timeout 30000ms exceeded.
Call log:
  - waiting for locator('#refresh-button')

2026-03-25T22:19:28.528Z OK: top annDP=12.15% AP=+224.5% (solana-all-time-high-by-june-30-2026), below 14%
2026-03-25T22:21:29.505Z OK: top annDP=12.15% AP=+224.7% (solana-all-time-high-by-june-30-2026), below 14%
2026-03-25T22:23:28.667Z OK: top annDP=12.2% AP=+224.8% (solana-all-time-high-by-june-30-2026), below 14%
2026-03-25T22:25:30.072Z OK: top annDP=12.15% AP=+224.5% (solana-all-time-high-by-june-30-2026), below 14%
2026-03-25T22:27:28.990Z OK: top annDP=12.15% AP=+224.2% (solana-all-time-high-by-june-30-2026), below 14%
2026-03-25T22:29:29.001Z OK: top annDP=12.15% AP=+224.1% (solana-all-time-high-by-june-30-2026), below 14%
2026-03-25T22:31:29.466Z OK: top annDP=12.15% AP=+224.1% (solana-all-time-high-by-june-30-2026), below 14%
2026-03-25T22:33:28.393Z OK: top annDP=12.15% AP=+223.4% (solana-all-time-high-by-june-30-2026), below 14%
2026-03-25T22:35:29.138Z OK: top annDP=12.15% AP=+223.1% (solana-all-time-high-by-june-30-2026), below 14%
2026-03-25T22:37:29.132Z OK: top annDP=12.15% AP=+222.9% (solana-all-time-high-by-june-30-2026), below 14%
2026-03-25T22:39:29.329Z OK: top annDP=12.15% AP=+222.7% (solana-all-time-high-by-june-30-2026), below 14%
2026-03-25T22:41:29.701Z OK: top annDP=12.15% AP=+223.0% (solana-all-time-high-by-june-30-2026), below 14%
2026-03-25T22:43:29.098Z OK: top annDP=12.15% AP=+222.3% (solana-all-time-high-by-june-30-2026), below 14%
2026-03-25T22:45:29.248Z OK: top annDP=12.15% AP=+222.4% (solana-all-time-high-by-june-30-2026), below 14%
2026-03-25T22:47:28.042Z OK: top annDP=12.15% AP=+222.5% (solana-all-time-high-by-june-30-2026), below 14%
2026-03-25T22:49:29.121Z OK: top annDP=12.15% AP=+222.2% (solana-all-time-high-by-june-30-2026), below 14%
2026-03-25T22:51:27.867Z OK: top annDP=12.15% AP=+222.3% (solana-all-time-high-by-june-30-2026), below 14%
2026-03-25T22:53:28.562Z OK: top annDP=12.15% AP=+222.4% (solana-all-time-high-by-june-30-2026), below 14%
2026-03-25T22:55:29.572Z OK: top annDP=12.15% AP=+222.3% (solana-all-time-high-by-june-30-2026), below 14%
2026-03-25T22:57:28.888Z OK: top annDP=12.15% AP=+222.5% (solana-all-time-high-by-june-30-2026), below 14%
2026-03-25T22:59:29.445Z OK: top annDP=12.15% AP=+222.5% (solana-all-time-high-by-june-30-2026), below 14%
2026-03-25T23:01:28.108Z OK: top annDP=12.15% AP=+222.5% (solana-all-time-high-by-june-30-2026), below 14%
2026-03-25T23:03:28.788Z OK: top annDP=12.15% AP=+222.4% (solana-all-time-high-by-june-30-2026), below 14%
2026-03-25T23:05:29.385Z OK: top annDP=12.15% AP=+222.2% (solana-all-time-high-by-june-30-2026), below 14%
2026-03-25T23:07:29.346Z OK: top annDP=12.15% AP=+222.4% (solana-all-time-high-by-june-30-2026), below 14%
2026-03-25T23:09:29.687Z OK: top annDP=12.15% AP=+222.2% (solana-all-time-high-by-june-30-2026), below 14%
2026-03-25T23:11:28.795Z OK: top annDP=12.15% AP=+222.2% (solana-all-time-high-by-june-30-2026), below 14%
2026-03-25T23:13:29.014Z OK: top annDP=12.15% AP=+222.4% (solana-all-time-high-by-june-30-2026), below 14%
2026-03-25T23:15:28.875Z OK: top annDP=12.15% AP=+222.7% (solana-all-time-high-by-june-30-2026), below 14%
2026-03-25T23:17:28.682Z OK: top annDP=12.15% AP=+222.9% (solana-all-time-high-by-june-30-2026), below 14%
2026-03-25T23:19:28.534Z OK: top annDP=12.15% AP=+222.9% (solana-all-time-high-by-june-30-2026), below 14%
2026-03-25T23:21:29.059Z OK: top annDP=12.15% AP=+223.0% (solana-all-time-high-by-june-30-2026), below 14%
2026-03-25T23:23:29.156Z OK: top annDP=12.15% AP=+222.8% (solana-all-time-high-by-june-30-2026), below 14%
2026-03-25T23:25:29.954Z OK: top annDP=12.15% AP=+222.5% (solana-all-time-high-by-june-30-2026), below 14%
2026-03-25T23:27:29.695Z OK: top annDP=12.15% AP=+222.3% (solana-all-time-high-by-june-30-2026), below 14%
2026-03-25T23:29:29.826Z OK: top annDP=12.15% AP=+222.4% (solana-all-time-high-by-june-30-2026), below 14%
2026-03-25T23:31:29.905Z OK: top annDP=12.15% AP=+222.5% (solana-all-time-high-by-june-30-2026), below 14%
2026-03-25T23:33:28.101Z OK: top annDP=12.15% AP=+222.7% (solana-all-time-high-by-june-30-2026), below 14%
2026-03-25T23:35:29.545Z OK: top annDP=12.15% AP=+222.6% (solana-all-time-high-by-june-30-2026), below 14%
2026-03-25T23:37:29.470Z OK: top annDP=12.15% AP=+222.5% (solana-all-time-high-by-june-30-2026), below 14%
2026-03-25T23:39:37.667Z ERROR: page.click: Timeout 30000ms exceeded.
Call log:
  - waiting for locator('#refresh-button')

2026-03-25T23:41:29.464Z OK: top annDP=12.15% AP=+222.9% (solana-all-time-high-by-june-30-2026), below 14%
2026-03-25T23:43:29.921Z OK: top annDP=12.15% AP=+223.1% (solana-all-time-high-by-june-30-2026), below 14%
2026-03-25T23:45:29.489Z OK: top annDP=12.15% AP=+223.3% (solana-all-time-high-by-june-30-2026), below 14%
2026-03-25T23:47:29.448Z OK: top annDP=12.15% AP=+223.0% (solana-all-time-high-by-june-30-2026), below 14%
2026-03-25T23:49:29.244Z OK: top annDP=12.15% AP=+222.9% (solana-all-time-high-by-june-30-2026), below 14%
2026-03-25T23:51:37.596Z ERROR: page.click: Timeout 30000ms exceeded.
Call log:
  - waiting for locator('#refresh-button')

2026-03-25T23:53:29.252Z OK: top annDP=12.15% AP=+222.7% (solana-all-time-high-by-june-30-2026), below 14%
2026-03-25T23:55:28.674Z OK: top annDP=12.15% AP=+222.5% (solana-all-time-high-by-june-30-2026), below 14%
2026-03-25T23:57:28.256Z OK: top annDP=12.15% AP=+222.4% (solana-all-time-high-by-june-30-2026), below 14%
2026-03-25T23:59:29.436Z OK: top annDP=12.15% AP=+222.4% (solana-all-time-high-by-june-30-2026), below 14%
2026-03-26T00:01:29.395Z OK: top annDP=12.15% AP=+222.6% (solana-all-time-high-by-june-30-2026), below 14%
2026-03-26T00:03:29.158Z OK: top annDP=12.15% AP=+222.6% (solana-all-time-high-by-june-30-2026), below 14%
2026-03-26T00:05:28.204Z OK: top annDP=12.16% AP=+222.6% (solana-all-time-high-by-june-30-2026), below 14%
2026-03-26T00:07:28.483Z OK: top annDP=12.16% AP=+222.9% (solana-all-time-high-by-june-30-2026), below 14%
2026-03-26T00:09:28.700Z OK: top annDP=12.16% AP=+222.9% (solana-all-time-high-by-june-30-2026), below 14%
2026-03-26T00:11:28.353Z OK: top annDP=12.16% AP=+223.0% (solana-all-time-high-by-june-30-2026), below 14%
2026-03-26T00:13:29.051Z OK: top annDP=12.16% AP=+223.1% (solana-all-time-high-by-june-30-2026), below 14%
2026-03-26T00:15:28.946Z OK: top annDP=12.16% AP=+223.0% (solana-all-time-high-by-june-30-2026), below 14%
2026-03-26T00:17:28.892Z OK: top annDP=12.16% AP=+222.3% (solana-all-time-high-by-june-30-2026), below 14%
2026-03-26T00:19:28.737Z OK: top annDP=12.16% AP=+221.9% (solana-all-time-high-by-june-30-2026), below 14%
2026-03-26T00:21:29.849Z OK: top annDP=12.16% AP=+222.3% (solana-all-time-high-by-june-30-2026), below 14%
2026-03-26T00:23:29.310Z OK: top annDP=12.16% AP=+222.5% (solana-all-time-high-by-june-30-2026), below 14%
2026-03-26T00:25:29.524Z OK: top annDP=12.16% AP=+222.7% (solana-all-time-high-by-june-30-2026), below 14%
2026-03-26T00:27:29.451Z OK: top annDP=12.16% AP=+222.9% (solana-all-time-high-by-june-30-2026), below 14%
2026-03-26T00:29:28.290Z OK: top annDP=12.16% AP=+222.7% (solana-all-time-high-by-june-30-2026), below 14%
2026-03-26T00:31:37.559Z ERROR: page.click: Timeout 30000ms exceeded.
Call log:
  - waiting for locator('#refresh-button')

2026-03-26T00:33:29.837Z OK: top annDP=12.16% AP=+222.0% (solana-all-time-high-by-june-30-2026), below 14%
2026-03-26T00:35:28.597Z OK: top annDP=12.16% AP=+222.1% (solana-all-time-high-by-june-30-2026), below 14%
2026-03-26T00:37:29.276Z OK: top annDP=12.16% AP=+222.0% (solana-all-time-high-by-june-30-2026), below 14%
2026-03-26T00:39:28.940Z OK: top annDP=12.16% AP=+221.8% (solana-all-time-high-by-june-30-2026), below 14%
2026-03-26T00:41:28.951Z OK: top annDP=12.16% AP=+221.8% (solana-all-time-high-by-june-30-2026), below 14%
2026-03-26T00:43:28.260Z OK: top annDP=12.16% AP=+221.9% (solana-all-time-high-by-june-30-2026), below 14%
2026-03-26T00:45:29.009Z OK: top annDP=12.16% AP=+222.2% (solana-all-time-high-by-june-30-2026), below 14%
2026-03-26T00:47:29.601Z OK: top annDP=12.16% AP=+221.9% (solana-all-time-high-by-june-30-2026), below 14%
2026-03-26T00:49:29.130Z OK: top annDP=12.16% AP=+221.9% (solana-all-time-high-by-june-30-2026), below 14%
2026-03-26T00:51:28.527Z OK: top annDP=12.16% AP=+221.7% (solana-all-time-high-by-june-30-2026), below 14%
2026-03-26T00:53:29.541Z OK: top annDP=12.16% AP=+222.1% (solana-all-time-high-by-june-30-2026), below 14%
2026-03-26T00:55:28.868Z OK: top annDP=12.16% AP=+222.7% (solana-all-time-high-by-june-30-2026), below 14%
2026-03-26T00:57:29.465Z OK: top annDP=12.16% AP=+223.2% (solana-all-time-high-by-june-30-2026), below 14%
2026-03-26T00:59:29.203Z OK: top annDP=12.16% AP=+222.6% (solana-all-time-high-by-june-30-2026), below 14%
2026-03-26T01:01:29.136Z OK: top annDP=12.16% AP=+222.6% (solana-all-time-high-by-june-30-2026), below 14%
2026-03-26T01:03:28.449Z OK: top annDP=12.16% AP=+222.0% (solana-all-time-high-by-june-30-2026), below 14%
2026-03-26T01:05:28.795Z OK: top annDP=12.16% AP=+222.0% (solana-all-time-high-by-june-30-2026), below 14%
2026-03-26T01:07:28.773Z OK: top annDP=12.16% AP=+222.3% (solana-all-time-high-by-june-30-2026), below 14%
2026-03-26T01:09:28.996Z OK: top annDP=12.16% AP=+222.1% (solana-all-time-high-by-june-30-2026), below 14%
2026-03-26T01:11:29.927Z OK: top annDP=12.16% AP=+222.3% (solana-all-time-high-by-june-30-2026), below 14%
2026-03-26T01:13:28.987Z OK: top annDP=12.16% AP=+222.4% (solana-all-time-high-by-june-30-2026), below 14%
2026-03-26T01:15:29.488Z OK: top annDP=12.16% AP=+222.2% (solana-all-time-high-by-june-30-2026), below 14%
2026-03-26T01:17:28.732Z OK: top annDP=12.16% AP=+222.5% (solana-all-time-high-by-june-30-2026), below 14%
2026-03-26T01:19:28.662Z OK: top annDP=12.16% AP=+222.5% (solana-all-time-high-by-june-30-2026), below 14%
2026-03-26T01:21:29.756Z OK: top annDP=12.16% AP=+222.5% (solana-all-time-high-by-june-30-2026), below 14%
2026-03-26T01:23:29.767Z OK: top annDP=12.16% AP=+222.3% (solana-all-time-high-by-june-30-2026), below 14%
2026-03-26T01:25:29.264Z OK: top annDP=12.16% AP=+222.1% (solana-all-time-high-by-june-30-2026), below 14%
2026-03-26T01:27:29.875Z OK: top annDP=12.16% AP=+221.8% (solana-all-time-high-by-june-30-2026), below 14%
2026-03-26T01:29:28.101Z OK: top annDP=12.16% AP=+222.1% (solana-all-time-high-by-june-30-2026), below 14%
2026-03-26T01:31:29.479Z OK: top annDP=12.16% AP=+222.1% (solana-all-time-high-by-june-30-2026), below 14%
2026-03-26T01:33:28.629Z OK: top annDP=12.16% AP=+222.0% (solana-all-time-high-by-june-30-2026), below 14%
2026-03-26T01:35:29.120Z OK: top annDP=12.16% AP=+221.8% (solana-all-time-high-by-june-30-2026), below 14%
2026-03-26T01:37:29.282Z OK: top annDP=12.16% AP=+221.8% (solana-all-time-high-by-june-30-2026), below 14%
2026-03-26T01:39:28.808Z OK: top annDP=12.16% AP=+221.9% (solana-all-time-high-by-june-30-2026), below 14%
2026-03-26T01:41:29.958Z OK: top annDP=12.16% AP=+222.0% (solana-all-time-high-by-june-30-2026), below 14%
2026-03-26T01:43:29.253Z OK: top annDP=12.16% AP=+222.4% (solana-all-time-high-by-june-30-2026), below 14%
2026-03-26T01:45:29.178Z OK: top annDP=12.16% AP=+222.4% (solana-all-time-high-by-june-30-2026), below 14%
2026-03-26T01:47:29.726Z OK: top annDP=12.16% AP=+222.1% (solana-all-time-high-by-june-30-2026), below 14%
2026-03-26T01:49:28.954Z OK: top annDP=12.16% AP=+222.2% (solana-all-time-high-by-june-30-2026), below 14%
2026-03-26T01:51:28.867Z OK: top annDP=12.16% AP=+222.4% (solana-all-time-high-by-june-30-2026), below 14%
2026-03-26T01:53:29.046Z OK: top annDP=12.16% AP=+222.4% (solana-all-time-high-by-june-30-2026), below 14%
2026-03-26T01:55:29.206Z OK: top annDP=12.16% AP=+222.4% (solana-all-time-high-by-june-30-2026), below 14%
2026-03-26T01:57:29.867Z OK: top annDP=12.16% AP=+222.0% (solana-all-time-high-by-june-30-2026), below 14%
2026-03-26T01:59:28.501Z OK: top annDP=12.16% AP=+221.9% (solana-all-time-high-by-june-30-2026), below 14%
2026-03-26T02:01:29.294Z OK: top annDP=12.16% AP=+222.1% (solana-all-time-high-by-june-30-2026), below 14%
2026-03-26T02:03:29.418Z OK: top annDP=12.17% AP=+222.1% (solana-all-time-high-by-june-30-2026), below 14%
2026-03-26T02:05:29.105Z OK: top annDP=12.17% AP=+222.2% (solana-all-time-high-by-june-30-2026), below 14%
2026-03-26T02:07:29.191Z OK: top annDP=12.17% AP=+222.4% (solana-all-time-high-by-june-30-2026), below 14%
2026-03-26T02:09:28.842Z OK: top annDP=12.17% AP=+222.9% (solana-all-time-high-by-june-30-2026), below 14%
2026-03-26T02:11:28.951Z OK: top annDP=12.17% AP=+222.9% (solana-all-time-high-by-june-30-2026), below 14%
2026-03-26T02:13:29.830Z OK: top annDP=12.17% AP=+223.3% (solana-all-time-high-by-june-30-2026), below 14%
2026-03-26T02:15:29.324Z OK: top annDP=12.17% AP=+223.2% (solana-all-time-high-by-june-30-2026), below 14%
2026-03-26T02:17:28.756Z OK: top annDP=12.17% AP=+223.8% (solana-all-time-high-by-june-30-2026), below 14%
2026-03-26T02:19:29.486Z OK: top annDP=12.17% AP=+224.0% (solana-all-time-high-by-june-30-2026), below 14%
2026-03-26T02:21:29.280Z OK: top annDP=12.17% AP=+224.1% (solana-all-time-high-by-june-30-2026), below 14%
2026-03-26T02:23:29.192Z OK: top annDP=12.17% AP=+223.9% (solana-all-time-high-by-june-30-2026), below 14%
2026-03-26T02:25:28.952Z OK: top annDP=12.17% AP=+224.2% (solana-all-time-high-by-june-30-2026), below 14%
2026-03-26T02:27:28.947Z OK: top annDP=12.22% AP=+223.9% (solana-all-time-high-by-june-30-2026), below 14%
2026-03-26T02:29:29.393Z OK: top annDP=12.22% AP=+224.0% (solana-all-time-high-by-june-30-2026), below 14%
2026-03-26T02:31:29.739Z OK: top annDP=12.22% AP=+224.6% (solana-all-time-high-by-june-30-2026), below 14%
2026-03-26T02:33:29.182Z OK: top annDP=12.22% AP=+224.6% (solana-all-time-high-by-june-30-2026), below 14%
2026-03-26T02:35:29.377Z OK: top annDP=12.22% AP=+226.2% (solana-all-time-high-by-june-30-2026), below 14%
2026-03-26T02:37:28.057Z OK: top annDP=12.74% AP=+160.9% (xrp-all-time-high-by-june-30-2026), below 14%
2026-03-26T02:39:29.036Z OK: top annDP=12.22% AP=+226.1% (solana-all-time-high-by-june-30-2026), below 14%
2026-03-26T02:41:28.894Z OK: top annDP=12.22% AP=+225.8% (solana-all-time-high-by-june-30-2026), below 14%
2026-03-26T02:43:29.144Z OK: top annDP=12.74% AP=+161.1% (xrp-all-time-high-by-june-30-2026), below 14%
2026-03-26T02:45:29.019Z OK: top annDP=12.76% AP=+161.0% (xrp-all-time-high-by-june-30-2026), below 14%
2026-03-26T02:47:29.450Z OK: top annDP=12.22% AP=+225.5% (solana-all-time-high-by-june-30-2026), below 14%
2026-03-26T02:49:29.260Z OK: top annDP=12.22% AP=+225.4% (solana-all-time-high-by-june-30-2026), below 14%
2026-03-26T02:51:29.439Z OK: top annDP=12.22% AP=+225.2% (solana-all-time-high-by-june-30-2026), below 14%
2026-03-26T02:53:29.670Z OK: top annDP=12.74% AP=+161.0% (xrp-all-time-high-by-june-30-2026), below 14%
2026-03-26T02:55:29.528Z OK: top annDP=12.62% AP=+161.1% (xrp-all-time-high-by-june-30-2026), below 14%
2026-03-26T02:57:29.060Z OK: top annDP=12.22% AP=+225.4% (solana-all-time-high-by-june-30-2026), below 14%
2026-03-26T02:59:29.171Z OK: top annDP=12.23% AP=+225.4% (solana-all-time-high-by-june-30-2026), below 14%
2026-03-26T03:01:29.766Z OK: top annDP=12.23% AP=+225.2% (solana-all-time-high-by-june-30-2026), below 14%
2026-03-26T03:03:29.378Z OK: top annDP=12.23% AP=+225.4% (solana-all-time-high-by-june-30-2026), below 14%
2026-03-26T03:05:29.792Z OK: top annDP=12.63% AP=+225.5% (solana-all-time-high-by-june-30-2026), below 14%
2026-03-26T03:07:29.246Z OK: top annDP=12.63% AP=+225.8% (solana-all-time-high-by-june-30-2026), below 14%
2026-03-26T03:09:29.179Z OK: top annDP=12.63% AP=+225.8% (solana-all-time-high-by-june-30-2026), below 14%
2026-03-26T03:11:29.303Z OK: top annDP=12.63% AP=+225.6% (solana-all-time-high-by-june-30-2026), below 14%
2026-03-26T03:13:37.433Z ERROR: page.click: Timeout 30000ms exceeded.
Call log:
  - waiting for locator('#refresh-button')

2026-03-26T03:15:28.452Z OK: top annDP=12.63% AP=+225.3% (solana-all-time-high-by-june-30-2026), below 14%
2026-03-26T03:17:28.675Z OK: top annDP=12.63% AP=+224.9% (solana-all-time-high-by-june-30-2026), below 14%
2026-03-26T03:19:29.039Z OK: top annDP=12.63% AP=+225.4% (solana-all-time-high-by-june-30-2026), below 14%
2026-03-26T03:21:28.820Z OK: top annDP=12.63% AP=+225.3% (solana-all-time-high-by-june-30-2026), below 14%
2026-03-26T03:23:29.093Z OK: top annDP=12.63% AP=+225.4% (solana-all-time-high-by-june-30-2026), below 14%
2026-03-26T03:25:29.406Z OK: top annDP=12.63% AP=+226.1% (solana-all-time-high-by-june-30-2026), below 14%
2026-03-26T03:27:28.870Z OK: top annDP=12.63% AP=+225.8% (solana-all-time-high-by-june-30-2026), below 14%
2026-03-26T03:29:29.465Z OK: top annDP=12.63% AP=+226.3% (solana-all-time-high-by-june-30-2026), below 14%
2026-03-26T03:31:29.481Z OK: top annDP=12.32% AP=+226.2% (solana-all-time-high-by-june-30-2026), below 14%
2026-03-26T03:33:29.787Z OK: top annDP=12.63% AP=+225.9% (solana-all-time-high-by-june-30-2026), below 14%
2026-03-26T03:35:29.286Z OK: top annDP=12.63% AP=+225.7% (solana-all-time-high-by-june-30-2026), below 14%
2026-03-26T03:37:28.145Z OK: top annDP=12.63% AP=+225.6% (solana-all-time-high-by-june-30-2026), below 14%
2026-03-26T03:39:29.060Z OK: top annDP=12.63% AP=+225.5% (solana-all-time-high-by-june-30-2026), below 14%
2026-03-26T03:41:29.588Z OK: top annDP=12.63% AP=+225.3% (solana-all-time-high-by-june-30-2026), below 14%
2026-03-26T03:43:29.135Z OK: top annDP=12.63% AP=+225.2% (solana-all-time-high-by-june-30-2026), below 14%
2026-03-26T03:45:29.308Z OK: top annDP=12.63% AP=+225.2% (solana-all-time-high-by-june-30-2026), below 14%
2026-03-26T03:47:28.589Z OK: top annDP=12.63% AP=+225.1% (solana-all-time-high-by-june-30-2026), below 14%
2026-03-26T03:49:29.035Z OK: top annDP=12.63% AP=+225.1% (solana-all-time-high-by-june-30-2026), below 14%
2026-03-26T03:51:28.595Z OK: top annDP=12.63% AP=+225.3% (solana-all-time-high-by-june-30-2026), below 14%
2026-03-26T03:53:29.392Z OK: top annDP=12.63% AP=+225.2% (solana-all-time-high-by-june-30-2026), below 14%
2026-03-26T03:55:29.504Z OK: top annDP=12.63% AP=+225.0% (solana-all-time-high-by-june-30-2026), below 14%
2026-03-26T03:57:28.985Z OK: top annDP=12.63% AP=+224.6% (solana-all-time-high-by-june-30-2026), below 14%
2026-03-26T03:59:29.341Z OK: top annDP=12.63% AP=+224.7% (solana-all-time-high-by-june-30-2026), below 14%
2026-03-26T04:01:28.690Z OK: top annDP=12.63% AP=+224.9% (solana-all-time-high-by-june-30-2026), below 14%
2026-03-26T04:03:28.534Z OK: top annDP=12.63% AP=+225.2% (solana-all-time-high-by-june-30-2026), below 14%
2026-03-26T04:05:28.744Z OK: top annDP=12.63% AP=+225.3% (solana-all-time-high-by-june-30-2026), below 14%
2026-03-26T04:07:29.542Z OK: top annDP=12.32% AP=+225.5% (solana-all-time-high-by-june-30-2026), below 14%
2026-03-26T04:09:29.587Z OK: top annDP=12.32% AP=+225.4% (solana-all-time-high-by-june-30-2026), below 14%
2026-03-26T04:11:28.616Z OK: top annDP=12.32% AP=+225.4% (solana-all-time-high-by-june-30-2026), below 14%
2026-03-26T04:13:29.264Z OK: top annDP=12.32% AP=+225.5% (solana-all-time-high-by-june-30-2026), below 14%
2026-03-26T04:15:28.771Z OK: top annDP=12.32% AP=+225.8% (solana-all-time-high-by-june-30-2026), below 14%
2026-03-26T04:17:28.235Z OK: top annDP=12.32% AP=+225.8% (solana-all-time-high-by-june-30-2026), below 14%
2026-03-26T04:19:28.812Z OK: top annDP=12.32% AP=+225.8% (solana-all-time-high-by-june-30-2026), below 14%
2026-03-26T04:21:28.924Z OK: top annDP=12.32% AP=+225.9% (solana-all-time-high-by-june-30-2026), below 14%
2026-03-26T04:23:28.997Z OK: top annDP=12.32% AP=+225.6% (solana-all-time-high-by-june-30-2026), below 14%
2026-03-26T04:25:29.532Z OK: top annDP=12.32% AP=+225.6% (solana-all-time-high-by-june-30-2026), below 14%
2026-03-26T04:27:28.859Z OK: top annDP=12.32% AP=+225.6% (solana-all-time-high-by-june-30-2026), below 14%
2026-03-26T04:29:29.454Z OK: top annDP=12.32% AP=+225.5% (solana-all-time-high-by-june-30-2026), below 14%
2026-03-26T04:31:28.566Z OK: top annDP=12.32% AP=+225.2% (solana-all-time-high-by-june-30-2026), below 14%
2026-03-26T04:33:29.011Z OK: top annDP=12.32% AP=+225.3% (solana-all-time-high-by-june-30-2026), below 14%
2026-03-26T04:35:28.774Z OK: top annDP=12.32% AP=+225.6% (solana-all-time-high-by-june-30-2026), below 14%
2026-03-26T04:37:28.934Z OK: top annDP=12.32% AP=+225.5% (solana-all-time-high-by-june-30-2026), below 14%
2026-03-26T04:39:29.114Z OK: top annDP=12.32% AP=+225.4% (solana-all-time-high-by-june-30-2026), below 14%
2026-03-26T04:41:29.063Z OK: top annDP=12.32% AP=+225.7% (solana-all-time-high-by-june-30-2026), below 14%
2026-03-26T04:43:28.834Z OK: top annDP=12.32% AP=+225.5% (solana-all-time-high-by-june-30-2026), below 14%
2026-03-26T04:45:29.645Z OK: top annDP=12.05% AP=+225.4% (solana-all-time-high-by-june-30-2026), below 14%
2026-03-26T04:47:29.255Z OK: top annDP=12.32% AP=+225.3% (solana-all-time-high-by-june-30-2026), below 14%
2026-03-26T04:49:28.769Z OK: top annDP=12.32% AP=+225.2% (solana-all-time-high-by-june-30-2026), below 14%
2026-03-26T04:51:28.501Z OK: top annDP=12.32% AP=+225.2% (solana-all-time-high-by-june-30-2026), below 14%
2026-03-26T04:53:29.346Z OK: top annDP=12.64% AP=+225.3% (solana-all-time-high-by-june-30-2026), below 14%
2026-03-26T04:55:28.726Z OK: top annDP=12.64% AP=+225.5% (solana-all-time-high-by-june-30-2026), below 14%
2026-03-26T04:57:29.074Z OK: top annDP=12.64% AP=+225.7% (solana-all-time-high-by-june-30-2026), below 14%
2026-03-26T04:59:29.067Z OK: top annDP=12.64% AP=+225.7% (solana-all-time-high-by-june-30-2026), below 14%
2026-03-26T05:01:29.092Z OK: top annDP=12.64% AP=+225.7% (solana-all-time-high-by-june-30-2026), below 14%
2026-03-26T05:03:29.524Z OK: top annDP=12.64% AP=+225.7% (solana-all-time-high-by-june-30-2026), below 14%
2026-03-26T05:05:28.654Z OK: top annDP=12.64% AP=+225.7% (solana-all-time-high-by-june-30-2026), below 14%
2026-03-26T05:07:28.944Z OK: top annDP=12.64% AP=+227.1% (solana-all-time-high-by-june-30-2026), below 14%
2026-03-26T05:09:29.777Z OK: top annDP=12.64% AP=+226.7% (solana-all-time-high-by-june-30-2026), below 14%
2026-03-26T05:11:29.136Z OK: top annDP=12.64% AP=+227.1% (solana-all-time-high-by-june-30-2026), below 14%
2026-03-26T05:13:27.782Z OK: top annDP=12.64% AP=+228.2% (solana-all-time-high-by-june-30-2026), below 14%
2026-03-26T05:15:29.544Z OK: top annDP=12.64% AP=+228.6% (solana-all-time-high-by-june-30-2026), below 14%
2026-03-26T05:17:28.108Z OK: top annDP=12.64% AP=+228.6% (solana-all-time-high-by-june-30-2026), below 14%
2026-03-26T05:19:28.434Z OK: top annDP=12.64% AP=+228.8% (solana-all-time-high-by-june-30-2026), below 14%
2026-03-26T05:21:28.279Z OK: top annDP=12.64% AP=+228.4% (solana-all-time-high-by-june-30-2026), below 14%
2026-03-26T05:23:28.942Z OK: top annDP=12.64% AP=+228.5% (solana-all-time-high-by-june-30-2026), below 14%
2026-03-26T05:25:29.250Z OK: top annDP=12.64% AP=+228.5% (solana-all-time-high-by-june-30-2026), below 14%
2026-03-26T05:27:29.048Z OK: top annDP=12.64% AP=+228.9% (solana-all-time-high-by-june-30-2026), below 14%
2026-03-26T05:29:28.826Z OK: top annDP=12.64% AP=+228.5% (solana-all-time-high-by-june-30-2026), below 14%
2026-03-26T05:31:29.156Z OK: top annDP=12.64% AP=+228.6% (solana-all-time-high-by-june-30-2026), below 14%
2026-03-26T05:33:28.018Z OK: top annDP=12.64% AP=+228.6% (solana-all-time-high-by-june-30-2026), below 14%
2026-03-26T05:35:28.631Z OK: top annDP=12.64% AP=+228.3% (solana-all-time-high-by-june-30-2026), below 14%
2026-03-26T05:37:28.472Z OK: top annDP=12.64% AP=+228.3% (solana-all-time-high-by-june-30-2026), below 14%
2026-03-26T05:39:29.098Z OK: top annDP=12.64% AP=+228.5% (solana-all-time-high-by-june-30-2026), below 14%
2026-03-26T05:41:29.083Z OK: top annDP=12.64% AP=+228.8% (solana-all-time-high-by-june-30-2026), below 14%
2026-03-26T05:43:28.978Z OK: top annDP=12.64% AP=+228.9% (solana-all-time-high-by-june-30-2026), below 14%
2026-03-26T05:45:28.057Z OK: top annDP=12.64% AP=+228.9% (solana-all-time-high-by-june-30-2026), below 14%
2026-03-26T05:47:29.154Z OK: top annDP=12.76% AP=+162.9% (xrp-all-time-high-by-june-30-2026), below 14%
2026-03-26T05:49:28.845Z OK: top annDP=12.64% AP=+230.5% (solana-all-time-high-by-june-30-2026), below 14%
2026-03-26T05:51:29.475Z OK: top annDP=12.64% AP=+230.3% (solana-all-time-high-by-june-30-2026), below 14%
2026-03-26T05:53:28.821Z OK: top annDP=12.64% AP=+230.4% (solana-all-time-high-by-june-30-2026), below 14%
2026-03-26T05:55:29.198Z OK: top annDP=12.64% AP=+231.2% (solana-all-time-high-by-june-30-2026), below 14%
2026-03-26T05:57:29.109Z OK: top annDP=12.64% AP=+231.8% (solana-all-time-high-by-june-30-2026), below 14%
2026-03-26T05:59:28.475Z OK: top annDP=12.64% AP=+231.6% (solana-all-time-high-by-june-30-2026), below 14%
2026-03-26T06:01:28.286Z OK: top annDP=12.64% AP=+231.4% (solana-all-time-high-by-june-30-2026), below 14%
2026-03-26T06:03:28.747Z OK: top annDP=12.65% AP=+232.0% (solana-all-time-high-by-june-30-2026), below 14%
2026-03-26T06:05:29.008Z OK: top annDP=12.65% AP=+231.2% (solana-all-time-high-by-june-30-2026), below 14%
2026-03-26T06:07:28.137Z OK: top annDP=12.65% AP=+231.9% (solana-all-time-high-by-june-30-2026), below 14%
2026-03-26T06:09:29.081Z OK: top annDP=12.65% AP=+231.8% (solana-all-time-high-by-june-30-2026), below 14%
2026-03-26T06:11:29.494Z OK: top annDP=12.65% AP=+231.5% (solana-all-time-high-by-june-30-2026), below 14%
2026-03-26T06:13:28.989Z OK: top annDP=12.65% AP=+231.9% (solana-all-time-high-by-june-30-2026), below 14%
2026-03-26T06:15:28.816Z OK: top annDP=12.65% AP=+231.8% (solana-all-time-high-by-june-30-2026), below 14%
2026-03-26T06:17:29.230Z OK: top annDP=12.65% AP=+231.5% (solana-all-time-high-by-june-30-2026), below 14%
2026-03-26T06:19:28.606Z OK: top annDP=12.65% AP=+231.6% (solana-all-time-high-by-june-30-2026), below 14%
2026-03-26T06:21:28.069Z OK: top annDP=12.65% AP=+231.7% (solana-all-time-high-by-june-30-2026), below 14%
2026-03-26T06:23:29.415Z OK: top annDP=12.65% AP=+232.0% (solana-all-time-high-by-june-30-2026), below 14%
2026-03-26T06:25:29.357Z OK: top annDP=12.65% AP=+231.9% (solana-all-time-high-by-june-30-2026), below 14%
2026-03-26T06:27:28.640Z OK: top annDP=12.34% AP=+232.2% (solana-all-time-high-by-june-30-2026), below 14%
2026-03-26T06:29:28.596Z OK: top annDP=12.65% AP=+232.2% (solana-all-time-high-by-june-30-2026), below 14%
2026-03-26T06:31:28.794Z OK: top annDP=12.25% AP=+232.2% (solana-all-time-high-by-june-30-2026), below 14%
2026-03-26T06:33:29.251Z OK: top annDP=12.25% AP=+232.2% (solana-all-time-high-by-june-30-2026), below 14%
2026-03-26T06:35:29.677Z OK: top annDP=12.25% AP=+232.2% (solana-all-time-high-by-june-30-2026), below 14%
2026-03-26T06:37:28.680Z OK: top annDP=12.25% AP=+232.5% (solana-all-time-high-by-june-30-2026), below 14%
2026-03-26T06:39:28.288Z OK: top annDP=12.25% AP=+232.5% (solana-all-time-high-by-june-30-2026), below 14%
2026-03-26T06:41:29.203Z OK: top annDP=12.25% AP=+232.5% (solana-all-time-high-by-june-30-2026), below 14%
2026-03-26T06:43:28.769Z OK: top annDP=12.25% AP=+232.7% (solana-all-time-high-by-june-30-2026), below 14%
2026-03-26T06:45:28.727Z OK: top annDP=12.25% AP=+232.6% (solana-all-time-high-by-june-30-2026), below 14%
2026-03-26T06:47:28.425Z OK: top annDP=12.25% AP=+232.4% (solana-all-time-high-by-june-30-2026), below 14%
2026-03-26T06:49:29.067Z OK: top annDP=12.25% AP=+232.3% (solana-all-time-high-by-june-30-2026), below 14%
2026-03-26T06:51:29.634Z OK: top annDP=12.25% AP=+232.1% (solana-all-time-high-by-june-30-2026), below 14%
2026-03-26T06:53:28.775Z OK: top annDP=12.25% AP=+232.2% (solana-all-time-high-by-june-30-2026), below 14%
2026-03-26T06:55:28.171Z OK: top annDP=12.25% AP=+232.2% (solana-all-time-high-by-june-30-2026), below 14%
2026-03-26T06:57:28.917Z OK: top annDP=12.25% AP=+231.8% (solana-all-time-high-by-june-30-2026), below 14%
2026-03-26T06:59:29.294Z OK: top annDP=12.45% AP=+163.9% (xrp-all-time-high-by-june-30-2026), below 14%
2026-03-26T07:01:28.389Z OK: top annDP=12.45% AP=+164.1% (xrp-all-time-high-by-june-30-2026), below 14%
2026-03-26T07:03:29.419Z OK: top annDP=12.45% AP=+164.2% (xrp-all-time-high-by-june-30-2026), below 14%
2026-03-26T07:05:28.673Z OK: top annDP=12.45% AP=+163.8% (xrp-all-time-high-by-june-30-2026), below 14%
2026-03-26T07:07:28.142Z OK: top annDP=12.45% AP=+164.4% (xrp-all-time-high-by-june-30-2026), below 14%
2026-03-26T07:09:29.104Z OK: top annDP=12.45% AP=+164.6% (xrp-all-time-high-by-june-30-2026), below 14%
2026-03-26T07:11:29.194Z OK: top annDP=12.45% AP=+164.4% (xrp-all-time-high-by-june-30-2026), below 14%
2026-03-26T07:13:28.947Z OK: top annDP=12.45% AP=+164.5% (xrp-all-time-high-by-june-30-2026), below 14%
2026-03-26T07:15:29.622Z OK: top annDP=12.45% AP=+164.5% (xrp-all-time-high-by-june-30-2026), below 14%
2026-03-26T07:17:28.571Z OK: top annDP=12.45% AP=+164.6% (xrp-all-time-high-by-june-30-2026), below 14%
2026-03-26T07:19:29.399Z OK: top annDP=12.45% AP=+164.5% (xrp-all-time-high-by-june-30-2026), below 14%
2026-03-26T07:21:29.341Z OK: top annDP=12.45% AP=+164.8% (xrp-all-time-high-by-june-30-2026), below 14%
2026-03-26T07:23:29.173Z OK: top annDP=12.45% AP=+164.3% (xrp-all-time-high-by-june-30-2026), below 14%
2026-03-26T07:25:29.467Z OK: top annDP=12.45% AP=+164.2% (xrp-all-time-high-by-june-30-2026), below 14%
2026-03-26T07:27:28.777Z OK: top annDP=12.45% AP=+164.3% (xrp-all-time-high-by-june-30-2026), below 14%
2026-03-26T07:29:29.287Z OK: top annDP=12.45% AP=+164.3% (xrp-all-time-high-by-june-30-2026), below 14%
2026-03-26T07:31:29.535Z OK: top annDP=12.45% AP=+164.7% (xrp-all-time-high-by-june-30-2026), below 14%
2026-03-26T07:33:29.224Z OK: top annDP=12.45% AP=+164.6% (xrp-all-time-high-by-june-30-2026), below 14%
2026-03-26T07:35:28.959Z OK: top annDP=12.45% AP=+164.8% (xrp-all-time-high-by-june-30-2026), below 14%
2026-03-26T07:37:28.571Z OK: top annDP=12.25% AP=+232.3% (solana-all-time-high-by-june-30-2026), below 14%
2026-03-26T07:39:28.500Z OK: top annDP=11.94% AP=+232.1% (solana-all-time-high-by-june-30-2026), below 14%
2026-03-26T07:41:29.678Z OK: top annDP=11.94% AP=+232.0% (solana-all-time-high-by-june-30-2026), below 14%
2026-03-26T07:43:29.058Z OK: top annDP=12.45% AP=+164.3% (xrp-all-time-high-by-june-30-2026), below 14%
2026-03-26T07:45:29.500Z OK: top annDP=12.45% AP=+164.5% (xrp-all-time-high-by-june-30-2026), below 14%
2026-03-26T07:47:29.096Z OK: top annDP=12.45% AP=+164.3% (xrp-all-time-high-by-june-30-2026), below 14%
2026-03-26T07:49:29.807Z OK: top annDP=12.45% AP=+164.3% (xrp-all-time-high-by-june-30-2026), below 14%
2026-03-26T07:51:29.571Z OK: top annDP=12.45% AP=+164.1% (xrp-all-time-high-by-june-30-2026), below 14%
2026-03-26T07:53:27.850Z OK: top annDP=12.45% AP=+164.1% (xrp-all-time-high-by-june-30-2026), below 14%
2026-03-26T07:55:29.108Z OK: top annDP=12.45% AP=+164.0% (xrp-all-time-high-by-june-30-2026), below 14%
2026-03-26T07:57:28.590Z OK: top annDP=12.45% AP=+164.0% (xrp-all-time-high-by-june-30-2026), below 14%
2026-03-26T07:59:28.468Z OK: top annDP=12.45% AP=+164.2% (xrp-all-time-high-by-june-30-2026), below 14%
2026-03-26T08:01:29.030Z OK: top annDP=11.67% AP=+232.2% (solana-all-time-high-by-june-30-2026), below 14%
2026-03-26T08:03:28.203Z OK: top annDP=11.67% AP=+232.2% (solana-all-time-high-by-june-30-2026), below 14%
2026-03-26T08:05:30.085Z OK: top annDP=11.94% AP=+232.7% (solana-all-time-high-by-june-30-2026), below 14%
2026-03-26T08:07:28.183Z OK: top annDP=11.94% AP=+233.2% (solana-all-time-high-by-june-30-2026), below 14%
2026-03-26T08:09:28.757Z OK: top annDP=11.94% AP=+233.1% (solana-all-time-high-by-june-30-2026), below 14%
2026-03-26T08:11:28.923Z OK: top annDP=11.94% AP=+232.9% (solana-all-time-high-by-june-30-2026), below 14%
2026-03-26T08:13:29.468Z OK: top annDP=11.94% AP=+233.0% (solana-all-time-high-by-june-30-2026), below 14%
2026-03-26T08:15:29.364Z OK: top annDP=11.94% AP=+233.4% (solana-all-time-high-by-june-30-2026), below 14%
2026-03-26T08:17:30.075Z OK: top annDP=11.94% AP=+233.3% (solana-all-time-high-by-june-30-2026), below 14%
2026-03-26T08:19:28.967Z OK: top annDP=11.94% AP=+233.2% (solana-all-time-high-by-june-30-2026), below 14%
2026-03-26T08:21:28.813Z OK: top annDP=11.94% AP=+233.3% (solana-all-time-high-by-june-30-2026), below 14%
2026-03-26T08:23:28.725Z OK: top annDP=11.94% AP=+233.5% (solana-all-time-high-by-june-30-2026), below 14%
2026-03-26T08:25:29.463Z OK: top annDP=11.94% AP=+233.5% (solana-all-time-high-by-june-30-2026), below 14%
2026-03-26T08:27:28.801Z OK: top annDP=11.94% AP=+233.3% (solana-all-time-high-by-june-30-2026), below 14%
2026-03-26T08:29:29.479Z OK: top annDP=11.94% AP=+233.3% (solana-all-time-high-by-june-30-2026), below 14%
2026-03-26T08:31:28.705Z OK: top annDP=11.94% AP=+233.4% (solana-all-time-high-by-june-30-2026), below 14%
2026-03-26T08:33:28.473Z OK: top annDP=11.94% AP=+233.3% (solana-all-time-high-by-june-30-2026), below 14%
2026-03-26T08:35:28.857Z OK: top annDP=11.95% AP=+233.1% (solana-all-time-high-by-june-30-2026), below 14%
2026-03-26T08:37:28.774Z OK: top annDP=11.95% AP=+233.2% (solana-all-time-high-by-june-30-2026), below 14%
2026-03-26T08:39:27.823Z OK: top annDP=11.95% AP=+233.4% (solana-all-time-high-by-june-30-2026), below 14%
2026-03-26T08:41:29.531Z OK: top annDP=11.95% AP=+233.3% (solana-all-time-high-by-june-30-2026), below 14%
2026-03-26T08:43:29.643Z OK: top annDP=11.95% AP=+233.4% (solana-all-time-high-by-june-30-2026), below 14%
2026-03-26T08:45:29.739Z OK: top annDP=11.95% AP=+233.3% (solana-all-time-high-by-june-30-2026), below 14%
2026-03-26T08:47:28.305Z OK: top annDP=11.95% AP=+232.9% (solana-all-time-high-by-june-30-2026), below 14%
2026-03-26T08:49:28.478Z OK: top annDP=11.95% AP=+233.3% (solana-all-time-high-by-june-30-2026), below 14%
2026-03-26T08:51:29.061Z OK: top annDP=11.95% AP=+232.8% (solana-all-time-high-by-june-30-2026), below 14%
2026-03-26T08:53:29.056Z OK: top annDP=11.95% AP=+232.9% (solana-all-time-high-by-june-30-2026), below 14%
2026-03-26T08:55:29.184Z OK: top annDP=11.95% AP=+232.9% (solana-all-time-high-by-june-30-2026), below 14%
2026-03-26T08:57:28.797Z OK: top annDP=11.95% AP=+233.0% (solana-all-time-high-by-june-30-2026), below 14%
2026-03-26T08:59:28.525Z OK: top annDP=11.98% AP=+164.8% (xrp-all-time-high-by-june-30-2026), below 14%
2026-03-26T09:01:29.355Z OK: top annDP=11.98% AP=+164.9% (xrp-all-time-high-by-june-30-2026), below 14%
2026-03-26T09:03:28.630Z OK: top annDP=12.59% AP=+165.1% (xrp-all-time-high-by-june-30-2026), below 14%
2026-03-26T09:05:29.025Z OK: top annDP=12.46% AP=+165.1% (xrp-all-time-high-by-june-30-2026), below 14%
2026-03-26T09:07:28.540Z OK: top annDP=12.46% AP=+165.1% (xrp-all-time-high-by-june-30-2026), below 14%
2026-03-26T09:09:29.397Z OK: top annDP=12.46% AP=+164.7% (xrp-all-time-high-by-june-30-2026), below 14%
2026-03-26T09:11:28.948Z OK: top annDP=12.46% AP=+164.5% (xrp-all-time-high-by-june-30-2026), below 14%
2026-03-26T09:13:28.423Z OK: top annDP=12.46% AP=+164.7% (xrp-all-time-high-by-june-30-2026), below 14%
2026-03-26T09:15:28.850Z OK: top annDP=12.46% AP=+164.9% (xrp-all-time-high-by-june-30-2026), below 14%
2026-03-26T09:17:28.911Z OK: top annDP=12.46% AP=+165.0% (xrp-all-time-high-by-june-30-2026), below 14%
2026-03-26T09:19:28.495Z OK: top annDP=12.59% AP=+165.3% (xrp-all-time-high-by-june-30-2026), below 14%
2026-03-26T09:21:30.069Z OK: top annDP=12.59% AP=+165.2% (xrp-all-time-high-by-june-30-2026), below 14%
2026-03-26T09:23:29.130Z OK: top annDP=12.59% AP=+165.2% (xrp-all-time-high-by-june-30-2026), below 14%
2026-03-26T09:25:29.529Z OK: top annDP=12.59% AP=+165.2% (xrp-all-time-high-by-june-30-2026), below 14%
2026-03-26T09:27:28.391Z OK: top annDP=12.59% AP=+165.2% (xrp-all-time-high-by-june-30-2026), below 14%
2026-03-26T09:29:29.386Z OK: top annDP=12.59% AP=+165.1% (xrp-all-time-high-by-june-30-2026), below 14%
2026-03-26T09:31:28.832Z OK: top annDP=12.59% AP=+165.1% (xrp-all-time-high-by-june-30-2026), below 14%
2026-03-26T09:33:27.759Z OK: top annDP=12.26% AP=+235.6% (solana-all-time-high-by-june-30-2026), below 14%
2026-03-26T09:35:28.906Z OK: top annDP=12.9% AP=+166.8% (xrp-all-time-high-by-june-30-2026), below 14%
2026-03-26T09:37:28.434Z OK: top annDP=12.9% AP=+167.2% (xrp-all-time-high-by-june-30-2026), below 14%
2026-03-26T09:39:28.628Z OK: top annDP=12.9% AP=+166.9% (xrp-all-time-high-by-june-30-2026), below 14%
2026-03-26T09:41:28.973Z OK: top annDP=12.77% AP=+167.0% (xrp-all-time-high-by-june-30-2026), below 14%
2026-03-26T09:43:29.034Z OK: top annDP=12.77% AP=+166.9% (xrp-all-time-high-by-june-30-2026), below 14%
2026-03-26T09:45:29.630Z OK: top annDP=12.77% AP=+166.9% (xrp-all-time-high-by-june-30-2026), below 14%
2026-03-26T09:47:29.875Z OK: top annDP=12.77% AP=+166.8% (xrp-all-time-high-by-june-30-2026), below 14%
2026-03-26T09:49:29.122Z OK: top annDP=12.77% AP=+167.3% (xrp-all-time-high-by-june-30-2026), below 14%
2026-03-26T09:51:30.217Z OK: top annDP=12.77% AP=+167.1% (xrp-all-time-high-by-june-30-2026), below 14%
2026-03-26T09:53:28.792Z OK: top annDP=12.77% AP=+166.9% (xrp-all-time-high-by-june-30-2026), below 14%
2026-03-26T09:55:29.137Z OK: top annDP=12.77% AP=+166.7% (xrp-all-time-high-by-june-30-2026), below 14%
2026-03-26T09:57:28.954Z OK: top annDP=12.77% AP=+166.5% (xrp-all-time-high-by-june-30-2026), below 14%
2026-03-26T09:59:28.465Z OK: top annDP=12.77% AP=+166.6% (xrp-all-time-high-by-june-30-2026), below 14%
2026-03-26T10:01:28.490Z OK: top annDP=12.77% AP=+166.6% (xrp-all-time-high-by-june-30-2026), below 14%
2026-03-26T10:03:29.449Z OK: top annDP=12.77% AP=+166.9% (xrp-all-time-high-by-june-30-2026), below 14%
2026-03-26T10:05:29.364Z OK: top annDP=12.77% AP=+166.8% (xrp-all-time-high-by-june-30-2026), below 14%
2026-03-26T10:07:29.160Z OK: top annDP=12.77% AP=+166.7% (xrp-all-time-high-by-june-30-2026), below 14%
2026-03-26T10:09:29.122Z OK: top annDP=12.77% AP=+166.9% (xrp-all-time-high-by-june-30-2026), below 14%
2026-03-26T10:11:37.403Z ERROR: page.click: Timeout 30000ms exceeded.
Call log:
  - waiting for locator('#refresh-button')

2026-03-26T10:13:29.012Z OK: top annDP=12.77% AP=+167.1% (xrp-all-time-high-by-june-30-2026), below 14%
2026-03-26T10:15:29.611Z OK: top annDP=12.77% AP=+167.2% (xrp-all-time-high-by-june-30-2026), below 14%
2026-03-26T10:17:29.591Z OK: top annDP=12.27% AP=+235.6% (solana-all-time-high-by-june-30-2026), below 14%
2026-03-26T10:19:29.247Z OK: top annDP=12.27% AP=+235.5% (solana-all-time-high-by-june-30-2026), below 14%
2026-03-26T10:21:28.294Z OK: top annDP=12.27% AP=+235.6% (solana-all-time-high-by-june-30-2026), below 14%
2026-03-26T10:23:29.057Z OK: top annDP=12.27% AP=+235.2% (solana-all-time-high-by-june-30-2026), below 14%
2026-03-26T10:25:28.152Z OK: top annDP=12.27% AP=+235.0% (solana-all-time-high-by-june-30-2026), below 14%
2026-03-26T10:27:29.010Z OK: top annDP=12.27% AP=+235.0% (solana-all-time-high-by-june-30-2026), below 14%
2026-03-26T10:29:28.709Z OK: top annDP=12.27% AP=+235.1% (solana-all-time-high-by-june-30-2026), below 14%
2026-03-26T10:31:29.336Z OK: top annDP=12.27% AP=+235.1% (solana-all-time-high-by-june-30-2026), below 14%
2026-03-26T10:33:29.281Z OK: top annDP=12.27% AP=+235.1% (solana-all-time-high-by-june-30-2026), below 14%
2026-03-26T10:35:28.841Z OK: top annDP=12.27% AP=+235.6% (solana-all-time-high-by-june-30-2026), below 14%
2026-03-26T10:37:29.721Z OK: top annDP=12.27% AP=+235.9% (solana-all-time-high-by-june-30-2026), below 14%
2026-03-26T10:39:29.300Z OK: top annDP=12.27% AP=+236.2% (solana-all-time-high-by-june-30-2026), below 14%
2026-03-26T10:41:28.545Z OK: top annDP=12.27% AP=+236.5% (solana-all-time-high-by-june-30-2026), below 14%
2026-03-26T10:43:28.770Z OK: top annDP=12.27% AP=+236.7% (solana-all-time-high-by-june-30-2026), below 14%
2026-03-26T10:45:29.453Z OK: top annDP=12.48% AP=+166.4% (xrp-all-time-high-by-june-30-2026), below 14%
2026-03-26T10:47:29.329Z OK: top annDP=12.27% AP=+236.5% (solana-all-time-high-by-june-30-2026), below 14%
2026-03-26T10:49:28.875Z OK: top annDP=12.27% AP=+236.4% (solana-all-time-high-by-june-30-2026), below 14%
2026-03-26T10:51:30.554Z OK: top annDP=12.48% AP=+166.3% (xrp-all-time-high-by-june-30-2026), below 14%
2026-03-26T10:53:29.665Z OK: top annDP=12.48% AP=+166.4% (xrp-all-time-high-by-june-30-2026), below 14%
2026-03-26T10:55:28.754Z OK: top annDP=12.48% AP=+166.5% (xrp-all-time-high-by-june-30-2026), below 14%
2026-03-26T10:57:28.044Z OK: top annDP=12.48% AP=+166.5% (xrp-all-time-high-by-june-30-2026), below 14%
2026-03-26T10:59:29.667Z OK: top annDP=12.48% AP=+166.5% (xrp-all-time-high-by-june-30-2026), below 14%
2026-03-26T11:01:28.682Z OK: top annDP=12.48% AP=+166.6% (xrp-all-time-high-by-june-30-2026), below 14%
2026-03-26T11:03:28.161Z OK: top annDP=12.48% AP=+166.3% (xrp-all-time-high-by-june-30-2026), below 14%
2026-03-26T11:05:28.470Z OK: top annDP=12.48% AP=+166.0% (xrp-all-time-high-by-june-30-2026), below 14%
2026-03-26T11:07:28.513Z OK: top annDP=12.48% AP=+166.2% (xrp-all-time-high-by-june-30-2026), below 14%
2026-03-26T11:09:29.827Z OK: top annDP=12.48% AP=+166.3% (xrp-all-time-high-by-june-30-2026), below 14%
2026-03-26T11:11:29.191Z OK: top annDP=12.48% AP=+166.2% (xrp-all-time-high-by-june-30-2026), below 14%
2026-03-26T11:13:29.451Z OK: top annDP=12.48% AP=+166.5% (xrp-all-time-high-by-june-30-2026), below 14%
2026-03-26T11:15:29.632Z OK: top annDP=12.48% AP=+166.3% (xrp-all-time-high-by-june-30-2026), below 14%
2026-03-26T11:17:29.043Z OK: top annDP=12.48% AP=+166.5% (xrp-all-time-high-by-june-30-2026), below 14%
2026-03-26T11:19:29.587Z OK: top annDP=12.48% AP=+166.5% (xrp-all-time-high-by-june-30-2026), below 14%
2026-03-26T11:21:29.414Z OK: top annDP=12.48% AP=+166.8% (xrp-all-time-high-by-june-30-2026), below 14%
2026-03-26T11:23:29.096Z OK: top annDP=12.48% AP=+166.8% (xrp-all-time-high-by-june-30-2026), below 14%
2026-03-26T11:25:28.769Z OK: top annDP=12.48% AP=+166.8% (xrp-all-time-high-by-june-30-2026), below 14%
2026-03-26T11:27:29.017Z OK: top annDP=12.48% AP=+167.1% (xrp-all-time-high-by-june-30-2026), below 14%
2026-03-26T11:29:28.564Z OK: top annDP=12.48% AP=+167.3% (xrp-all-time-high-by-june-30-2026), below 14%
2026-03-26T11:31:29.626Z OK: top annDP=12.48% AP=+167.0% (xrp-all-time-high-by-june-30-2026), below 14%
2026-03-26T11:33:29.615Z OK: top annDP=12.48% AP=+167.0% (xrp-all-time-high-by-june-30-2026), below 14%
2026-03-26T11:35:29.451Z OK: top annDP=12.48% AP=+167.0% (xrp-all-time-high-by-june-30-2026), below 14%
2026-03-26T11:37:29.460Z OK: top annDP=12.48% AP=+167.0% (xrp-all-time-high-by-june-30-2026), below 14%
2026-03-26T11:39:31.100Z OK: top annDP=12.48% AP=+166.9% (xrp-all-time-high-by-june-30-2026), below 14%
2026-03-26T11:41:29.950Z OK: top annDP=12.48% AP=+166.7% (xrp-all-time-high-by-june-30-2026), below 14%
2026-03-26T11:43:30.811Z OK: top annDP=12.48% AP=+166.5% (xrp-all-time-high-by-june-30-2026), below 14%
2026-03-26T11:45:32.905Z OK: top annDP=12.48% AP=+166.5% (xrp-all-time-high-by-june-30-2026), below 14%
2026-03-26T11:47:29.254Z OK: top annDP=12.48% AP=+166.7% (xrp-all-time-high-by-june-30-2026), below 14%
2026-03-26T11:49:29.232Z OK: top annDP=12.48% AP=+166.6% (xrp-all-time-high-by-june-30-2026), below 14%
2026-03-26T11:51:28.558Z OK: top annDP=12.49% AP=+166.8% (xrp-all-time-high-by-june-30-2026), below 14%
2026-03-26T11:53:29.436Z OK: top annDP=12.79% AP=+166.7% (xrp-all-time-high-by-june-30-2026), below 14%
2026-03-26T11:55:28.521Z OK: top annDP=12.79% AP=+166.5% (xrp-all-time-high-by-june-30-2026), below 14%
2026-03-26T11:57:28.883Z OK: top annDP=12.79% AP=+166.6% (xrp-all-time-high-by-june-30-2026), below 14%
2026-03-26T11:59:29.591Z OK: top annDP=12.79% AP=+166.8% (xrp-all-time-high-by-june-30-2026), below 14%
2026-03-26T12:01:28.389Z OK: top annDP=12.31% AP=+237.8% (solana-all-time-high-by-june-30-2026), below 14%
2026-03-26T12:03:28.813Z OK: top annDP=12.31% AP=+237.8% (solana-all-time-high-by-june-30-2026), below 14%
2026-03-26T12:05:28.679Z OK: top annDP=12.7% AP=+237.9% (solana-all-time-high-by-june-30-2026), below 14%
2026-03-26T12:07:28.773Z OK: top annDP=12.7% AP=+238.1% (solana-all-time-high-by-june-30-2026), below 14%
2026-03-26T12:09:30.099Z OK: top annDP=12.7% AP=+238.0% (solana-all-time-high-by-june-30-2026), below 14%
2026-03-26T12:11:28.346Z OK: top annDP=12.7% AP=+237.9% (solana-all-time-high-by-june-30-2026), below 14%
2026-03-26T12:13:31.622Z OK: top annDP=12.7% AP=+237.5% (solana-all-time-high-by-june-30-2026), below 14%
2026-03-26T12:15:29.650Z OK: top annDP=12.7% AP=+237.7% (solana-all-time-high-by-june-30-2026), below 14%
2026-03-26T12:17:30.195Z OK: top annDP=12.7% AP=+237.7% (solana-all-time-high-by-june-30-2026), below 14%
2026-03-26T12:19:29.575Z OK: top annDP=12.76% AP=+237.5% (solana-all-time-high-by-june-30-2026), below 14%
2026-03-26T12:21:32.669Z OK: top annDP=12.76% AP=+237.6% (solana-all-time-high-by-june-30-2026), below 14%
2026-03-26T12:23:31.763Z OK: top annDP=12.76% AP=+237.4% (solana-all-time-high-by-june-30-2026), below 14%
2026-03-26T12:25:31.791Z OK: top annDP=12.76% AP=+237.1% (solana-all-time-high-by-june-30-2026), below 14%
2026-03-26T12:27:30.654Z OK: top annDP=12.76% AP=+237.2% (solana-all-time-high-by-june-30-2026), below 14%
2026-03-26T12:29:29.516Z OK: top annDP=12.76% AP=+237.3% (solana-all-time-high-by-june-30-2026), below 14%
2026-03-26T12:31:30.809Z OK: top annDP=12.76% AP=+237.2% (solana-all-time-high-by-june-30-2026), below 14%
2026-03-26T12:33:30.989Z OK: top annDP=12.76% AP=+236.9% (solana-all-time-high-by-june-30-2026), below 14%
2026-03-26T12:35:30.818Z OK: top annDP=12.31% AP=+237.4% (solana-all-time-high-by-june-30-2026), below 14%
2026-03-26T12:37:29.878Z OK: top annDP=12.31% AP=+237.9% (solana-all-time-high-by-june-30-2026), below 14%
2026-03-26T12:39:29.677Z OK: top annDP=12.31% AP=+237.9% (solana-all-time-high-by-june-30-2026), below 14%
2026-03-26T12:41:29.123Z OK: top annDP=12.32% AP=+237.9% (solana-all-time-high-by-june-30-2026), below 14%
2026-03-26T12:43:30.397Z OK: top annDP=12.32% AP=+238.2% (solana-all-time-high-by-june-30-2026), below 14%
2026-03-26T12:45:30.744Z OK: top annDP=12.32% AP=+237.8% (solana-all-time-high-by-june-30-2026), below 14%
2026-03-26T12:47:30.754Z OK: top annDP=12.32% AP=+237.4% (solana-all-time-high-by-june-30-2026), below 14%
2026-03-26T12:49:29.935Z OK: top annDP=12.76% AP=+237.6% (solana-all-time-high-by-june-30-2026), below 14%
2026-03-26T12:51:29.181Z OK: top annDP=12.76% AP=+237.9% (solana-all-time-high-by-june-30-2026), below 14%
2026-03-26T12:53:28.894Z OK: top annDP=12.76% AP=+238.0% (solana-all-time-high-by-june-30-2026), below 14%
2026-03-26T12:55:30.738Z OK: top annDP=12.76% AP=+238.0% (solana-all-time-high-by-june-30-2026), below 14%
2026-03-26T12:57:29.552Z OK: top annDP=12.7% AP=+237.7% (solana-all-time-high-by-june-30-2026), below 14%
2026-03-26T12:59:28.712Z OK: top annDP=12.7% AP=+237.7% (solana-all-time-high-by-june-30-2026), below 14%
2026-03-26T13:01:29.071Z OK: top annDP=12.7% AP=+237.7% (solana-all-time-high-by-june-30-2026), below 14%
2026-03-26T13:03:28.591Z OK: top annDP=12.7% AP=+237.7% (solana-all-time-high-by-june-30-2026), below 14%
2026-03-26T13:05:29.985Z OK: top annDP=12.7% AP=+237.6% (solana-all-time-high-by-june-30-2026), below 14%
2026-03-26T13:07:29.693Z OK: top annDP=12.7% AP=+237.3% (solana-all-time-high-by-june-30-2026), below 14%
2026-03-26T13:09:28.055Z OK: top annDP=12.76% AP=+237.0% (solana-all-time-high-by-june-30-2026), below 14%
2026-03-26T13:11:28.588Z OK: top annDP=12.76% AP=+237.3% (solana-all-time-high-by-june-30-2026), below 14%
2026-03-26T13:13:28.997Z OK: top annDP=12.76% AP=+237.2% (solana-all-time-high-by-june-30-2026), below 14%
2026-03-26T13:15:30.287Z OK: top annDP=12.76% AP=+237.0% (solana-all-time-high-by-june-30-2026), below 14%
2026-03-26T13:17:28.237Z OK: top annDP=12.76% AP=+236.7% (solana-all-time-high-by-june-30-2026), below 14%
2026-03-26T13:19:30.485Z OK: top annDP=12.76% AP=+236.6% (solana-all-time-high-by-june-30-2026), below 14%
2026-03-26T13:21:29.294Z OK: top annDP=12.7% AP=+236.8% (solana-all-time-high-by-june-30-2026), below 14%
2026-03-26T13:23:29.624Z OK: top annDP=12.7% AP=+236.9% (solana-all-time-high-by-june-30-2026), below 14%
2026-03-26T13:25:29.664Z OK: top annDP=12.71% AP=+237.0% (solana-all-time-high-by-june-30-2026), below 14%
2026-03-26T13:27:29.697Z OK: top annDP=12.71% AP=+237.0% (solana-all-time-high-by-june-30-2026), below 14%
2026-03-26T13:29:29.726Z OK: top annDP=12.71% AP=+237.1% (solana-all-time-high-by-june-30-2026), below 14%
2026-03-26T13:31:29.813Z OK: top annDP=12.71% AP=+237.2% (solana-all-time-high-by-june-30-2026), below 14%
2026-03-26T13:33:29.399Z OK: top annDP=12.71% AP=+237.2% (solana-all-time-high-by-june-30-2026), below 14%
2026-03-26T13:35:29.341Z OK: top annDP=12.71% AP=+238.1% (solana-all-time-high-by-june-30-2026), below 14%
2026-03-26T13:37:29.108Z OK: top annDP=12.32% AP=+238.3% (solana-all-time-high-by-june-30-2026), below 14%
2026-03-26T13:39:35.065Z OK: top annDP=12.77% AP=+238.2% (solana-all-time-high-by-june-30-2026), below 14%
2026-03-26T13:44:01.748Z ERROR: page.goto: Timeout 60000ms exceeded.
Call log:
  - navigating to "https://inv.ondatamint.com/searcher/", waiting until "networkidle"

2026-03-26T13:46:02.044Z ERROR: page.goto: Timeout 60000ms exceeded.
Call log:
  - navigating to "https://inv.ondatamint.com/searcher/", waiting until "networkidle"

2026-03-26T13:48:01.571Z ERROR: page.goto: Timeout 60000ms exceeded.
Call log:
  - navigating to "https://inv.ondatamint.com/searcher/", waiting until "networkidle"

2026-03-26T13:50:01.860Z ERROR: page.goto: Timeout 60000ms exceeded.
Call log:
  - navigating to "https://inv.ondatamint.com/searcher/", waiting until "networkidle"

2026-03-26T13:52:02.166Z ERROR: page.goto: Timeout 60000ms exceeded.
Call log:
  - navigating to "https://inv.ondatamint.com/searcher/", waiting until "networkidle"

2026-03-26T13:54:01.466Z ERROR: page.goto: Timeout 60000ms exceeded.
Call log:
  - navigating to "https://inv.ondatamint.com/searcher/", waiting until "networkidle"

2026-03-26T13:56:01.765Z ERROR: page.goto: Timeout 60000ms exceeded.
Call log:
  - navigating to "https://inv.ondatamint.com/searcher/", waiting until "networkidle"

2026-03-26T13:58:02.083Z ERROR: page.goto: Timeout 60000ms exceeded.
Call log:
  - navigating to "https://inv.ondatamint.com/searcher/", waiting until "networkidle"

2026-03-26T13:59:49.251Z ERROR: page.click: Timeout 30000ms exceeded.
Call log:
  - waiting for locator('#refresh-button')

2026-03-26T14:01:28.616Z OK: top annDP=12.41% AP=+165.9% (xrp-all-time-high-by-june-30-2026), below 14%
2026-03-26T14:03:29.010Z OK: top annDP=12.41% AP=+165.5% (xrp-all-time-high-by-june-30-2026), below 14%
2026-03-26T14:05:29.104Z OK: top annDP=12.41% AP=+165.7% (xrp-all-time-high-by-june-30-2026), below 14%
2026-03-26T14:07:30.350Z OK: top annDP=12.41% AP=+165.4% (xrp-all-time-high-by-june-30-2026), below 14%
2026-03-26T14:09:29.376Z OK: top annDP=12.41% AP=+165.1% (xrp-all-time-high-by-june-30-2026), below 14%
2026-03-26T14:11:29.370Z OK: top annDP=12.41% AP=+165.9% (xrp-all-time-high-by-june-30-2026), below 14%
2026-03-26T14:13:28.815Z OK: top annDP=12.41% AP=+166.2% (xrp-all-time-high-by-june-30-2026), below 14%
2026-03-26T14:15:29.618Z OK: top annDP=12.41% AP=+166.3% (xrp-all-time-high-by-june-30-2026), below 14%
2026-03-26T14:17:29.934Z OK: top annDP=12.41% AP=+166.3% (xrp-all-time-high-by-june-30-2026), below 14%
2026-03-26T14:19:29.305Z OK: top annDP=11.27% AP=+115.4% (will-bitcoin-hit-150k-by-june-30-2026), below 14%
2026-03-26T14:21:29.968Z OK: top annDP=11.27% AP=+115.7% (will-bitcoin-hit-150k-by-june-30-2026), below 14%
2026-03-26T14:23:30.079Z OK: top annDP=11.27% AP=+116.1% (will-bitcoin-hit-150k-by-june-30-2026), below 14%
2026-03-26T14:25:28.887Z OK: top annDP=11.27% AP=+115.8% (will-bitcoin-hit-150k-by-june-30-2026), below 14%
2026-03-26T14:27:29.329Z OK: top annDP=11.27% AP=+115.6% (will-bitcoin-hit-150k-by-june-30-2026), below 14%
2026-03-26T14:29:29.196Z OK: top annDP=11.27% AP=+115.3% (will-bitcoin-hit-150k-by-june-30-2026), below 14%
2026-03-26T14:31:29.433Z OK: top annDP=11.27% AP=+115.5% (will-bitcoin-hit-150k-by-june-30-2026), below 14%
2026-03-26T14:33:29.138Z OK: top annDP=11.27% AP=+115.1% (will-bitcoin-hit-150k-by-june-30-2026), below 14%
2026-03-26T14:35:29.400Z OK: top annDP=11.27% AP=+115.3% (will-bitcoin-hit-150k-by-june-30-2026), below 14%
2026-03-26T14:37:29.142Z OK: top annDP=11.27% AP=+115.2% (will-bitcoin-hit-150k-by-june-30-2026), below 14%
2026-03-26T14:39:29.259Z OK: top annDP=11.27% AP=+115.4% (will-bitcoin-hit-150k-by-june-30-2026), below 14%
2026-03-26T14:41:29.634Z OK: top annDP=11.27% AP=+115.4% (will-bitcoin-hit-150k-by-june-30-2026), below 14%
2026-03-26T14:43:29.490Z OK: top annDP=11.11% AP=+115.4% (will-bitcoin-hit-150k-by-june-30-2026), below 14%
2026-03-26T14:45:29.393Z OK: top annDP=11.27% AP=+115.7% (will-bitcoin-hit-150k-by-june-30-2026), below 14%
2026-03-26T14:47:29.285Z OK: top annDP=11.27% AP=+115.9% (will-bitcoin-hit-150k-by-june-30-2026), below 14%
2026-03-26T14:49:29.547Z OK: top annDP=11.27% AP=+115.9% (will-bitcoin-hit-150k-by-june-30-2026), below 14%
2026-03-26T14:51:29.543Z OK: top annDP=11.28% AP=+116.1% (will-bitcoin-hit-150k-by-june-30-2026), below 14%
2026-03-26T14:53:30.153Z OK: top annDP=11.27% AP=+115.9% (will-bitcoin-hit-150k-by-june-30-2026), below 14%
2026-03-26T14:55:30.864Z OK: top annDP=11.11% AP=+116.3% (will-bitcoin-hit-150k-by-june-30-2026), below 14%
2026-03-26T14:57:30.076Z OK: top annDP=11.28% AP=+116.1% (will-bitcoin-hit-150k-by-june-30-2026), below 14%
2026-03-26T14:59:29.002Z OK: top annDP=11.11% AP=+116.1% (will-bitcoin-hit-150k-by-june-30-2026), below 14%
2026-03-26T15:01:28.904Z OK: top annDP=11.28% AP=+115.9% (will-bitcoin-hit-150k-by-june-30-2026), below 14%
2026-03-26T15:03:29.434Z OK: top annDP=11.28% AP=+116.2% (will-bitcoin-hit-150k-by-june-30-2026), below 14%
2026-03-26T15:05:28.813Z OK: top annDP=11.28% AP=+116.1% (will-bitcoin-hit-150k-by-june-30-2026), below 14%
2026-03-26T15:07:28.951Z OK: top annDP=11.28% AP=+116.2% (will-bitcoin-hit-150k-by-june-30-2026), below 14%
2026-03-26T15:09:29.384Z OK: top annDP=11.98% AP=+239.0% (solana-all-time-high-by-june-30-2026), below 14%
2026-03-26T15:11:29.064Z OK: top annDP=11.98% AP=+239.4% (solana-all-time-high-by-june-30-2026), below 14%
2026-03-26T15:13:28.690Z OK: top annDP=11.98% AP=+239.6% (solana-all-time-high-by-june-30-2026), below 14%
2026-03-26T15:15:29.566Z OK: top annDP=11.98% AP=+239.9% (solana-all-time-high-by-june-30-2026), below 14%
2026-03-26T15:17:28.498Z OK: top annDP=11.98% AP=+239.4% (solana-all-time-high-by-june-30-2026), below 14%
2026-03-26T15:19:29.695Z OK: top annDP=11.98% AP=+239.8% (solana-all-time-high-by-june-30-2026), below 14%
2026-03-26T15:21:29.005Z OK: top annDP=11.98% AP=+239.3% (solana-all-time-high-by-june-30-2026), below 14%
2026-03-26T15:23:29.462Z OK: top annDP=11.98% AP=+239.0% (solana-all-time-high-by-june-30-2026), below 14%
2026-03-26T15:25:28.943Z OK: top annDP=11.98% AP=+238.4% (solana-all-time-high-by-june-30-2026), below 14%
2026-03-26T15:27:29.937Z OK: top annDP=11.98% AP=+238.2% (solana-all-time-high-by-june-30-2026), below 14%
2026-03-26T15:29:30.034Z OK: top annDP=11.98% AP=+238.0% (solana-all-time-high-by-june-30-2026), below 14%
2026-03-26T15:31:28.964Z OK: top annDP=11.98% AP=+238.4% (solana-all-time-high-by-june-30-2026), below 14%
2026-03-26T15:33:29.607Z OK: top annDP=11.98% AP=+238.4% (solana-all-time-high-by-june-30-2026), below 14%
2026-03-26T15:35:29.495Z OK: top annDP=11.98% AP=+238.7% (solana-all-time-high-by-june-30-2026), below 14%
2026-03-26T15:37:29.948Z OK: top annDP=11.98% AP=+238.6% (solana-all-time-high-by-june-30-2026), below 14%
2026-03-26T15:39:29.589Z OK: top annDP=11.98% AP=+238.6% (solana-all-time-high-by-june-30-2026), below 14%
2026-03-26T15:41:29.206Z OK: top annDP=11.98% AP=+238.4% (solana-all-time-high-by-june-30-2026), below 14%
2026-03-26T15:43:29.965Z OK: top annDP=11.98% AP=+238.6% (solana-all-time-high-by-june-30-2026), below 14%
2026-03-26T15:45:29.702Z OK: top annDP=11.98% AP=+238.4% (solana-all-time-high-by-june-30-2026), below 14%
2026-03-26T15:47:29.693Z OK: top annDP=11.98% AP=+237.8% (solana-all-time-high-by-june-30-2026), below 14%
2026-03-26T15:49:29.603Z OK: top annDP=11.98% AP=+237.6% (solana-all-time-high-by-june-30-2026), below 14%
2026-03-26T15:51:29.540Z OK: top annDP=11.98% AP=+237.6% (solana-all-time-high-by-june-30-2026), below 14%
2026-03-26T15:53:28.776Z OK: top annDP=11.98% AP=+237.4% (solana-all-time-high-by-june-30-2026), below 14%
2026-03-26T15:55:29.388Z OK: top annDP=11.98% AP=+237.4% (solana-all-time-high-by-june-30-2026), below 14%
2026-03-26T15:57:28.637Z OK: top annDP=11.98% AP=+237.6% (solana-all-time-high-by-june-30-2026), below 14%
2026-03-26T15:59:29.795Z OK: top annDP=11.98% AP=+238.1% (solana-all-time-high-by-june-30-2026), below 14%
2026-03-26T16:01:29.426Z OK: top annDP=11.98% AP=+238.0% (solana-all-time-high-by-june-30-2026), below 14%
2026-03-26T16:03:29.489Z OK: top annDP=11.98% AP=+237.9% (solana-all-time-high-by-june-30-2026), below 14%
2026-03-26T16:05:29.814Z OK: top annDP=11.98% AP=+237.8% (solana-all-time-high-by-june-30-2026), below 14%
2026-03-26T16:07:29.943Z OK: top annDP=11.98% AP=+237.8% (solana-all-time-high-by-june-30-2026), below 14%
2026-03-26T16:09:29.456Z OK: top annDP=11.98% AP=+237.8% (solana-all-time-high-by-june-30-2026), below 14%
2026-03-26T16:11:29.535Z OK: top annDP=11.98% AP=+238.2% (solana-all-time-high-by-june-30-2026), below 14%
2026-03-26T16:13:28.697Z OK: top annDP=11.98% AP=+238.0% (solana-all-time-high-by-june-30-2026), below 14%
2026-03-26T16:15:29.638Z OK: top annDP=11.98% AP=+238.1% (solana-all-time-high-by-june-30-2026), below 14%
2026-03-26T16:17:28.689Z OK: top annDP=11.98% AP=+238.7% (solana-all-time-high-by-june-30-2026), below 14%
2026-03-26T16:19:29.599Z OK: top annDP=11.98% AP=+237.4% (solana-all-time-high-by-june-30-2026), below 14%
2026-03-26T16:21:29.527Z OK: top annDP=11.92% AP=+237.5% (solana-all-time-high-by-june-30-2026), below 14%
2026-03-26T16:23:29.488Z OK: top annDP=11.92% AP=+237.8% (solana-all-time-high-by-june-30-2026), below 14%
2026-03-26T16:25:29.967Z OK: top annDP=11.92% AP=+237.3% (solana-all-time-high-by-june-30-2026), below 14%
2026-03-26T16:27:30.028Z OK: top annDP=11.92% AP=+237.3% (solana-all-time-high-by-june-30-2026), below 14%
2026-03-26T16:29:29.274Z OK: top annDP=11.92% AP=+237.8% (solana-all-time-high-by-june-30-2026), below 14%
2026-03-26T16:31:37.531Z ERROR: page.click: Timeout 30000ms exceeded.
Call log:
  - waiting for locator('#refresh-button')

2026-03-26T16:33:29.028Z OK: top annDP=11.92% AP=+238.2% (solana-all-time-high-by-june-30-2026), below 14%
2026-03-26T16:35:29.045Z OK: top annDP=11.92% AP=+238.3% (solana-all-time-high-by-june-30-2026), below 14%
2026-03-26T16:37:29.671Z OK: top annDP=11.92% AP=+238.1% (solana-all-time-high-by-june-30-2026), below 14%
2026-03-26T16:39:29.634Z OK: top annDP=11.93% AP=+238.2% (solana-all-time-high-by-june-30-2026), below 14%
2026-03-26T16:41:29.395Z OK: top annDP=11.93% AP=+238.5% (solana-all-time-high-by-june-30-2026), below 14%
2026-03-26T16:43:30.119Z OK: top annDP=11.93% AP=+239.2% (solana-all-time-high-by-june-30-2026), below 14%
2026-03-26T16:45:28.652Z OK: top annDP=11.93% AP=+239.2% (solana-all-time-high-by-june-30-2026), below 14%
2026-03-26T16:47:29.063Z OK: top annDP=11.93% AP=+238.8% (solana-all-time-high-by-june-30-2026), below 14%
2026-03-26T16:49:29.220Z OK: top annDP=11.93% AP=+239.2% (solana-all-time-high-by-june-30-2026), below 14%
2026-03-26T16:51:29.487Z OK: top annDP=11.93% AP=+239.3% (solana-all-time-high-by-june-30-2026), below 14%
2026-03-26T16:53:28.666Z OK: top annDP=11.93% AP=+239.1% (solana-all-time-high-by-june-30-2026), below 14%
2026-03-26T16:55:28.547Z OK: top annDP=11.93% AP=+239.2% (solana-all-time-high-by-june-30-2026), below 14%
2026-03-26T16:57:29.608Z OK: top annDP=11.93% AP=+239.1% (solana-all-time-high-by-june-30-2026), below 14%
2026-03-26T16:59:29.537Z OK: top annDP=11.93% AP=+239.1% (solana-all-time-high-by-june-30-2026), below 14%
2026-03-26T17:01:29.845Z OK: top annDP=11.93% AP=+239.3% (solana-all-time-high-by-june-30-2026), below 14%
2026-03-26T17:03:30.778Z OK: top annDP=11.93% AP=+239.0% (solana-all-time-high-by-june-30-2026), below 14%
2026-03-26T17:05:29.419Z OK: top annDP=11.93% AP=+238.7% (solana-all-time-high-by-june-30-2026), below 14%
2026-03-26T17:07:28.221Z OK: top annDP=11.93% AP=+238.5% (solana-all-time-high-by-june-30-2026), below 14%
2026-03-26T17:09:29.373Z OK: top annDP=11.93% AP=+239.0% (solana-all-time-high-by-june-30-2026), below 14%
2026-03-26T17:11:29.843Z OK: top annDP=11.93% AP=+239.1% (solana-all-time-high-by-june-30-2026), below 14%
2026-03-26T17:13:29.466Z OK: top annDP=11.93% AP=+239.6% (solana-all-time-high-by-june-30-2026), below 14%
2026-03-26T17:15:29.262Z OK: top annDP=11.93% AP=+239.6% (solana-all-time-high-by-june-30-2026), below 14%
2026-03-26T17:17:28.676Z OK: top annDP=11.93% AP=+239.5% (solana-all-time-high-by-june-30-2026), below 14%
2026-03-26T17:19:29.220Z OK: top annDP=11.93% AP=+239.3% (solana-all-time-high-by-june-30-2026), below 14%
2026-03-26T17:21:28.867Z OK: top annDP=11.93% AP=+239.1% (solana-all-time-high-by-june-30-2026), below 14%
2026-03-26T17:23:29.295Z OK: top annDP=11.93% AP=+239.4% (solana-all-time-high-by-june-30-2026), below 14%
2026-03-26T17:25:30.288Z OK: top annDP=11.93% AP=+239.2% (solana-all-time-high-by-june-30-2026), below 14%
2026-03-26T17:27:30.059Z OK: top annDP=11.93% AP=+239.3% (solana-all-time-high-by-june-30-2026), below 14%
2026-03-26T17:29:28.798Z OK: top annDP=11.93% AP=+239.2% (solana-all-time-high-by-june-30-2026), below 14%
2026-03-26T17:31:29.639Z OK: top annDP=11.93% AP=+238.7% (solana-all-time-high-by-june-30-2026), below 14%
2026-03-26T17:33:29.054Z OK: top annDP=11.93% AP=+238.7% (solana-all-time-high-by-june-30-2026), below 14%
2026-03-26T17:35:31.180Z OK: top annDP=11.93% AP=+238.3% (solana-all-time-high-by-june-30-2026), below 14%
2026-03-26T17:37:30.358Z OK: top annDP=11.93% AP=+238.5% (solana-all-time-high-by-june-30-2026), below 14%
2026-03-26T17:39:31.204Z OK: top annDP=11.93% AP=+238.8% (solana-all-time-high-by-june-30-2026), below 14%
2026-03-26T17:41:28.650Z OK: top annDP=11.93% AP=+239.0% (solana-all-time-high-by-june-30-2026), below 14%
2026-03-26T17:43:29.227Z OK: top annDP=11.93% AP=+239.2% (solana-all-time-high-by-june-30-2026), below 14%
2026-03-26T17:45:29.986Z OK: top annDP=11.93% AP=+239.3% (solana-all-time-high-by-june-30-2026), below 14%
2026-03-26T17:47:29.335Z OK: top annDP=11.92% AP=+239.3% (solana-all-time-high-by-june-30-2026), below 14%
2026-03-26T17:49:29.219Z OK: top annDP=11.92% AP=+240.0% (solana-all-time-high-by-june-30-2026), below 14%
2026-03-26T17:51:29.493Z OK: top annDP=12.34% AP=+240.3% (solana-all-time-high-by-june-30-2026), below 14%
2026-03-26T17:53:29.739Z OK: top annDP=12.34% AP=+240.5% (solana-all-time-high-by-june-30-2026), below 14%
2026-03-26T17:55:29.682Z OK: top annDP=12.34% AP=+240.2% (solana-all-time-high-by-june-30-2026), below 14%
2026-03-26T17:57:29.583Z OK: top annDP=12.35% AP=+240.6% (solana-all-time-high-by-june-30-2026), below 14%
2026-03-26T17:59:29.929Z OK: top annDP=12.35% AP=+241.3% (solana-all-time-high-by-june-30-2026), below 14%
2026-03-26T18:01:29.087Z OK: top annDP=12.35% AP=+241.2% (solana-all-time-high-by-june-30-2026), below 14%
2026-03-26T18:03:29.045Z OK: top annDP=12.35% AP=+241.1% (solana-all-time-high-by-june-30-2026), below 14%
2026-03-26T18:05:29.594Z OK: top annDP=12.35% AP=+241.6% (solana-all-time-high-by-june-30-2026), below 14%
2026-03-26T18:07:29.893Z OK: top annDP=12.35% AP=+241.6% (solana-all-time-high-by-june-30-2026), below 14%
2026-03-26T18:09:29.847Z OK: top annDP=12.35% AP=+241.6% (solana-all-time-high-by-june-30-2026), below 14%
2026-03-26T18:11:29.114Z OK: top annDP=12.35% AP=+241.9% (solana-all-time-high-by-june-30-2026), below 14%
2026-03-26T18:13:28.940Z OK: top annDP=12.35% AP=+242.0% (solana-all-time-high-by-june-30-2026), below 14%
2026-03-26T18:15:30.006Z OK: top annDP=12.35% AP=+241.8% (solana-all-time-high-by-june-30-2026), below 14%
2026-03-26T18:17:29.998Z OK: top annDP=12.35% AP=+242.2% (solana-all-time-high-by-june-30-2026), below 14%
2026-03-26T18:19:30.055Z OK: top annDP=11.54% AP=+242.8% (solana-all-time-high-by-june-30-2026), below 14%
2026-03-26T18:21:29.607Z OK: top annDP=12.35% AP=+243.9% (solana-all-time-high-by-june-30-2026), below 14%
2026-03-26T18:23:29.715Z OK: top annDP=12.35% AP=+243.5% (solana-all-time-high-by-june-30-2026), below 14%
2026-03-26T18:25:29.468Z OK: top annDP=12.35% AP=+243.7% (solana-all-time-high-by-june-30-2026), below 14%
2026-03-26T18:27:28.570Z OK: top annDP=12.35% AP=+244.5% (solana-all-time-high-by-june-30-2026), below 14%
2026-03-26T18:29:30.154Z OK: top annDP=12.35% AP=+244.4% (solana-all-time-high-by-june-30-2026), below 14%
2026-03-26T18:31:29.435Z OK: top annDP=12.35% AP=+244.2% (solana-all-time-high-by-june-30-2026), below 14%
2026-03-26T18:33:30.278Z OK: top annDP=12.35% AP=+244.8% (solana-all-time-high-by-june-30-2026), below 14%
2026-03-26T18:35:30.093Z OK: top annDP=12.35% AP=+244.9% (solana-all-time-high-by-june-30-2026), below 14%
2026-03-26T18:37:29.867Z OK: top annDP=12.35% AP=+244.4% (solana-all-time-high-by-june-30-2026), below 14%
2026-03-26T18:39:30.328Z OK: top annDP=12.35% AP=+244.1% (solana-all-time-high-by-june-30-2026), below 14%
2026-03-26T18:41:29.890Z OK: top annDP=12.35% AP=+243.9% (solana-all-time-high-by-june-30-2026), below 14%
2026-03-26T18:43:29.804Z OK: top annDP=12.35% AP=+244.2% (solana-all-time-high-by-june-30-2026), below 14%
2026-03-26T18:45:29.930Z OK: top annDP=12.35% AP=+244.1% (solana-all-time-high-by-june-30-2026), below 14%
2026-03-26T18:47:29.839Z OK: top annDP=12.35% AP=+244.1% (solana-all-time-high-by-june-30-2026), below 14%
2026-03-26T18:49:30.056Z OK: top annDP=12.35% AP=+243.9% (solana-all-time-high-by-june-30-2026), below 14%
2026-03-26T18:51:29.715Z OK: top annDP=12.35% AP=+243.9% (solana-all-time-high-by-june-30-2026), below 14%
2026-03-26T18:53:41.641Z OK: top annDP=12.35% AP=+243.7% (solana-all-time-high-by-june-30-2026), below 14%
2026-03-26T18:55:29.501Z OK: top annDP=12.35% AP=+243.5% (solana-all-time-high-by-june-30-2026), below 14%
2026-03-26T18:57:29.555Z OK: top annDP=12.35% AP=+243.8% (solana-all-time-high-by-june-30-2026), below 14%
2026-03-26T18:59:29.681Z OK: top annDP=12.35% AP=+243.8% (solana-all-time-high-by-june-30-2026), below 14%
2026-03-26T19:01:29.474Z OK: top annDP=12.35% AP=+243.9% (solana-all-time-high-by-june-30-2026), below 14%
2026-03-26T19:03:28.556Z OK: top annDP=12.35% AP=+244.0% (solana-all-time-high-by-june-30-2026), below 14%
2026-03-26T19:05:28.567Z OK: top annDP=12.35% AP=+243.8% (solana-all-time-high-by-june-30-2026), below 14%
2026-03-26T19:07:28.712Z OK: top annDP=12.35% AP=+244.1% (solana-all-time-high-by-june-30-2026), below 14%
2026-03-26T19:09:28.437Z OK: top annDP=12.35% AP=+244.2% (solana-all-time-high-by-june-30-2026), below 14%
2026-03-26T19:11:28.838Z OK: top annDP=12.35% AP=+243.9% (solana-all-time-high-by-june-30-2026), below 14%
2026-03-26T19:13:30.182Z OK: top annDP=12.35% AP=+243.9% (solana-all-time-high-by-june-30-2026), below 14%
2026-03-26T19:15:29.607Z OK: top annDP=12.35% AP=+244.1% (solana-all-time-high-by-june-30-2026), below 14%
2026-03-26T19:17:29.021Z OK: top annDP=12.35% AP=+244.1% (solana-all-time-high-by-june-30-2026), below 14%
2026-03-26T19:19:29.084Z OK: top annDP=12.35% AP=+244.0% (solana-all-time-high-by-june-30-2026), below 14%
2026-03-26T19:21:30.061Z OK: top annDP=12.35% AP=+243.8% (solana-all-time-high-by-june-30-2026), below 14%
2026-03-26T19:23:29.953Z OK: top annDP=12.35% AP=+243.9% (solana-all-time-high-by-june-30-2026), below 14%
2026-03-26T19:25:29.661Z OK: top annDP=12.35% AP=+243.7% (solana-all-time-high-by-june-30-2026), below 14%
2026-03-26T19:32:02.018Z ERROR: page.goto: Timeout 60000ms exceeded.
Call log:
  - navigating to "https://inv.ondatamint.com/searcher/", waiting until "networkidle"

2026-03-26T19:34:02.062Z ERROR: page.goto: Timeout 60000ms exceeded.
Call log:
  - navigating to "https://inv.ondatamint.com/searcher/", waiting until "networkidle"

2026-03-26T19:36:01.355Z ERROR: page.goto: Timeout 60000ms exceeded.
Call log:
  - navigating to "https://inv.ondatamint.com/searcher/", waiting until "networkidle"

2026-03-26T19:38:01.673Z ERROR: page.goto: Timeout 60000ms exceeded.
Call log:
  - navigating to "https://inv.ondatamint.com/searcher/", waiting until "networkidle"

2026-03-26T19:40:02.115Z ERROR: page.goto: Timeout 60000ms exceeded.
Call log:
  - navigating to "https://inv.ondatamint.com/searcher/", waiting until "networkidle"

2026-03-26T19:42:01.611Z ERROR: page.goto: Timeout 60000ms exceeded.
Call log:
  - navigating to "https://inv.ondatamint.com/searcher/", waiting until "networkidle"

2026-03-26T19:45:26.779Z ERROR: page.goto: Timeout 60000ms exceeded.
Call log:
  - navigating to "https://inv.ondatamint.com/searcher/", waiting until "networkidle"

2026-03-26T19:46:27.280Z ERROR: page.goto: Timeout 60000ms exceeded.
Call log:
  - navigating to "https://inv.ondatamint.com/searcher/", waiting until "networkidle"

2026-03-26T19:48:01.897Z ERROR: page.goto: Timeout 60000ms exceeded.
Call log:
  - navigating to "https://inv.ondatamint.com/searcher/", waiting until "networkidle"

2026-03-26T19:50:02.208Z ERROR: page.goto: Timeout 60000ms exceeded.
Call log:
  - navigating to "https://inv.ondatamint.com/searcher/", waiting until "networkidle"

2026-03-26T19:52:01.511Z ERROR: page.goto: Timeout 60000ms exceeded.
Call log:
  - navigating to "https://inv.ondatamint.com/searcher/", waiting until "networkidle"

2026-03-26T19:54:01.821Z ERROR: page.goto: Timeout 60000ms exceeded.
Call log:
  - navigating to "https://inv.ondatamint.com/searcher/", waiting until "networkidle"

2026-03-26T19:56:02.129Z ERROR: page.goto: Timeout 60000ms exceeded.
Call log:
  - navigating to "https://inv.ondatamint.com/searcher/", waiting until "networkidle"

2026-03-26T19:58:01.722Z ERROR: page.goto: Timeout 60000ms exceeded.
Call log:
  - navigating to "https://inv.ondatamint.com/searcher/", waiting until "networkidle"

2026-03-26T20:00:02.321Z ERROR: page.goto: Timeout 60000ms exceeded.
Call log:
  - navigating to "https://inv.ondatamint.com/searcher/", waiting until "networkidle"

2026-03-26T20:02:01.709Z ERROR: page.goto: Timeout 60000ms exceeded.
Call log:
  - navigating to "https://inv.ondatamint.com/searcher/", waiting until "networkidle"

2026-03-26T20:04:02.072Z ERROR: page.goto: Timeout 60000ms exceeded.
Call log:
  - navigating to "https://inv.ondatamint.com/searcher/", waiting until "networkidle"

2026-03-26T20:06:01.561Z ERROR: page.goto: Timeout 60000ms exceeded.
Call log:
  - navigating to "https://inv.ondatamint.com/searcher/", waiting until "networkidle"

2026-03-26T20:08:01.974Z ERROR: page.goto: Timeout 60000ms exceeded.
Call log:
  - navigating to "https://inv.ondatamint.com/searcher/", waiting until "networkidle"

2026-03-26T20:10:01.422Z ERROR: page.goto: Timeout 60000ms exceeded.
Call log:
  - navigating to "https://inv.ondatamint.com/searcher/", waiting until "networkidle"

2026-03-26T20:12:01.890Z ERROR: page.goto: Timeout 60000ms exceeded.
Call log:
  - navigating to "https://inv.ondatamint.com/searcher/", waiting until "networkidle"

2026-03-26T20:14:02.268Z ERROR: page.goto: Timeout 60000ms exceeded.
Call log:
  - navigating to "https://inv.ondatamint.com/searcher/", waiting until "networkidle"

2026-03-26T20:16:01.806Z ERROR: page.goto: Timeout 60000ms exceeded.
Call log:
  - navigating to "https://inv.ondatamint.com/searcher/", waiting until "networkidle"

2026-03-26T20:18:02.339Z ERROR: page.goto: Timeout 60000ms exceeded.
Call log:
  - navigating to "https://inv.ondatamint.com/searcher/", waiting until "networkidle"

2026-03-26T20:20:01.959Z ERROR: page.goto: Timeout 60000ms exceeded.
Call log:
  - navigating to "https://inv.ondatamint.com/searcher/", waiting until "networkidle"

2026-03-26T20:22:02.311Z ERROR: page.goto: Timeout 60000ms exceeded.
Call log:
  - navigating to "https://inv.ondatamint.com/searcher/", waiting until "networkidle"

2026-03-26T20:24:01.702Z ERROR: page.goto: Timeout 60000ms exceeded.
Call log:
  - navigating to "https://inv.ondatamint.com/searcher/", waiting until "networkidle"

2026-03-26T20:26:02.120Z ERROR: page.goto: Timeout 60000ms exceeded.
Call log:
  - navigating to "https://inv.ondatamint.com/searcher/", waiting until "networkidle"

2026-03-26T20:28:01.602Z ERROR: page.goto: Timeout 60000ms exceeded.
Call log:
  - navigating to "https://inv.ondatamint.com/searcher/", waiting until "networkidle"

2026-03-26T20:30:02.171Z ERROR: page.goto: Timeout 60000ms exceeded.
Call log:
  - navigating to "https://inv.ondatamint.com/searcher/", waiting until "networkidle"

2026-03-26T20:32:02.199Z ERROR: page.goto: Timeout 60000ms exceeded.
Call log:
  - navigating to "https://inv.ondatamint.com/searcher/", waiting until "networkidle"

2026-03-26T20:34:01.499Z ERROR: page.goto: Timeout 60000ms exceeded.
Call log:
  - navigating to "https://inv.ondatamint.com/searcher/", waiting until "networkidle"

2026-03-26T20:36:01.791Z ERROR: page.goto: Timeout 60000ms exceeded.
Call log:
  - navigating to "https://inv.ondatamint.com/searcher/", waiting until "networkidle"

2026-03-26T20:38:02.299Z ERROR: page.goto: Timeout 60000ms exceeded.
Call log:
  - navigating to "https://inv.ondatamint.com/searcher/", waiting until "networkidle"

2026-03-26T20:40:01.848Z ERROR: page.goto: Timeout 60000ms exceeded.
Call log:
  - navigating to "https://inv.ondatamint.com/searcher/", waiting until "networkidle"

2026-03-26T20:42:02.174Z ERROR: page.goto: Timeout 60000ms exceeded.
Call log:
  - navigating to "https://inv.ondatamint.com/searcher/", waiting until "networkidle"

2026-03-26T20:44:01.785Z ERROR: page.goto: Timeout 60000ms exceeded.
Call log:
  - navigating to "https://inv.ondatamint.com/searcher/", waiting until "networkidle"

2026-03-26T20:46:01.909Z ERROR: page.goto: Timeout 60000ms exceeded.
Call log:
  - navigating to "https://inv.ondatamint.com/searcher/", waiting until "networkidle"

2026-03-26T20:48:01.521Z ERROR: page.goto: Timeout 60000ms exceeded.
Call log:
  - navigating to "https://inv.ondatamint.com/searcher/", waiting until "networkidle"

2026-03-26T20:50:01.950Z ERROR: page.goto: Timeout 60000ms exceeded.
Call log:
  - navigating to "https://inv.ondatamint.com/searcher/", waiting until "networkidle"

2026-03-26T20:52:02.545Z ERROR: page.goto: Timeout 60000ms exceeded.
Call log:
  - navigating to "https://inv.ondatamint.com/searcher/", waiting until "networkidle"

2026-03-26T20:54:01.904Z ERROR: page.goto: Timeout 60000ms exceeded.
Call log:
  - navigating to "https://inv.ondatamint.com/searcher/", waiting until "networkidle"

2026-03-26T20:56:02.088Z ERROR: page.goto: Timeout 60000ms exceeded.
Call log:
  - navigating to "https://inv.ondatamint.com/searcher/", waiting until "networkidle"

2026-03-26T20:58:01.683Z ERROR: page.goto: Timeout 60000ms exceeded.
Call log:
  - navigating to "https://inv.ondatamint.com/searcher/", waiting until "networkidle"

2026-03-26T21:00:09.212Z ERROR: page.goto: Timeout 60000ms exceeded.
Call log:
  - navigating to "https://inv.ondatamint.com/searcher/", waiting until "networkidle"

2026-03-26T21:02:01.427Z ERROR: page.goto: Timeout 60000ms exceeded.
Call log:
  - navigating to "https://inv.ondatamint.com/searcher/", waiting until "networkidle"

2026-03-26T21:04:01.932Z ERROR: page.goto: Timeout 60000ms exceeded.
Call log:
  - navigating to "https://inv.ondatamint.com/searcher/", waiting until "networkidle"

2026-03-26T21:06:02.400Z ERROR: page.goto: Timeout 60000ms exceeded.
Call log:
  - navigating to "https://inv.ondatamint.com/searcher/", waiting until "networkidle"

2026-03-26T21:08:01.863Z ERROR: page.goto: Timeout 60000ms exceeded.
Call log:
  - navigating to "https://inv.ondatamint.com/searcher/", waiting until "networkidle"

2026-03-26T21:10:02.247Z ERROR: page.goto: Timeout 60000ms exceeded.
Call log:
  - navigating to "https://inv.ondatamint.com/searcher/", waiting until "networkidle"

2026-03-26T21:12:01.621Z ERROR: page.goto: Timeout 60000ms exceeded.
Call log:
  - navigating to "https://inv.ondatamint.com/searcher/", waiting until "networkidle"

2026-03-26T21:14:02.056Z ERROR: page.goto: Timeout 60000ms exceeded.
Call log:
  - navigating to "https://inv.ondatamint.com/searcher/", waiting until "networkidle"

2026-03-26T21:16:01.436Z ERROR: page.goto: Timeout 60000ms exceeded.
Call log:
  - navigating to "https://inv.ondatamint.com/searcher/", waiting until "networkidle"

2026-03-26T21:18:02.002Z ERROR: page.goto: Timeout 60000ms exceeded.
Call log:
  - navigating to "https://inv.ondatamint.com/searcher/", waiting until "networkidle"

2026-03-26T21:20:01.465Z ERROR: page.goto: Timeout 60000ms exceeded.
Call log:
  - navigating to "https://inv.ondatamint.com/searcher/", waiting until "networkidle"

2026-03-26T21:22:01.854Z ERROR: page.goto: Timeout 60000ms exceeded.
Call log:
  - navigating to "https://inv.ondatamint.com/searcher/", waiting until "networkidle"

2026-03-26T21:24:02.301Z ERROR: page.goto: Timeout 60000ms exceeded.
Call log:
  - navigating to "https://inv.ondatamint.com/searcher/", waiting until "networkidle"

2026-03-26T21:26:01.737Z ERROR: page.goto: Timeout 60000ms exceeded.
Call log:
  - navigating to "https://inv.ondatamint.com/searcher/", waiting until "networkidle"

2026-03-26T21:28:02.190Z ERROR: page.goto: Timeout 60000ms exceeded.
Call log:
  - navigating to "https://inv.ondatamint.com/searcher/", waiting until "networkidle"

2026-03-26T21:30:01.605Z ERROR: page.goto: Timeout 60000ms exceeded.
Call log:
  - navigating to "https://inv.ondatamint.com/searcher/", waiting until "networkidle"

2026-03-26T21:32:02.020Z ERROR: page.goto: Timeout 60000ms exceeded.
Call log:
  - navigating to "https://inv.ondatamint.com/searcher/", waiting until "networkidle"

2026-03-26T21:34:01.495Z ERROR: page.goto: Timeout 60000ms exceeded.
Call log:
  - navigating to "https://inv.ondatamint.com/searcher/", waiting until "networkidle"

2026-03-26T21:36:01.862Z ERROR: page.goto: Timeout 60000ms exceeded.
Call log:
  - navigating to "https://inv.ondatamint.com/searcher/", waiting until "networkidle"

2026-03-26T21:38:02.242Z ERROR: page.goto: Timeout 60000ms exceeded.
Call log:
  - navigating to "https://inv.ondatamint.com/searcher/", waiting until "networkidle"

2026-03-26T21:40:01.677Z ERROR: page.goto: Timeout 60000ms exceeded.
Call log:
  - navigating to "https://inv.ondatamint.com/searcher/", waiting until "networkidle"

2026-03-26T21:42:02.021Z ERROR: page.goto: Timeout 60000ms exceeded.
Call log:
  - navigating to "https://inv.ondatamint.com/searcher/", waiting until "networkidle"

2026-03-26T21:44:02.271Z ERROR: page.goto: Timeout 60000ms exceeded.
Call log:
  - navigating to "https://inv.ondatamint.com/searcher/", waiting until "networkidle"

2026-03-26T21:46:01.578Z ERROR: page.goto: Timeout 60000ms exceeded.
Call log:
  - navigating to "https://inv.ondatamint.com/searcher/", waiting until "networkidle"

2026-03-26T21:48:01.997Z ERROR: page.goto: Timeout 60000ms exceeded.
Call log:
  - navigating to "https://inv.ondatamint.com/searcher/", waiting until "networkidle"

2026-03-26T21:50:01.397Z ERROR: page.goto: Timeout 60000ms exceeded.
Call log:
  - navigating to "https://inv.ondatamint.com/searcher/", waiting until "networkidle"

2026-03-26T21:52:01.850Z ERROR: page.goto: Timeout 60000ms exceeded.
Call log:
  - navigating to "https://inv.ondatamint.com/searcher/", waiting until "networkidle"

2026-03-26T21:54:02.212Z ERROR: page.goto: Timeout 60000ms exceeded.
Call log:
  - navigating to "https://inv.ondatamint.com/searcher/", waiting until "networkidle"

2026-03-26T21:56:01.577Z ERROR: page.goto: Timeout 60000ms exceeded.
Call log:
  - navigating to "https://inv.ondatamint.com/searcher/", waiting until "networkidle"

2026-03-26T21:58:01.884Z ERROR: page.goto: Timeout 60000ms exceeded.
Call log:
  - navigating to "https://inv.ondatamint.com/searcher/", waiting until "networkidle"

2026-03-26T22:00:02.194Z ERROR: page.goto: Timeout 60000ms exceeded.
Call log:
  - navigating to "https://inv.ondatamint.com/searcher/", waiting until "networkidle"

2026-03-26T22:02:01.505Z ERROR: page.goto: Timeout 60000ms exceeded.
Call log:
  - navigating to "https://inv.ondatamint.com/searcher/", waiting until "networkidle"

2026-03-26T22:04:01.809Z ERROR: page.goto: Timeout 60000ms exceeded.
Call log:
  - navigating to "https://inv.ondatamint.com/searcher/", waiting until "networkidle"

2026-03-26T22:06:02.111Z ERROR: page.goto: Timeout 60000ms exceeded.
Call log:
  - navigating to "https://inv.ondatamint.com/searcher/", waiting until "networkidle"

2026-03-26T22:08:01.437Z ERROR: page.goto: Timeout 60000ms exceeded.
Call log:
  - navigating to "https://inv.ondatamint.com/searcher/", waiting until "networkidle"

2026-03-26T22:10:01.737Z ERROR: page.goto: Timeout 60000ms exceeded.
Call log:
  - navigating to "https://inv.ondatamint.com/searcher/", waiting until "networkidle"

2026-03-26T22:12:02.046Z ERROR: page.goto: Timeout 60000ms exceeded.
Call log:
  - navigating to "https://inv.ondatamint.com/searcher/", waiting until "networkidle"

2026-03-26T22:14:01.349Z ERROR: page.goto: Timeout 60000ms exceeded.
Call log:
  - navigating to "https://inv.ondatamint.com/searcher/", waiting until "networkidle"

2026-03-26T22:16:01.651Z ERROR: page.goto: Timeout 60000ms exceeded.
Call log:
  - navigating to "https://inv.ondatamint.com/searcher/", waiting until "networkidle"

2026-03-26T22:18:02.069Z ERROR: page.goto: Timeout 60000ms exceeded.
Call log:
  - navigating to "https://inv.ondatamint.com/searcher/", waiting until "networkidle"

2026-03-26T22:20:01.380Z ERROR: page.goto: Timeout 60000ms exceeded.
Call log:
  - navigating to "https://inv.ondatamint.com/searcher/", waiting until "networkidle"

2026-03-26T22:22:01.697Z ERROR: page.goto: Timeout 60000ms exceeded.
Call log:
  - navigating to "https://inv.ondatamint.com/searcher/", waiting until "networkidle"

2026-03-26T22:24:01.994Z ERROR: page.goto: Timeout 60000ms exceeded.
Call log:
  - navigating to "https://inv.ondatamint.com/searcher/", waiting until "networkidle"

2026-03-26T22:26:01.297Z ERROR: page.goto: Timeout 60000ms exceeded.
Call log:
  - navigating to "https://inv.ondatamint.com/searcher/", waiting until "networkidle"

2026-03-26T22:28:01.608Z ERROR: page.goto: Timeout 60000ms exceeded.
Call log:
  - navigating to "https://inv.ondatamint.com/searcher/", waiting until "networkidle"

2026-03-26T22:30:01.911Z ERROR: page.goto: Timeout 60000ms exceeded.
Call log:
  - navigating to "https://inv.ondatamint.com/searcher/", waiting until "networkidle"

2026-03-26T22:32:02.230Z ERROR: page.goto: Timeout 60000ms exceeded.
Call log:
  - navigating to "https://inv.ondatamint.com/searcher/", waiting until "networkidle"

2026-03-26T22:34:01.539Z ERROR: page.goto: Timeout 60000ms exceeded.
Call log:
  - navigating to "https://inv.ondatamint.com/searcher/", waiting until "networkidle"

2026-03-26T22:36:01.838Z ERROR: page.goto: Timeout 60000ms exceeded.
Call log:
  - navigating to "https://inv.ondatamint.com/searcher/", waiting until "networkidle"

2026-03-26T22:38:02.153Z ERROR: page.goto: Timeout 60000ms exceeded.
Call log:
  - navigating to "https://inv.ondatamint.com/searcher/", waiting until "networkidle"

2026-03-26T22:40:01.468Z ERROR: page.goto: Timeout 60000ms exceeded.
Call log:
  - navigating to "https://inv.ondatamint.com/searcher/", waiting until "networkidle"

2026-03-26T22:42:02.172Z ERROR: page.goto: Timeout 60000ms exceeded.
Call log:
  - navigating to "https://inv.ondatamint.com/searcher/", waiting until "networkidle"

2026-03-26T22:44:02.380Z ERROR: page.goto: Timeout 60000ms exceeded.
Call log:
  - navigating to "https://inv.ondatamint.com/searcher/", waiting until "networkidle"

2026-03-26T22:46:01.733Z ERROR: page.goto: Timeout 60000ms exceeded.
Call log:
  - navigating to "https://inv.ondatamint.com/searcher/", waiting until "networkidle"

2026-03-26T22:48:02.354Z ERROR: page.goto: Timeout 60000ms exceeded.
Call log:
  - navigating to "https://inv.ondatamint.com/searcher/", waiting until "networkidle"

2026-03-26T22:50:01.643Z ERROR: page.goto: Timeout 60000ms exceeded.
Call log:
  - navigating to "https://inv.ondatamint.com/searcher/", waiting until "networkidle"

2026-03-26T22:52:02.062Z ERROR: page.goto: Timeout 60000ms exceeded.
Call log:
  - navigating to "https://inv.ondatamint.com/searcher/", waiting until "networkidle"

2026-03-26T22:54:01.334Z ERROR: page.goto: Timeout 60000ms exceeded.
Call log:
  - navigating to "https://inv.ondatamint.com/searcher/", waiting until "networkidle"

2026-03-26T22:56:01.837Z ERROR: page.goto: Timeout 60000ms exceeded.
Call log:
  - navigating to "https://inv.ondatamint.com/searcher/", waiting until "networkidle"

2026-03-26T22:58:02.169Z ERROR: page.goto: Timeout 60000ms exceeded.
Call log:
  - navigating to "https://inv.ondatamint.com/searcher/", waiting until "networkidle"

2026-03-26T23:00:01.471Z ERROR: page.goto: Timeout 60000ms exceeded.
Call log:
  - navigating to "https://inv.ondatamint.com/searcher/", waiting until "networkidle"

2026-03-26T23:02:01.781Z ERROR: page.goto: Timeout 60000ms exceeded.
Call log:
  - navigating to "https://inv.ondatamint.com/searcher/", waiting until "networkidle"

2026-03-26T23:04:02.087Z ERROR: page.goto: Timeout 60000ms exceeded.
Call log:
  - navigating to "https://inv.ondatamint.com/searcher/", waiting until "networkidle"

2026-03-26T23:06:01.392Z ERROR: page.goto: Timeout 60000ms exceeded.
Call log:
  - navigating to "https://inv.ondatamint.com/searcher/", waiting until "networkidle"

2026-03-26T23:08:01.708Z ERROR: page.goto: Timeout 60000ms exceeded.
Call log:
  - navigating to "https://inv.ondatamint.com/searcher/", waiting until "networkidle"

2026-03-26T23:10:02.004Z ERROR: page.goto: Timeout 60000ms exceeded.
Call log:
  - navigating to "https://inv.ondatamint.com/searcher/", waiting until "networkidle"

2026-03-26T23:12:01.332Z ERROR: page.goto: Timeout 60000ms exceeded.
Call log:
  - navigating to "https://inv.ondatamint.com/searcher/", waiting until "networkidle"

2026-03-26T23:14:01.635Z ERROR: page.goto: Timeout 60000ms exceeded.
Call log:
  - navigating to "https://inv.ondatamint.com/searcher/", waiting until "networkidle"

2026-03-26T23:16:01.933Z ERROR: page.goto: Timeout 60000ms exceeded.
Call log:
  - navigating to "https://inv.ondatamint.com/searcher/", waiting until "networkidle"

2026-03-26T23:18:01.363Z ERROR: page.goto: Timeout 60000ms exceeded.
Call log:
  - navigating to "https://inv.ondatamint.com/searcher/", waiting until "networkidle"

2026-03-26T23:20:01.682Z ERROR: page.goto: Timeout 60000ms exceeded.
Call log:
  - navigating to "https://inv.ondatamint.com/searcher/", waiting until "networkidle"

2026-03-26T23:22:01.983Z ERROR: page.goto: Timeout 60000ms exceeded.
Call log:
  - navigating to "https://inv.ondatamint.com/searcher/", waiting until "networkidle"

2026-03-26T23:24:01.287Z ERROR: page.goto: Timeout 60000ms exceeded.
Call log:
  - navigating to "https://inv.ondatamint.com/searcher/", waiting until "networkidle"

2026-03-26T23:26:01.598Z ERROR: page.goto: Timeout 60000ms exceeded.
Call log:
  - navigating to "https://inv.ondatamint.com/searcher/", waiting until "networkidle"

2026-03-26T23:28:01.918Z ERROR: page.goto: Timeout 60000ms exceeded.
Call log:
  - navigating to "https://inv.ondatamint.com/searcher/", waiting until "networkidle"

2026-03-26T23:30:02.210Z ERROR: page.goto: Timeout 60000ms exceeded.
Call log:
  - navigating to "https://inv.ondatamint.com/searcher/", waiting until "networkidle"

2026-03-26T23:32:01.528Z ERROR: page.goto: Timeout 60000ms exceeded.
Call log:
  - navigating to "https://inv.ondatamint.com/searcher/", waiting until "networkidle"

2026-03-26T23:34:01.831Z ERROR: page.goto: Timeout 60000ms exceeded.
Call log:
  - navigating to "https://inv.ondatamint.com/searcher/", waiting until "networkidle"

2026-03-26T23:36:02.130Z ERROR: page.goto: Timeout 60000ms exceeded.
Call log:
  - navigating to "https://inv.ondatamint.com/searcher/", waiting until "networkidle"

2026-03-26T23:38:01.453Z ERROR: page.goto: Timeout 60000ms exceeded.
Call log:
  - navigating to "https://inv.ondatamint.com/searcher/", waiting until "networkidle"

2026-03-26T23:40:01.752Z ERROR: page.goto: Timeout 60000ms exceeded.
Call log:
  - navigating to "https://inv.ondatamint.com/searcher/", waiting until "networkidle"

2026-03-26T23:42:02.077Z ERROR: page.goto: Timeout 60000ms exceeded.
Call log:
  - navigating to "https://inv.ondatamint.com/searcher/", waiting until "networkidle"

2026-03-26T23:44:01.378Z ERROR: page.goto: Timeout 60000ms exceeded.
Call log:
  - navigating to "https://inv.ondatamint.com/searcher/", waiting until "networkidle"

2026-03-26T23:46:01.685Z ERROR: page.goto: Timeout 60000ms exceeded.
Call log:
  - navigating to "https://inv.ondatamint.com/searcher/", waiting until "networkidle"

2026-03-26T23:48:02.105Z ERROR: page.goto: Timeout 60000ms exceeded.
Call log:
  - navigating to "https://inv.ondatamint.com/searcher/", waiting until "networkidle"

2026-03-26T23:50:01.409Z ERROR: page.goto: Timeout 60000ms exceeded.
Call log:
  - navigating to "https://inv.ondatamint.com/searcher/", waiting until "networkidle"

2026-03-26T23:52:01.721Z ERROR: page.goto: Timeout 60000ms exceeded.
Call log:
  - navigating to "https://inv.ondatamint.com/searcher/", waiting until "networkidle"

2026-03-26T23:54:02.025Z ERROR: page.goto: Timeout 60000ms exceeded.
Call log:
  - navigating to "https://inv.ondatamint.com/searcher/", waiting until "networkidle"

2026-03-26T23:56:01.323Z ERROR: page.goto: Timeout 60000ms exceeded.
Call log:
  - navigating to "https://inv.ondatamint.com/searcher/", waiting until "networkidle"

2026-03-26T23:58:01.634Z ERROR: page.goto: Timeout 60000ms exceeded.
Call log:
  - navigating to "https://inv.ondatamint.com/searcher/", waiting until "networkidle"

2026-03-27T00:00:01.941Z ERROR: page.goto: Timeout 60000ms exceeded.
Call log:
  - navigating to "https://inv.ondatamint.com/searcher/", waiting until "networkidle"

2026-03-27T00:02:02.261Z ERROR: page.goto: Timeout 60000ms exceeded.
Call log:
  - navigating to "https://inv.ondatamint.com/searcher/", waiting until "networkidle"

2026-03-27T00:04:01.566Z ERROR: page.goto: Timeout 60000ms exceeded.
Call log:
  - navigating to "https://inv.ondatamint.com/searcher/", waiting until "networkidle"

2026-03-27T00:06:01.879Z ERROR: page.goto: Timeout 60000ms exceeded.
Call log:
  - navigating to "https://inv.ondatamint.com/searcher/", waiting until "networkidle"

2026-03-27T00:08:02.201Z ERROR: page.goto: Timeout 60000ms exceeded.
Call log:
  - navigating to "https://inv.ondatamint.com/searcher/", waiting until "networkidle"

2026-03-27T00:10:01.499Z ERROR: page.goto: Timeout 60000ms exceeded.
Call log:
  - navigating to "https://inv.ondatamint.com/searcher/", waiting until "networkidle"

2026-03-27T00:12:01.809Z ERROR: page.goto: Timeout 60000ms exceeded.
Call log:
  - navigating to "https://inv.ondatamint.com/searcher/", waiting until "networkidle"

2026-03-27T00:14:02.112Z ERROR: page.goto: Timeout 60000ms exceeded.
Call log:
  - navigating to "https://inv.ondatamint.com/searcher/", waiting until "networkidle"

2026-03-27T00:16:01.406Z ERROR: page.goto: Timeout 60000ms exceeded.
Call log:
  - navigating to "https://inv.ondatamint.com/searcher/", waiting until "networkidle"

2026-03-27T00:18:01.825Z ERROR: page.goto: Timeout 60000ms exceeded.
Call log:
  - navigating to "https://inv.ondatamint.com/searcher/", waiting until "networkidle"

2026-03-27T00:20:02.140Z ERROR: page.goto: Timeout 60000ms exceeded.
Call log:
  - navigating to "https://inv.ondatamint.com/searcher/", waiting until "networkidle"

2026-03-27T00:22:01.452Z ERROR: page.goto: Timeout 60000ms exceeded.
Call log:
  - navigating to "https://inv.ondatamint.com/searcher/", waiting until "networkidle"

2026-03-27T00:24:01.764Z ERROR: page.goto: Timeout 60000ms exceeded.
Call log:
  - navigating to "https://inv.ondatamint.com/searcher/", waiting until "networkidle"

2026-03-27T00:26:02.056Z ERROR: page.goto: Timeout 60000ms exceeded.
Call log:
  - navigating to "https://inv.ondatamint.com/searcher/", waiting until "networkidle"

2026-03-27T00:28:01.380Z ERROR: page.goto: Timeout 60000ms exceeded.
Call log:
  - navigating to "https://inv.ondatamint.com/searcher/", waiting until "networkidle"

2026-03-27T00:30:01.676Z ERROR: page.goto: Timeout 60000ms exceeded.
Call log:
  - navigating to "https://inv.ondatamint.com/searcher/", waiting until "networkidle"

2026-03-27T00:32:01.981Z ERROR: page.goto: Timeout 60000ms exceeded.
Call log:
  - navigating to "https://inv.ondatamint.com/searcher/", waiting until "networkidle"

2026-03-27T00:34:01.286Z ERROR: page.goto: Timeout 60000ms exceeded.
Call log:
  - navigating to "https://inv.ondatamint.com/searcher/", waiting until "networkidle"

2026-03-27T00:36:01.587Z ERROR: page.goto: Timeout 60000ms exceeded.
Call log:
  - navigating to "https://inv.ondatamint.com/searcher/", waiting until "networkidle"

2026-03-27T00:38:01.911Z ERROR: page.goto: Timeout 60000ms exceeded.
Call log:
  - navigating to "https://inv.ondatamint.com/searcher/", waiting until "networkidle"

2026-03-27T00:40:02.215Z ERROR: page.goto: Timeout 60000ms exceeded.
Call log:
  - navigating to "https://inv.ondatamint.com/searcher/", waiting until "networkidle"

2026-03-27T00:42:01.540Z ERROR: page.goto: Timeout 60000ms exceeded.
Call log:
  - navigating to "https://inv.ondatamint.com/searcher/", waiting until "networkidle"

2026-03-27T00:44:01.832Z ERROR: page.goto: Timeout 60000ms exceeded.
Call log:
  - navigating to "https://inv.ondatamint.com/searcher/", waiting until "networkidle"

2026-03-27T00:46:02.131Z ERROR: page.goto: Timeout 60000ms exceeded.
Call log:
  - navigating to "https://inv.ondatamint.com/searcher/", waiting until "networkidle"

2026-03-27T00:48:01.553Z ERROR: page.goto: Timeout 60000ms exceeded.
Call log:
  - navigating to "https://inv.ondatamint.com/searcher/", waiting until "networkidle"

2026-03-27T00:50:01.853Z ERROR: page.goto: Timeout 60000ms exceeded.
Call log:
  - navigating to "https://inv.ondatamint.com/searcher/", waiting until "networkidle"

2026-03-27T00:52:02.160Z ERROR: page.goto: Timeout 60000ms exceeded.
Call log:
  - navigating to "https://inv.ondatamint.com/searcher/", waiting until "networkidle"

2026-03-27T00:54:01.469Z ERROR: page.goto: Timeout 60000ms exceeded.
Call log:
  - navigating to "https://inv.ondatamint.com/searcher/", waiting until "networkidle"

2026-03-27T00:56:01.774Z ERROR: page.goto: Timeout 60000ms exceeded.
Call log:
  - navigating to "https://inv.ondatamint.com/searcher/", waiting until "networkidle"

2026-03-27T00:58:02.086Z ERROR: page.goto: Timeout 60000ms exceeded.
Call log:
  - navigating to "https://inv.ondatamint.com/searcher/", waiting until "networkidle"

2026-03-27T01:00:01.390Z ERROR: page.goto: Timeout 60000ms exceeded.
Call log:
  - navigating to "https://inv.ondatamint.com/searcher/", waiting until "networkidle"

2026-03-27T01:02:01.697Z ERROR: page.goto: Timeout 60000ms exceeded.
Call log:
  - navigating to "https://inv.ondatamint.com/searcher/", waiting until "networkidle"

2026-03-27T01:04:02.003Z ERROR: page.goto: Timeout 60000ms exceeded.
Call log:
  - navigating to "https://inv.ondatamint.com/searcher/", waiting until "networkidle"

2026-03-27T01:06:01.303Z ERROR: page.goto: Timeout 60000ms exceeded.
Call log:
  - navigating to "https://inv.ondatamint.com/searcher/", waiting until "networkidle"

2026-03-27T01:08:01.639Z ERROR: page.goto: Timeout 60000ms exceeded.
Call log:
  - navigating to "https://inv.ondatamint.com/searcher/", waiting until "networkidle"

2026-03-27T01:10:01.925Z ERROR: page.goto: Timeout 60000ms exceeded.
Call log:
  - navigating to "https://inv.ondatamint.com/searcher/", waiting until "networkidle"

2026-03-27T01:12:02.241Z ERROR: page.goto: Timeout 60000ms exceeded.
Call log:
  - navigating to "https://inv.ondatamint.com/searcher/", waiting until "networkidle"

2026-03-27T01:14:01.548Z ERROR: page.goto: Timeout 60000ms exceeded.
Call log:
  - navigating to "https://inv.ondatamint.com/searcher/", waiting until "networkidle"

2026-03-27T01:16:01.844Z ERROR: page.goto: Timeout 60000ms exceeded.
Call log:
  - navigating to "https://inv.ondatamint.com/searcher/", waiting until "networkidle"

2026-03-27T01:18:02.272Z ERROR: page.goto: Timeout 60000ms exceeded.
Call log:
  - navigating to "https://inv.ondatamint.com/searcher/", waiting until "networkidle"

2026-03-27T01:20:01.579Z ERROR: page.goto: Timeout 60000ms exceeded.
Call log:
  - navigating to "https://inv.ondatamint.com/searcher/", waiting until "networkidle"

2026-03-27T01:22:01.896Z ERROR: page.goto: Timeout 60000ms exceeded.
Call log:
  - navigating to "https://inv.ondatamint.com/searcher/", waiting until "networkidle"

2026-03-27T01:24:02.192Z ERROR: page.goto: Timeout 60000ms exceeded.
Call log:
  - navigating to "https://inv.ondatamint.com/searcher/", waiting until "networkidle"

2026-03-27T01:26:01.493Z ERROR: page.goto: Timeout 60000ms exceeded.
Call log:
  - navigating to "https://inv.ondatamint.com/searcher/", waiting until "networkidle"

2026-03-27T01:28:01.811Z ERROR: page.goto: Timeout 60000ms exceeded.
Call log:
  - navigating to "https://inv.ondatamint.com/searcher/", waiting until "networkidle"

2026-03-27T01:30:02.115Z ERROR: page.goto: Timeout 60000ms exceeded.
Call log:
  - navigating to "https://inv.ondatamint.com/searcher/", waiting until "networkidle"

2026-03-27T01:32:01.416Z ERROR: page.goto: Timeout 60000ms exceeded.
Call log:
  - navigating to "https://inv.ondatamint.com/searcher/", waiting until "networkidle"

2026-03-27T01:34:01.719Z ERROR: page.goto: Timeout 60000ms exceeded.
Call log:
  - navigating to "https://inv.ondatamint.com/searcher/", waiting until "networkidle"

2026-03-27T01:36:02.022Z ERROR: page.goto: Timeout 60000ms exceeded.
Call log:
  - navigating to "https://inv.ondatamint.com/searcher/", waiting until "networkidle"

2026-03-27T01:38:01.339Z ERROR: page.goto: Timeout 60000ms exceeded.
Call log:
  - navigating to "https://inv.ondatamint.com/searcher/", waiting until "networkidle"

2026-03-27T01:40:01.650Z ERROR: page.goto: Timeout 60000ms exceeded.
Call log:
  - navigating to "https://inv.ondatamint.com/searcher/", waiting until "networkidle"

2026-03-27T01:42:01.964Z ERROR: page.goto: Timeout 60000ms exceeded.
Call log:
  - navigating to "https://inv.ondatamint.com/searcher/", waiting until "networkidle"

2026-03-27T01:44:02.272Z ERROR: page.goto: Timeout 60000ms exceeded.
Call log:
  - navigating to "https://inv.ondatamint.com/searcher/", waiting until "networkidle"

2026-03-27T01:46:01.575Z ERROR: page.goto: Timeout 60000ms exceeded.
Call log:
  - navigating to "https://inv.ondatamint.com/searcher/", waiting until "networkidle"

2026-03-27T01:48:01.989Z ERROR: page.goto: Timeout 60000ms exceeded.
Call log:
  - navigating to "https://inv.ondatamint.com/searcher/", waiting until "networkidle"

2026-03-27T01:50:01.295Z ERROR: page.goto: Timeout 60000ms exceeded.
Call log:
  - navigating to "https://inv.ondatamint.com/searcher/", waiting until "networkidle"

2026-03-27T01:52:01.617Z ERROR: page.goto: Timeout 60000ms exceeded.
Call log:
  - navigating to "https://inv.ondatamint.com/searcher/", waiting until "networkidle"

2026-03-27T01:54:01.915Z ERROR: page.goto: Timeout 60000ms exceeded.
Call log:
  - navigating to "https://inv.ondatamint.com/searcher/", waiting until "networkidle"

2026-03-27T01:56:02.230Z ERROR: page.goto: Timeout 60000ms exceeded.
Call log:
  - navigating to "https://inv.ondatamint.com/searcher/", waiting until "networkidle"

2026-03-27T01:58:01.541Z ERROR: page.goto: Timeout 60000ms exceeded.
Call log:
  - navigating to "https://inv.ondatamint.com/searcher/", waiting until "networkidle"

2026-03-27T02:00:01.841Z ERROR: page.goto: Timeout 60000ms exceeded.
Call log:
  - navigating to "https://inv.ondatamint.com/searcher/", waiting until "networkidle"

2026-03-27T02:02:02.166Z ERROR: page.goto: Timeout 60000ms exceeded.
Call log:
  - navigating to "https://inv.ondatamint.com/searcher/", waiting until "networkidle"

2026-03-27T02:04:01.468Z ERROR: page.goto: Timeout 60000ms exceeded.
Call log:
  - navigating to "https://inv.ondatamint.com/searcher/", waiting until "networkidle"

2026-03-27T02:06:01.768Z ERROR: page.goto: Timeout 60000ms exceeded.
Call log:
  - navigating to "https://inv.ondatamint.com/searcher/", waiting until "networkidle"

2026-03-27T02:08:02.088Z ERROR: page.goto: Timeout 60000ms exceeded.
Call log:
  - navigating to "https://inv.ondatamint.com/searcher/", waiting until "networkidle"

2026-03-27T02:10:01.396Z ERROR: page.goto: Timeout 60000ms exceeded.
Call log:
  - navigating to "https://inv.ondatamint.com/searcher/", waiting until "networkidle"

2026-03-27T02:12:01.708Z ERROR: page.goto: Timeout 60000ms exceeded.
Call log:
  - navigating to "https://inv.ondatamint.com/searcher/", waiting until "networkidle"

2026-03-27T02:14:02.014Z ERROR: page.goto: Timeout 60000ms exceeded.
Call log:
  - navigating to "https://inv.ondatamint.com/searcher/", waiting until "networkidle"

2026-03-27T02:16:01.315Z ERROR: page.goto: Timeout 60000ms exceeded.
Call log:
  - navigating to "https://inv.ondatamint.com/searcher/", waiting until "networkidle"

2026-03-27T02:18:01.733Z ERROR: page.goto: Timeout 60000ms exceeded.
Call log:
  - navigating to "https://inv.ondatamint.com/searcher/", waiting until "networkidle"

2026-03-27T02:20:02.050Z ERROR: page.goto: Timeout 60000ms exceeded.
Call log:
  - navigating to "https://inv.ondatamint.com/searcher/", waiting until "networkidle"

2026-03-27T02:22:01.367Z ERROR: page.goto: Timeout 60000ms exceeded.
Call log:
  - navigating to "https://inv.ondatamint.com/searcher/", waiting until "networkidle"

2026-03-27T02:24:01.663Z ERROR: page.goto: Timeout 60000ms exceeded.
Call log:
  - navigating to "https://inv.ondatamint.com/searcher/", waiting until "networkidle"

2026-03-27T02:26:01.968Z ERROR: page.goto: Timeout 60000ms exceeded.
Call log:
  - navigating to "https://inv.ondatamint.com/searcher/", waiting until "networkidle"

2026-03-27T02:28:02.281Z ERROR: page.goto: Timeout 60000ms exceeded.
Call log:
  - navigating to "https://inv.ondatamint.com/searcher/", waiting until "networkidle"

2026-03-27T02:30:01.579Z ERROR: page.goto: Timeout 60000ms exceeded.
Call log:
  - navigating to "https://inv.ondatamint.com/searcher/", waiting until "networkidle"

2026-03-27T02:32:01.898Z ERROR: page.goto: Timeout 60000ms exceeded.
Call log:
  - navigating to "https://inv.ondatamint.com/searcher/", waiting until "networkidle"

2026-03-27T02:34:02.206Z ERROR: page.goto: Timeout 60000ms exceeded.
Call log:
  - navigating to "https://inv.ondatamint.com/searcher/", waiting until "networkidle"

2026-03-27T02:36:01.503Z ERROR: page.goto: Timeout 60000ms exceeded.
Call log:
  - navigating to "https://inv.ondatamint.com/searcher/", waiting until "networkidle"

2026-03-27T02:38:01.824Z ERROR: page.goto: Timeout 60000ms exceeded.
Call log:
  - navigating to "https://inv.ondatamint.com/searcher/", waiting until "networkidle"

2026-03-27T02:40:02.125Z ERROR: page.goto: Timeout 60000ms exceeded.
Call log:
  - navigating to "https://inv.ondatamint.com/searcher/", waiting until "networkidle"

2026-03-27T02:42:01.433Z ERROR: page.goto: Timeout 60000ms exceeded.
Call log:
  - navigating to "https://inv.ondatamint.com/searcher/", waiting until "networkidle"

2026-03-27T02:44:01.732Z ERROR: page.goto: Timeout 60000ms exceeded.
Call log:
  - navigating to "https://inv.ondatamint.com/searcher/", waiting until "networkidle"

2026-03-27T02:46:02.028Z ERROR: page.goto: Timeout 60000ms exceeded.
Call log:
  - navigating to "https://inv.ondatamint.com/searcher/", waiting until "networkidle"

2026-03-27T02:48:01.455Z ERROR: page.goto: Timeout 60000ms exceeded.
Call log:
  - navigating to "https://inv.ondatamint.com/searcher/", waiting until "networkidle"

2026-03-27T02:50:01.756Z ERROR: page.goto: Timeout 60000ms exceeded.
Call log:
  - navigating to "https://inv.ondatamint.com/searcher/", waiting until "networkidle"

2026-03-27T02:52:02.076Z ERROR: page.goto: Timeout 60000ms exceeded.
Call log:
  - navigating to "https://inv.ondatamint.com/searcher/", waiting until "networkidle"

2026-03-27T02:54:01.374Z ERROR: page.goto: Timeout 60000ms exceeded.
Call log:
  - navigating to "https://inv.ondatamint.com/searcher/", waiting until "networkidle"

2026-03-27T02:56:01.668Z ERROR: page.goto: Timeout 60000ms exceeded.
Call log:
  - navigating to "https://inv.ondatamint.com/searcher/", waiting until "networkidle"

2026-03-27T02:58:01.987Z ERROR: page.goto: Timeout 60000ms exceeded.
Call log:
  - navigating to "https://inv.ondatamint.com/searcher/", waiting until "networkidle"

2026-03-27T03:00:01.300Z ERROR: page.goto: Timeout 60000ms exceeded.
Call log:
  - navigating to "https://inv.ondatamint.com/searcher/", waiting until "networkidle"

2026-03-27T03:02:01.621Z ERROR: page.goto: Timeout 60000ms exceeded.
Call log:
  - navigating to "https://inv.ondatamint.com/searcher/", waiting until "networkidle"

2026-03-27T03:04:01.926Z ERROR: page.goto: Timeout 60000ms exceeded.
Call log:
  - navigating to "https://inv.ondatamint.com/searcher/", waiting until "networkidle"

2026-03-27T03:06:02.230Z ERROR: page.goto: Timeout 60000ms exceeded.
Call log:
  - navigating to "https://inv.ondatamint.com/searcher/", waiting until "networkidle"

2026-03-27T03:08:01.540Z ERROR: page.goto: Timeout 60000ms exceeded.
Call log:
  - navigating to "https://inv.ondatamint.com/searcher/", waiting until "networkidle"

2026-03-27T03:10:01.849Z ERROR: page.goto: Timeout 60000ms exceeded.
Call log:
  - navigating to "https://inv.ondatamint.com/searcher/", waiting until "networkidle"

2026-03-27T03:12:02.158Z ERROR: page.goto: Timeout 60000ms exceeded.
Call log:
  - navigating to "https://inv.ondatamint.com/searcher/", waiting until "networkidle"

2026-03-27T03:14:01.462Z ERROR: page.goto: Timeout 60000ms exceeded.
Call log:
  - navigating to "https://inv.ondatamint.com/searcher/", waiting until "networkidle"

2026-03-27T03:16:01.766Z ERROR: page.goto: Timeout 60000ms exceeded.
Call log:
  - navigating to "https://inv.ondatamint.com/searcher/", waiting until "networkidle"

2026-03-27T03:18:02.185Z ERROR: page.goto: Timeout 60000ms exceeded.
Call log:
  - navigating to "https://inv.ondatamint.com/searcher/", waiting until "networkidle"

2026-03-27T03:20:01.490Z ERROR: page.goto: Timeout 60000ms exceeded.
Call log:
  - navigating to "https://inv.ondatamint.com/searcher/", waiting until "networkidle"

2026-03-27T03:22:01.803Z ERROR: page.goto: Timeout 60000ms exceeded.
Call log:
  - navigating to "https://inv.ondatamint.com/searcher/", waiting until "networkidle"

2026-03-27T03:24:02.109Z ERROR: page.goto: Timeout 60000ms exceeded.
Call log:
  - navigating to "https://inv.ondatamint.com/searcher/", waiting until "networkidle"

2026-03-27T03:26:01.409Z ERROR: page.goto: Timeout 60000ms exceeded.
Call log:
  - navigating to "https://inv.ondatamint.com/searcher/", waiting until "networkidle"

2026-03-27T03:28:01.729Z ERROR: page.goto: Timeout 60000ms exceeded.
Call log:
  - navigating to "https://inv.ondatamint.com/searcher/", waiting until "networkidle"

2026-03-27T03:30:02.036Z ERROR: page.goto: Timeout 60000ms exceeded.
Call log:
  - navigating to "https://inv.ondatamint.com/searcher/", waiting until "networkidle"

2026-03-27T03:32:01.355Z ERROR: page.goto: Timeout 60000ms exceeded.
Call log:
  - navigating to "https://inv.ondatamint.com/searcher/", waiting until "networkidle"

2026-03-27T03:34:01.634Z ERROR: page.goto: Timeout 60000ms exceeded.
Call log:
  - navigating to "https://inv.ondatamint.com/searcher/", waiting until "networkidle"

2026-03-27T03:36:01.941Z ERROR: page.goto: Timeout 60000ms exceeded.
Call log:
  - navigating to "https://inv.ondatamint.com/searcher/", waiting until "networkidle"

2026-03-27T03:38:02.272Z ERROR: page.goto: Timeout 60000ms exceeded.
Call log:
  - navigating to "https://inv.ondatamint.com/searcher/", waiting until "networkidle"

2026-03-27T03:40:01.564Z ERROR: page.goto: Timeout 60000ms exceeded.
Call log:
  - navigating to "https://inv.ondatamint.com/searcher/", waiting until "networkidle"

2026-03-27T03:42:01.882Z ERROR: page.goto: Timeout 60000ms exceeded.
Call log:
  - navigating to "https://inv.ondatamint.com/searcher/", waiting until "networkidle"

2026-03-27T03:44:02.190Z ERROR: page.goto: Timeout 60000ms exceeded.
Call log:
  - navigating to "https://inv.ondatamint.com/searcher/", waiting until "networkidle"

2026-03-27T03:46:01.489Z ERROR: page.goto: Timeout 60000ms exceeded.
Call log:
  - navigating to "https://inv.ondatamint.com/searcher/", waiting until "networkidle"

2026-03-27T03:48:01.911Z ERROR: page.goto: Timeout 60000ms exceeded.
Call log:
  - navigating to "https://inv.ondatamint.com/searcher/", waiting until "networkidle"

2026-03-27T03:50:02.216Z ERROR: page.goto: Timeout 60000ms exceeded.
Call log:
  - navigating to "https://inv.ondatamint.com/searcher/", waiting until "networkidle"

2026-03-27T03:52:01.534Z ERROR: page.goto: Timeout 60000ms exceeded.
Call log:
  - navigating to "https://inv.ondatamint.com/searcher/", waiting until "networkidle"

2026-03-27T03:54:01.845Z ERROR: page.goto: Timeout 60000ms exceeded.
Call log:
  - navigating to "https://inv.ondatamint.com/searcher/", waiting until "networkidle"

2026-03-27T03:56:02.145Z ERROR: page.goto: Timeout 60000ms exceeded.
Call log:
  - navigating to "https://inv.ondatamint.com/searcher/", waiting until "networkidle"

2026-03-27T03:58:01.459Z ERROR: page.goto: Timeout 60000ms exceeded.
Call log:
  - navigating to "https://inv.ondatamint.com/searcher/", waiting until "networkidle"

2026-03-27T04:00:01.763Z ERROR: page.goto: Timeout 60000ms exceeded.
Call log:
  - navigating to "https://inv.ondatamint.com/searcher/", waiting until "networkidle"

2026-03-27T04:02:02.081Z ERROR: page.goto: Timeout 60000ms exceeded.
Call log:
  - navigating to "https://inv.ondatamint.com/searcher/", waiting until "networkidle"

2026-03-27T04:04:01.380Z ERROR: page.goto: Timeout 60000ms exceeded.
Call log:
  - navigating to "https://inv.ondatamint.com/searcher/", waiting until "networkidle"

2026-03-27T04:06:01.691Z ERROR: page.goto: Timeout 60000ms exceeded.
Call log:
  - navigating to "https://inv.ondatamint.com/searcher/", waiting until "networkidle"

2026-03-27T04:08:02.014Z ERROR: page.goto: Timeout 60000ms exceeded.
Call log:
  - navigating to "https://inv.ondatamint.com/searcher/", waiting until "networkidle"

2026-03-27T04:10:01.323Z ERROR: page.goto: Timeout 60000ms exceeded.
Call log:
  - navigating to "https://inv.ondatamint.com/searcher/", waiting until "networkidle"

2026-03-27T04:12:01.637Z ERROR: page.goto: Timeout 60000ms exceeded.
Call log:
  - navigating to "https://inv.ondatamint.com/searcher/", waiting until "networkidle"

2026-03-27T04:14:01.936Z ERROR: page.goto: Timeout 60000ms exceeded.
Call log:
  - navigating to "https://inv.ondatamint.com/searcher/", waiting until "networkidle"

2026-03-27T04:16:02.233Z ERROR: page.goto: Timeout 60000ms exceeded.
Call log:
  - navigating to "https://inv.ondatamint.com/searcher/", waiting until "networkidle"

2026-03-27T04:18:01.658Z ERROR: page.goto: Timeout 60000ms exceeded.
Call log:
  - navigating to "https://inv.ondatamint.com/searcher/", waiting until "networkidle"

2026-03-27T04:20:01.965Z ERROR: page.goto: Timeout 60000ms exceeded.
Call log:
  - navigating to "https://inv.ondatamint.com/searcher/", waiting until "networkidle"

2026-03-27T04:22:02.282Z ERROR: page.goto: Timeout 60000ms exceeded.
Call log:
  - navigating to "https://inv.ondatamint.com/searcher/", waiting until "networkidle"

2026-03-27T04:24:01.590Z ERROR: page.goto: Timeout 60000ms exceeded.
Call log:
  - navigating to "https://inv.ondatamint.com/searcher/", waiting until "networkidle"

2026-03-27T04:26:01.889Z ERROR: page.goto: Timeout 60000ms exceeded.
Call log:
  - navigating to "https://inv.ondatamint.com/searcher/", waiting until "networkidle"

2026-03-27T04:28:02.207Z ERROR: page.goto: Timeout 60000ms exceeded.
Call log:
  - navigating to "https://inv.ondatamint.com/searcher/", waiting until "networkidle"

2026-03-27T04:30:01.512Z ERROR: page.goto: Timeout 60000ms exceeded.
Call log:
  - navigating to "https://inv.ondatamint.com/searcher/", waiting until "networkidle"

2026-03-27T04:32:01.821Z ERROR: page.goto: Timeout 60000ms exceeded.
Call log:
  - navigating to "https://inv.ondatamint.com/searcher/", waiting until "networkidle"

2026-03-27T04:34:02.121Z ERROR: page.goto: Timeout 60000ms exceeded.
Call log:
  - navigating to "https://inv.ondatamint.com/searcher/", waiting until "networkidle"

2026-03-27T04:36:01.423Z ERROR: page.goto: Timeout 60000ms exceeded.
Call log:
  - navigating to "https://inv.ondatamint.com/searcher/", waiting until "networkidle"

2026-03-27T04:38:01.745Z ERROR: page.goto: Timeout 60000ms exceeded.
Call log:
  - navigating to "https://inv.ondatamint.com/searcher/", waiting until "networkidle"

2026-03-27T04:40:02.045Z ERROR: page.goto: Timeout 60000ms exceeded.
Call log:
  - navigating to "https://inv.ondatamint.com/searcher/", waiting until "networkidle"

2026-03-27T04:42:01.364Z ERROR: page.goto: Timeout 60000ms exceeded.
Call log:
  - navigating to "https://inv.ondatamint.com/searcher/", waiting until "networkidle"

2026-03-27T04:44:01.669Z ERROR: page.goto: Timeout 60000ms exceeded.
Call log:
  - navigating to "https://inv.ondatamint.com/searcher/", waiting until "networkidle"

2026-03-27T04:46:01.978Z ERROR: page.goto: Timeout 60000ms exceeded.
Call log:
  - navigating to "https://inv.ondatamint.com/searcher/", waiting until "networkidle"

2026-03-27T04:48:01.406Z ERROR: page.goto: Timeout 60000ms exceeded.
Call log:
  - navigating to "https://inv.ondatamint.com/searcher/", waiting until "networkidle"

2026-03-27T04:50:01.711Z ERROR: page.goto: Timeout 60000ms exceeded.
Call log:
  - navigating to "https://inv.ondatamint.com/searcher/", waiting until "networkidle"

2026-03-27T04:52:02.025Z ERROR: page.goto: Timeout 60000ms exceeded.
Call log:
  - navigating to "https://inv.ondatamint.com/searcher/", waiting until "networkidle"

2026-03-27T04:54:01.334Z ERROR: page.goto: Timeout 60000ms exceeded.
Call log:
  - navigating to "https://inv.ondatamint.com/searcher/", waiting until "networkidle"

2026-03-27T04:56:01.635Z ERROR: page.goto: Timeout 60000ms exceeded.
Call log:
  - navigating to "https://inv.ondatamint.com/searcher/", waiting until "networkidle"

2026-03-27T04:58:01.947Z ERROR: page.goto: Timeout 60000ms exceeded.
Call log:
  - navigating to "https://inv.ondatamint.com/searcher/", waiting until "networkidle"

2026-03-27T05:00:02.239Z ERROR: page.goto: Timeout 60000ms exceeded.
Call log:
  - navigating to "https://inv.ondatamint.com/searcher/", waiting until "networkidle"

2026-03-27T05:02:01.562Z ERROR: page.goto: Timeout 60000ms exceeded.
Call log:
  - navigating to "https://inv.ondatamint.com/searcher/", waiting until "networkidle"

2026-03-27T05:04:01.859Z ERROR: page.goto: Timeout 60000ms exceeded.
Call log:
  - navigating to "https://inv.ondatamint.com/searcher/", waiting until "networkidle"

2026-03-27T05:06:02.160Z ERROR: page.goto: Timeout 60000ms exceeded.
Call log:
  - navigating to "https://inv.ondatamint.com/searcher/", waiting until "networkidle"

2026-03-27T05:08:01.485Z ERROR: page.goto: Timeout 60000ms exceeded.
Call log:
  - navigating to "https://inv.ondatamint.com/searcher/", waiting until "networkidle"

2026-03-27T05:10:01.796Z ERROR: page.goto: Timeout 60000ms exceeded.
Call log:
  - navigating to "https://inv.ondatamint.com/searcher/", waiting until "networkidle"

2026-03-27T05:12:02.097Z ERROR: page.goto: Timeout 60000ms exceeded.
Call log:
  - navigating to "https://inv.ondatamint.com/searcher/", waiting until "networkidle"

2026-03-27T05:14:01.402Z ERROR: page.goto: Timeout 60000ms exceeded.
Call log:
  - navigating to "https://inv.ondatamint.com/searcher/", waiting until "networkidle"

2026-03-27T05:16:01.701Z ERROR: page.goto: Timeout 60000ms exceeded.
Call log:
  - navigating to "https://inv.ondatamint.com/searcher/", waiting until "networkidle"

2026-03-27T05:18:02.139Z ERROR: page.goto: Timeout 60000ms exceeded.
Call log:
  - navigating to "https://inv.ondatamint.com/searcher/", waiting until "networkidle"

2026-03-27T05:20:01.456Z ERROR: page.goto: Timeout 60000ms exceeded.
Call log:
  - navigating to "https://inv.ondatamint.com/searcher/", waiting until "networkidle"

2026-03-27T05:22:01.768Z ERROR: page.goto: Timeout 60000ms exceeded.
Call log:
  - navigating to "https://inv.ondatamint.com/searcher/", waiting until "networkidle"

2026-03-27T05:24:02.072Z ERROR: page.goto: Timeout 60000ms exceeded.
Call log:
  - navigating to "https://inv.ondatamint.com/searcher/", waiting until "networkidle"

2026-03-27T05:26:01.378Z ERROR: page.goto: Timeout 60000ms exceeded.
Call log:
  - navigating to "https://inv.ondatamint.com/searcher/", waiting until "networkidle"

2026-03-27T05:28:01.703Z ERROR: page.goto: Timeout 60000ms exceeded.
Call log:
  - navigating to "https://inv.ondatamint.com/searcher/", waiting until "networkidle"

2026-03-27T05:30:02.009Z ERROR: page.goto: Timeout 60000ms exceeded.
Call log:
  - navigating to "https://inv.ondatamint.com/searcher/", waiting until "networkidle"

2026-03-27T05:32:01.337Z ERROR: page.goto: Timeout 60000ms exceeded.
Call log:
  - navigating to "https://inv.ondatamint.com/searcher/", waiting until "networkidle"

2026-03-27T05:34:01.639Z ERROR: page.goto: Timeout 60000ms exceeded.
Call log:
  - navigating to "https://inv.ondatamint.com/searcher/", waiting until "networkidle"

2026-03-27T05:36:01.941Z ERROR: page.goto: Timeout 60000ms exceeded.
Call log:
  - navigating to "https://inv.ondatamint.com/searcher/", waiting until "networkidle"

2026-03-27T05:38:02.276Z ERROR: page.goto: Timeout 60000ms exceeded.
Call log:
  - navigating to "https://inv.ondatamint.com/searcher/", waiting until "networkidle"

2026-03-27T05:40:01.573Z ERROR: page.goto: Timeout 60000ms exceeded.
Call log:
  - navigating to "https://inv.ondatamint.com/searcher/", waiting until "networkidle"

2026-03-27T05:42:02.135Z ERROR: page.goto: Timeout 60000ms exceeded.
Call log:
  - navigating to "https://inv.ondatamint.com/searcher/", waiting until "networkidle"

2026-03-27T05:44:01.621Z ERROR: page.goto: Timeout 60000ms exceeded.
Call log:
  - navigating to "https://inv.ondatamint.com/searcher/", waiting until "networkidle"

2026-03-27T05:46:01.801Z ERROR: page.goto: Timeout 60000ms exceeded.
Call log:
  - navigating to "https://inv.ondatamint.com/searcher/", waiting until "networkidle"

2026-03-27T05:48:02.220Z ERROR: page.goto: Timeout 60000ms exceeded.
Call log:
  - navigating to "https://inv.ondatamint.com/searcher/", waiting until "networkidle"

2026-03-27T05:50:01.523Z ERROR: page.goto: Timeout 60000ms exceeded.
Call log:
  - navigating to "https://inv.ondatamint.com/searcher/", waiting until "networkidle"

2026-03-27T05:52:01.843Z ERROR: page.goto: Timeout 60000ms exceeded.
Call log:
  - navigating to "https://inv.ondatamint.com/searcher/", waiting until "networkidle"

2026-03-27T05:54:02.140Z ERROR: page.goto: Timeout 60000ms exceeded.
Call log:
  - navigating to "https://inv.ondatamint.com/searcher/", waiting until "networkidle"

2026-03-27T05:56:01.436Z ERROR: page.goto: Timeout 60000ms exceeded.
Call log:
  - navigating to "https://inv.ondatamint.com/searcher/", waiting until "networkidle"

2026-03-27T05:58:01.754Z ERROR: page.goto: Timeout 60000ms exceeded.
Call log:
  - navigating to "https://inv.ondatamint.com/searcher/", waiting until "networkidle"

2026-03-27T06:00:02.066Z ERROR: page.goto: Timeout 60000ms exceeded.
Call log:
  - navigating to "https://inv.ondatamint.com/searcher/", waiting until "networkidle"

2026-03-27T06:02:01.375Z ERROR: page.goto: Timeout 60000ms exceeded.
Call log:
  - navigating to "https://inv.ondatamint.com/searcher/", waiting until "networkidle"

2026-03-27T06:04:01.681Z ERROR: page.goto: Timeout 60000ms exceeded.
Call log:
  - navigating to "https://inv.ondatamint.com/searcher/", waiting until "networkidle"

2026-03-27T06:06:01.981Z ERROR: page.goto: Timeout 60000ms exceeded.
Call log:
  - navigating to "https://inv.ondatamint.com/searcher/", waiting until "networkidle"

2026-03-27T06:08:01.299Z ERROR: page.goto: Timeout 60000ms exceeded.
Call log:
  - navigating to "https://inv.ondatamint.com/searcher/", waiting until "networkidle"

2026-03-27T06:10:01.597Z ERROR: page.goto: Timeout 60000ms exceeded.
Call log:
  - navigating to "https://inv.ondatamint.com/searcher/", waiting until "networkidle"

2026-03-27T06:12:01.904Z ERROR: page.goto: Timeout 60000ms exceeded.
Call log:
  - navigating to "https://inv.ondatamint.com/searcher/", waiting until "networkidle"

2026-03-27T06:14:02.203Z ERROR: page.goto: Timeout 60000ms exceeded.
Call log:
  - navigating to "https://inv.ondatamint.com/searcher/", waiting until "networkidle"

2026-03-27T06:16:01.507Z ERROR: page.goto: Timeout 60000ms exceeded.
Call log:
  - navigating to "https://inv.ondatamint.com/searcher/", waiting until "networkidle"

2026-03-27T06:18:01.922Z ERROR: page.goto: Timeout 60000ms exceeded.
Call log:
  - navigating to "https://inv.ondatamint.com/searcher/", waiting until "networkidle"

2026-03-27T06:20:02.235Z ERROR: page.goto: Timeout 60000ms exceeded.
Call log:
  - navigating to "https://inv.ondatamint.com/searcher/", waiting until "networkidle"

2026-03-27T06:22:01.547Z ERROR: page.goto: Timeout 60000ms exceeded.
Call log:
  - navigating to "https://inv.ondatamint.com/searcher/", waiting until "networkidle"

2026-03-27T06:24:01.832Z ERROR: page.goto: Timeout 60000ms exceeded.
Call log:
  - navigating to "https://inv.ondatamint.com/searcher/", waiting until "networkidle"

2026-03-27T06:26:02.140Z ERROR: page.goto: Timeout 60000ms exceeded.
Call log:
  - navigating to "https://inv.ondatamint.com/searcher/", waiting until "networkidle"

2026-03-27T06:28:01.467Z ERROR: page.goto: Timeout 60000ms exceeded.
Call log:
  - navigating to "https://inv.ondatamint.com/searcher/", waiting until "networkidle"

2026-03-27T06:30:01.762Z ERROR: page.goto: Timeout 60000ms exceeded.
Call log:
  - navigating to "https://inv.ondatamint.com/searcher/", waiting until "networkidle"

2026-03-27T06:32:02.061Z ERROR: page.goto: Timeout 60000ms exceeded.
Call log:
  - navigating to "https://inv.ondatamint.com/searcher/", waiting until "networkidle"

2026-03-27T06:34:01.362Z ERROR: page.goto: Timeout 60000ms exceeded.
Call log:
  - navigating to "https://inv.ondatamint.com/searcher/", waiting until "networkidle"

2026-03-27T06:36:01.662Z ERROR: page.goto: Timeout 60000ms exceeded.
Call log:
  - navigating to "https://inv.ondatamint.com/searcher/", waiting until "networkidle"

2026-03-27T06:38:01.983Z ERROR: page.goto: Timeout 60000ms exceeded.
Call log:
  - navigating to "https://inv.ondatamint.com/searcher/", waiting until "networkidle"

2026-03-27T06:40:01.299Z ERROR: page.goto: Timeout 60000ms exceeded.
Call log:
  - navigating to "https://inv.ondatamint.com/searcher/", waiting until "networkidle"

2026-03-27T06:42:01.607Z ERROR: page.goto: Timeout 60000ms exceeded.
Call log:
  - navigating to "https://inv.ondatamint.com/searcher/", waiting until "networkidle"

2026-03-27T06:44:01.904Z ERROR: page.goto: Timeout 60000ms exceeded.
Call log:
  - navigating to "https://inv.ondatamint.com/searcher/", waiting until "networkidle"

2026-03-27T06:46:02.208Z ERROR: page.goto: Timeout 60000ms exceeded.
Call log:
  - navigating to "https://inv.ondatamint.com/searcher/", waiting until "networkidle"

2026-03-27T06:48:01.634Z ERROR: page.goto: Timeout 60000ms exceeded.
Call log:
  - navigating to "https://inv.ondatamint.com/searcher/", waiting until "networkidle"

2026-03-27T06:50:01.938Z ERROR: page.goto: Timeout 60000ms exceeded.
Call log:
  - navigating to "https://inv.ondatamint.com/searcher/", waiting until "networkidle"

2026-03-27T06:52:02.236Z ERROR: page.goto: Timeout 60000ms exceeded.
Call log:
  - navigating to "https://inv.ondatamint.com/searcher/", waiting until "networkidle"

2026-03-27T06:54:01.537Z ERROR: page.goto: Timeout 60000ms exceeded.
Call log:
  - navigating to "https://inv.ondatamint.com/searcher/", waiting until "networkidle"

2026-03-27T06:56:01.829Z ERROR: page.goto: Timeout 60000ms exceeded.
Call log:
  - navigating to "https://inv.ondatamint.com/searcher/", waiting until "networkidle"

2026-03-27T06:58:02.152Z ERROR: page.goto: Timeout 60000ms exceeded.
Call log:
  - navigating to "https://inv.ondatamint.com/searcher/", waiting until "networkidle"

2026-03-27T07:00:01.454Z ERROR: page.goto: Timeout 60000ms exceeded.
Call log:
  - navigating to "https://inv.ondatamint.com/searcher/", waiting until "networkidle"

2026-03-27T07:02:01.768Z ERROR: page.goto: Timeout 60000ms exceeded.
Call log:
  - navigating to "https://inv.ondatamint.com/searcher/", waiting until "networkidle"

2026-03-27T07:04:02.067Z ERROR: page.goto: Timeout 60000ms exceeded.
Call log:
  - navigating to "https://inv.ondatamint.com/searcher/", waiting until "networkidle"

2026-03-27T07:06:01.363Z ERROR: page.goto: Timeout 60000ms exceeded.
Call log:
  - navigating to "https://inv.ondatamint.com/searcher/", waiting until "networkidle"

2026-03-27T07:08:01.676Z ERROR: page.goto: Timeout 60000ms exceeded.
Call log:
  - navigating to "https://inv.ondatamint.com/searcher/", waiting until "networkidle"

2026-03-27T07:10:01.986Z ERROR: page.goto: Timeout 60000ms exceeded.
Call log:
  - navigating to "https://inv.ondatamint.com/searcher/", waiting until "networkidle"

2026-03-27T07:12:01.288Z ERROR: page.goto: Timeout 60000ms exceeded.
Call log:
  - navigating to "https://inv.ondatamint.com/searcher/", waiting until "networkidle"

2026-03-27T07:14:01.586Z ERROR: page.goto: Timeout 60000ms exceeded.
Call log:
  - navigating to "https://inv.ondatamint.com/searcher/", waiting until "networkidle"

2026-03-27T07:16:01.886Z ERROR: page.goto: Timeout 60000ms exceeded.
Call log:
  - navigating to "https://inv.ondatamint.com/searcher/", waiting until "networkidle"

2026-03-27T07:18:01.315Z ERROR: page.goto: Timeout 60000ms exceeded.
Call log:
  - navigating to "https://inv.ondatamint.com/searcher/", waiting until "networkidle"

2026-03-27T07:20:01.623Z ERROR: page.goto: Timeout 60000ms exceeded.
Call log:
  - navigating to "https://inv.ondatamint.com/searcher/", waiting until "networkidle"

2026-03-27T07:22:01.934Z ERROR: page.goto: Timeout 60000ms exceeded.
Call log:
  - navigating to "https://inv.ondatamint.com/searcher/", waiting until "networkidle"

2026-03-27T07:24:02.237Z ERROR: page.goto: Timeout 60000ms exceeded.
Call log:
  - navigating to "https://inv.ondatamint.com/searcher/", waiting until "networkidle"

2026-03-27T07:26:01.535Z ERROR: page.goto: Timeout 60000ms exceeded.
Call log:
  - navigating to "https://inv.ondatamint.com/searcher/", waiting until "networkidle"

2026-03-27T07:28:01.850Z ERROR: page.goto: Timeout 60000ms exceeded.
Call log:
  - navigating to "https://inv.ondatamint.com/searcher/", waiting until "networkidle"

2026-03-27T07:30:02.166Z ERROR: page.goto: Timeout 60000ms exceeded.
Call log:
  - navigating to "https://inv.ondatamint.com/searcher/", waiting until "networkidle"

2026-03-27T07:32:01.645Z ERROR: page.goto: Timeout 60000ms exceeded.
Call log:
  - navigating to "https://inv.ondatamint.com/searcher/", waiting until "networkidle"

2026-03-27T07:34:02.068Z ERROR: page.goto: Timeout 60000ms exceeded.
Call log:
  - navigating to "https://inv.ondatamint.com/searcher/", waiting until "networkidle"

2026-03-27T07:36:01.374Z ERROR: page.goto: Timeout 60000ms exceeded.
Call log:
  - navigating to "https://inv.ondatamint.com/searcher/", waiting until "networkidle"

2026-03-27T07:38:01.829Z ERROR: page.goto: Timeout 60000ms exceeded.
Call log:
  - navigating to "https://inv.ondatamint.com/searcher/", waiting until "networkidle"

2026-03-27T07:40:02.184Z ERROR: page.goto: Timeout 60000ms exceeded.
Call log:
  - navigating to "https://inv.ondatamint.com/searcher/", waiting until "networkidle"

2026-03-27T07:42:01.641Z ERROR: page.goto: Timeout 60000ms exceeded.
Call log:
  - navigating to "https://inv.ondatamint.com/searcher/", waiting until "networkidle"

2026-03-27T07:44:01.866Z ERROR: page.goto: Timeout 60000ms exceeded.
Call log:
  - navigating to "https://inv.ondatamint.com/searcher/", waiting until "networkidle"

2026-03-27T07:46:02.170Z ERROR: page.goto: Timeout 60000ms exceeded.
Call log:
  - navigating to "https://inv.ondatamint.com/searcher/", waiting until "networkidle"

2026-03-27T07:48:01.731Z ERROR: page.goto: Timeout 60000ms exceeded.
Call log:
  - navigating to "https://inv.ondatamint.com/searcher/", waiting until "networkidle"

2026-03-27T07:50:02.113Z ERROR: page.goto: Timeout 60000ms exceeded.
Call log:
  - navigating to "https://inv.ondatamint.com/searcher/", waiting until "networkidle"

2026-03-27T07:52:01.524Z ERROR: page.goto: Timeout 60000ms exceeded.
Call log:
  - navigating to "https://inv.ondatamint.com/searcher/", waiting until "networkidle"

2026-03-27T07:54:01.934Z ERROR: page.goto: Timeout 60000ms exceeded.
Call log:
  - navigating to "https://inv.ondatamint.com/searcher/", waiting until "networkidle"

2026-03-27T07:56:01.408Z ERROR: page.goto: Timeout 60000ms exceeded.
Call log:
  - navigating to "https://inv.ondatamint.com/searcher/", waiting until "networkidle"

2026-03-27T07:58:01.926Z ERROR: page.goto: Timeout 60000ms exceeded.
Call log:
  - navigating to "https://inv.ondatamint.com/searcher/", waiting until "networkidle"

2026-03-27T08:00:02.313Z ERROR: page.goto: Timeout 60000ms exceeded.
Call log:
  - navigating to "https://inv.ondatamint.com/searcher/", waiting until "networkidle"

2026-03-27T08:02:01.817Z ERROR: page.goto: Timeout 60000ms exceeded.
Call log:
  - navigating to "https://inv.ondatamint.com/searcher/", waiting until "networkidle"

2026-03-27T08:04:02.165Z ERROR: page.goto: Timeout 60000ms exceeded.
Call log:
  - navigating to "https://inv.ondatamint.com/searcher/", waiting until "networkidle"

2026-03-27T08:06:01.606Z ERROR: page.goto: Timeout 60000ms exceeded.
Call log:
  - navigating to "https://inv.ondatamint.com/searcher/", waiting until "networkidle"

2026-03-27T08:08:01.991Z ERROR: page.goto: Timeout 60000ms exceeded.
Call log:
  - navigating to "https://inv.ondatamint.com/searcher/", waiting until "networkidle"

2026-03-27T08:10:01.370Z ERROR: page.goto: Timeout 60000ms exceeded.
Call log:
  - navigating to "https://inv.ondatamint.com/searcher/", waiting until "networkidle"

2026-03-27T08:12:01.840Z ERROR: page.goto: Timeout 60000ms exceeded.
Call log:
  - navigating to "https://inv.ondatamint.com/searcher/", waiting until "networkidle"

2026-03-27T08:14:02.214Z ERROR: page.goto: Timeout 60000ms exceeded.
Call log:
  - navigating to "https://inv.ondatamint.com/searcher/", waiting until "networkidle"

2026-03-27T08:16:01.672Z ERROR: page.goto: Timeout 60000ms exceeded.
Call log:
  - navigating to "https://inv.ondatamint.com/searcher/", waiting until "networkidle"

2026-03-27T08:18:02.170Z ERROR: page.goto: Timeout 60000ms exceeded.
Call log:
  - navigating to "https://inv.ondatamint.com/searcher/", waiting until "networkidle"

2026-03-27T08:20:01.558Z ERROR: page.goto: Timeout 60000ms exceeded.
Call log:
  - navigating to "https://inv.ondatamint.com/searcher/", waiting until "networkidle"

2026-03-27T08:22:02.019Z ERROR: page.goto: Timeout 60000ms exceeded.
Call log:
  - navigating to "https://inv.ondatamint.com/searcher/", waiting until "networkidle"

2026-03-27T08:24:02.234Z ERROR: page.goto: Timeout 60000ms exceeded.
Call log:
  - navigating to "https://inv.ondatamint.com/searcher/", waiting until "networkidle"

2026-03-27T08:26:01.531Z ERROR: page.goto: Timeout 60000ms exceeded.
Call log:
  - navigating to "https://inv.ondatamint.com/searcher/", waiting until "networkidle"

2026-03-27T08:28:01.855Z ERROR: page.goto: Timeout 60000ms exceeded.
Call log:
  - navigating to "https://inv.ondatamint.com/searcher/", waiting until "networkidle"

2026-03-27T08:30:02.150Z ERROR: page.goto: Timeout 60000ms exceeded.
Call log:
  - navigating to "https://inv.ondatamint.com/searcher/", waiting until "networkidle"

2026-03-27T08:32:01.468Z ERROR: page.goto: Timeout 60000ms exceeded.
Call log:
  - navigating to "https://inv.ondatamint.com/searcher/", waiting until "networkidle"

2026-03-27T08:34:01.769Z ERROR: page.goto: Timeout 60000ms exceeded.
Call log:
  - navigating to "https://inv.ondatamint.com/searcher/", waiting until "networkidle"

2026-03-27T08:36:02.082Z ERROR: page.goto: Timeout 60000ms exceeded.
Call log:
  - navigating to "https://inv.ondatamint.com/searcher/", waiting until "networkidle"

2026-03-27T08:38:01.396Z ERROR: page.goto: Timeout 60000ms exceeded.
Call log:
  - navigating to "https://inv.ondatamint.com/searcher/", waiting until "networkidle"

2026-03-27T08:40:01.698Z ERROR: page.goto: Timeout 60000ms exceeded.
Call log:
  - navigating to "https://inv.ondatamint.com/searcher/", waiting until "networkidle"

2026-03-27T08:42:02.019Z ERROR: page.goto: Timeout 60000ms exceeded.
Call log:
  - navigating to "https://inv.ondatamint.com/searcher/", waiting until "networkidle"

2026-03-27T08:44:01.333Z ERROR: page.goto: Timeout 60000ms exceeded.
Call log:
  - navigating to "https://inv.ondatamint.com/searcher/", waiting until "networkidle"

2026-03-27T08:46:01.630Z ERROR: page.goto: Timeout 60000ms exceeded.
Call log:
  - navigating to "https://inv.ondatamint.com/searcher/", waiting until "networkidle"

2026-03-27T08:48:02.062Z ERROR: page.goto: Timeout 60000ms exceeded.
Call log:
  - navigating to "https://inv.ondatamint.com/searcher/", waiting until "networkidle"

2026-03-27T08:50:01.370Z ERROR: page.goto: Timeout 60000ms exceeded.
Call log:
  - navigating to "https://inv.ondatamint.com/searcher/", waiting until "networkidle"

2026-03-27T08:52:01.679Z ERROR: page.goto: Timeout 60000ms exceeded.
Call log:
  - navigating to "https://inv.ondatamint.com/searcher/", waiting until "networkidle"

2026-03-27T08:54:01.997Z ERROR: page.goto: Timeout 60000ms exceeded.
Call log:
  - navigating to "https://inv.ondatamint.com/searcher/", waiting until "networkidle"

2026-03-27T08:56:01.286Z ERROR: page.goto: Timeout 60000ms exceeded.
Call log:
  - navigating to "https://inv.ondatamint.com/searcher/", waiting until "networkidle"

2026-03-27T08:58:01.613Z ERROR: page.goto: Timeout 60000ms exceeded.
Call log:
  - navigating to "https://inv.ondatamint.com/searcher/", waiting until "networkidle"

2026-03-27T09:00:01.926Z ERROR: page.goto: Timeout 60000ms exceeded.
Call log:
  - navigating to "https://inv.ondatamint.com/searcher/", waiting until "networkidle"

2026-03-27T09:02:02.242Z ERROR: page.goto: Timeout 60000ms exceeded.
Call log:
  - navigating to "https://inv.ondatamint.com/searcher/", waiting until "networkidle"

2026-03-27T09:04:01.536Z ERROR: page.goto: Timeout 60000ms exceeded.
Call log:
  - navigating to "https://inv.ondatamint.com/searcher/", waiting until "networkidle"

2026-03-27T09:06:01.836Z ERROR: page.goto: Timeout 60000ms exceeded.
Call log:
  - navigating to "https://inv.ondatamint.com/searcher/", waiting until "networkidle"

2026-03-27T09:08:02.152Z ERROR: page.goto: Timeout 60000ms exceeded.
Call log:
  - navigating to "https://inv.ondatamint.com/searcher/", waiting until "networkidle"

2026-03-27T09:10:01.464Z ERROR: page.goto: Timeout 60000ms exceeded.
Call log:
  - navigating to "https://inv.ondatamint.com/searcher/", waiting until "networkidle"

2026-03-27T09:12:01.778Z ERROR: page.goto: Timeout 60000ms exceeded.
Call log:
  - navigating to "https://inv.ondatamint.com/searcher/", waiting until "networkidle"

2026-03-27T09:14:02.084Z ERROR: page.goto: Timeout 60000ms exceeded.
Call log:
  - navigating to "https://inv.ondatamint.com/searcher/", waiting until "networkidle"

2026-03-27T09:16:01.387Z ERROR: page.goto: Timeout 60000ms exceeded.
Call log:
  - navigating to "https://inv.ondatamint.com/searcher/", waiting until "networkidle"

2026-03-27T09:18:01.822Z ERROR: page.goto: Timeout 60000ms exceeded.
Call log:
  - navigating to "https://inv.ondatamint.com/searcher/", waiting until "networkidle"

2026-03-27T09:20:02.134Z ERROR: page.goto: Timeout 60000ms exceeded.
Call log:
  - navigating to "https://inv.ondatamint.com/searcher/", waiting until "networkidle"

2026-03-27T09:22:01.446Z ERROR: page.goto: Timeout 60000ms exceeded.
Call log:
  - navigating to "https://inv.ondatamint.com/searcher/", waiting until "networkidle"

2026-03-27T09:24:01.741Z ERROR: page.goto: Timeout 60000ms exceeded.
Call log:
  - navigating to "https://inv.ondatamint.com/searcher/", waiting until "networkidle"

2026-03-27T09:26:02.036Z ERROR: page.goto: Timeout 60000ms exceeded.
Call log:
  - navigating to "https://inv.ondatamint.com/searcher/", waiting until "networkidle"

2026-03-27T09:28:01.353Z ERROR: page.goto: Timeout 60000ms exceeded.
Call log:
  - navigating to "https://inv.ondatamint.com/searcher/", waiting until "networkidle"

2026-03-27T09:30:01.659Z ERROR: page.goto: Timeout 60000ms exceeded.
Call log:
  - navigating to "https://inv.ondatamint.com/searcher/", waiting until "networkidle"

2026-03-27T09:32:01.982Z ERROR: page.goto: Timeout 60000ms exceeded.
Call log:
  - navigating to "https://inv.ondatamint.com/searcher/", waiting until "networkidle"

2026-03-27T09:34:01.379Z ERROR: page.goto: Timeout 60000ms exceeded.
Call log:
  - navigating to "https://inv.ondatamint.com/searcher/", waiting until "networkidle"

2026-03-27T09:36:01.606Z ERROR: page.goto: Timeout 60000ms exceeded.
Call log:
  - navigating to "https://inv.ondatamint.com/searcher/", waiting until "networkidle"

2026-03-27T09:38:01.996Z ERROR: page.goto: Timeout 60000ms exceeded.
Call log:
  - navigating to "https://inv.ondatamint.com/searcher/", waiting until "networkidle"

2026-03-27T09:40:01.893Z ERROR: page.goto: Timeout 60000ms exceeded.
Call log:
  - navigating to "https://inv.ondatamint.com/searcher/", waiting until "networkidle"

2026-03-27T09:42:02.216Z ERROR: page.goto: Timeout 60000ms exceeded.
Call log:
  - navigating to "https://inv.ondatamint.com/searcher/", waiting until "networkidle"

2026-03-27T09:44:01.637Z ERROR: page.goto: Timeout 60000ms exceeded.
Call log:
  - navigating to "https://inv.ondatamint.com/searcher/", waiting until "networkidle"

2026-03-27T09:46:02.005Z ERROR: page.goto: Timeout 60000ms exceeded.
Call log:
  - navigating to "https://inv.ondatamint.com/searcher/", waiting until "networkidle"

2026-03-27T09:48:12.231Z ERROR: page.click: Timeout 30000ms exceeded.
Call log:
  - waiting for locator('#refresh-button')

2026-03-27T09:49:29.464Z OK: top annDP=9.9% AP=+171.9% (xrp-all-time-high-by-june-30-2026), below 14%
2026-03-27T09:51:29.854Z OK: top annDP=9.9% AP=+171.8% (xrp-all-time-high-by-june-30-2026), below 14%
2026-03-27T09:53:29.821Z OK: top annDP=9.9% AP=+171.7% (xrp-all-time-high-by-june-30-2026), below 14%
2026-03-27T09:55:29.431Z OK: top annDP=10.2% AP=+171.7% (xrp-all-time-high-by-june-30-2026), below 14%
2026-03-27T09:57:29.288Z OK: top annDP=10.2% AP=+171.9% (xrp-all-time-high-by-june-30-2026), below 14%
2026-03-27T09:59:29.751Z OK: top annDP=10.14% AP=+171.9% (xrp-all-time-high-by-june-30-2026), below 14%
2026-03-27T10:01:29.416Z OK: top annDP=10.14% AP=+171.9% (xrp-all-time-high-by-june-30-2026), below 14%
2026-03-27T10:03:29.978Z OK: top annDP=10.14% AP=+171.7% (xrp-all-time-high-by-june-30-2026), below 14%
2026-03-27T10:05:29.269Z OK: top annDP=10.14% AP=+172.0% (xrp-all-time-high-by-june-30-2026), below 14%
2026-03-27T10:07:29.185Z OK: top annDP=10.14% AP=+171.9% (xrp-all-time-high-by-june-30-2026), below 14%
2026-03-27T10:09:29.524Z OK: top annDP=10.14% AP=+171.7% (xrp-all-time-high-by-june-30-2026), below 14%
2026-03-27T10:11:28.676Z OK: top annDP=10.14% AP=+171.9% (xrp-all-time-high-by-june-30-2026), below 14%
2026-03-27T10:13:29.802Z OK: top annDP=10.14% AP=+171.9% (xrp-all-time-high-by-june-30-2026), below 14%
2026-03-27T10:15:29.229Z OK: top annDP=10.14% AP=+171.9% (xrp-all-time-high-by-june-30-2026), below 14%
2026-03-27T10:17:29.897Z OK: top annDP=10.14% AP=+171.9% (xrp-all-time-high-by-june-30-2026), below 14%
2026-03-27T10:19:28.820Z OK: top annDP=10.14% AP=+171.7% (xrp-all-time-high-by-june-30-2026), below 14%
2026-03-27T10:21:29.352Z OK: top annDP=10.14% AP=+171.9% (xrp-all-time-high-by-june-30-2026), below 14%
2026-03-27T10:23:28.866Z OK: top annDP=10.14% AP=+171.8% (xrp-all-time-high-by-june-30-2026), below 14%
2026-03-27T10:25:29.759Z OK: top annDP=10.14% AP=+171.9% (xrp-all-time-high-by-june-30-2026), below 14%
2026-03-27T10:27:29.068Z OK: top annDP=10.14% AP=+171.8% (xrp-all-time-high-by-june-30-2026), below 14%
2026-03-27T10:29:29.367Z OK: top annDP=10.14% AP=+171.7% (xrp-all-time-high-by-june-30-2026), below 14%
2026-03-27T10:31:29.160Z OK: top annDP=10.14% AP=+171.8% (xrp-all-time-high-by-june-30-2026), below 14%
2026-03-27T10:33:28.551Z OK: top annDP=10.14% AP=+171.9% (xrp-all-time-high-by-june-30-2026), below 14%
2026-03-27T10:35:29.598Z OK: top annDP=10.14% AP=+171.9% (xrp-all-time-high-by-june-30-2026), below 14%
2026-03-27T10:37:29.296Z OK: top annDP=10.15% AP=+171.9% (xrp-all-time-high-by-june-30-2026), below 14%
2026-03-27T10:39:28.923Z OK: top annDP=8.07% AP=+252.8% (solana-all-time-high-by-june-30-2026), below 14%
2026-03-27T10:41:29.953Z OK: top annDP=10.15% AP=+175.2% (xrp-all-time-high-by-june-30-2026), below 14%
2026-03-27T10:43:29.699Z OK: top annDP=10.15% AP=+174.5% (xrp-all-time-high-by-june-30-2026), below 14%
2026-03-27T10:45:29.541Z OK: top annDP=10.15% AP=+173.7% (xrp-all-time-high-by-june-30-2026), below 14%
2026-03-27T10:47:29.731Z OK: top annDP=10.15% AP=+174.0% (xrp-all-time-high-by-june-30-2026), below 14%
2026-03-27T10:49:29.230Z OK: top annDP=10.15% AP=+173.8% (xrp-all-time-high-by-june-30-2026), below 14%
2026-03-27T10:51:29.778Z OK: top annDP=10.15% AP=+173.7% (xrp-all-time-high-by-june-30-2026), below 14%
2026-03-27T10:53:29.676Z OK: top annDP=10.15% AP=+173.5% (xrp-all-time-high-by-june-30-2026), below 14%
2026-03-27T10:55:30.055Z OK: top annDP=10.15% AP=+173.8% (xrp-all-time-high-by-june-30-2026), below 14%
2026-03-27T10:57:29.229Z OK: top annDP=10.15% AP=+174.9% (xrp-all-time-high-by-june-30-2026), below 14%
2026-03-27T10:59:29.625Z OK: top annDP=10.15% AP=+174.7% (xrp-all-time-high-by-june-30-2026), below 14%
2026-03-27T11:01:30.174Z OK: top annDP=10.15% AP=+174.6% (xrp-all-time-high-by-june-30-2026), below 14%
2026-03-27T11:03:29.802Z OK: top annDP=10.15% AP=+174.5% (xrp-all-time-high-by-june-30-2026), below 14%
2026-03-27T11:05:29.297Z OK: top annDP=10.15% AP=+174.5% (xrp-all-time-high-by-june-30-2026), below 14%
2026-03-27T11:07:29.651Z OK: top annDP=10.15% AP=+174.4% (xrp-all-time-high-by-june-30-2026), below 14%
2026-03-27T11:09:29.421Z OK: top annDP=10.15% AP=+174.2% (xrp-all-time-high-by-june-30-2026), below 14%
2026-03-27T11:11:28.965Z OK: top annDP=10.15% AP=+174.3% (xrp-all-time-high-by-june-30-2026), below 14%
2026-03-27T11:13:29.862Z OK: top annDP=10.15% AP=+174.2% (xrp-all-time-high-by-june-30-2026), below 14%
2026-03-27T11:15:29.048Z OK: top annDP=10.15% AP=+174.0% (xrp-all-time-high-by-june-30-2026), below 14%
2026-03-27T11:17:28.167Z OK: top annDP=10.15% AP=+173.7% (xrp-all-time-high-by-june-30-2026), below 14%
2026-03-27T11:19:30.164Z OK: top annDP=10.15% AP=+173.9% (xrp-all-time-high-by-june-30-2026), below 14%
2026-03-27T11:21:29.790Z OK: top annDP=10.15% AP=+173.9% (xrp-all-time-high-by-june-30-2026), below 14%
2026-03-27T11:23:29.020Z OK: top annDP=10.15% AP=+174.0% (xrp-all-time-high-by-june-30-2026), below 14%
2026-03-27T11:25:29.942Z OK: top annDP=10.15% AP=+174.3% (xrp-all-time-high-by-june-30-2026), below 14%
2026-03-27T11:27:29.693Z OK: top annDP=10.15% AP=+174.1% (xrp-all-time-high-by-june-30-2026), below 14%
2026-03-27T11:29:29.718Z OK: top annDP=9.85% AP=+174.0% (xrp-all-time-high-by-june-30-2026), below 14%
2026-03-27T11:31:29.716Z OK: top annDP=9.85% AP=+173.6% (xrp-all-time-high-by-june-30-2026), below 14%
2026-03-27T11:33:30.291Z OK: top annDP=9.85% AP=+173.6% (xrp-all-time-high-by-june-30-2026), below 14%
2026-03-27T11:35:29.305Z OK: top annDP=9.85% AP=+173.6% (xrp-all-time-high-by-june-30-2026), below 14%
2026-03-27T11:37:29.236Z OK: top annDP=9.85% AP=+174.0% (xrp-all-time-high-by-june-30-2026), below 14%
2026-03-27T11:39:29.731Z OK: top annDP=9.85% AP=+174.0% (xrp-all-time-high-by-june-30-2026), below 14%
2026-03-27T11:41:29.191Z OK: top annDP=9.85% AP=+174.2% (xrp-all-time-high-by-june-30-2026), below 14%
2026-03-27T11:43:31.436Z OK: top annDP=10.15% AP=+174.3% (xrp-all-time-high-by-june-30-2026), below 14%
2026-03-27T11:45:29.533Z OK: top annDP=10.15% AP=+174.3% (xrp-all-time-high-by-june-30-2026), below 14%
2026-03-27T11:47:28.846Z OK: top annDP=9.85% AP=+174.0% (xrp-all-time-high-by-june-30-2026), below 14%
2026-03-27T11:49:29.837Z OK: top annDP=9.85% AP=+173.8% (xrp-all-time-high-by-june-30-2026), below 14%
2026-03-27T11:51:28.619Z OK: top annDP=9.85% AP=+174.0% (xrp-all-time-high-by-june-30-2026), below 14%
2026-03-27T11:53:30.231Z OK: top annDP=10.15% AP=+174.3% (xrp-all-time-high-by-june-30-2026), below 14%
2026-03-27T11:55:28.292Z OK: top annDP=10.15% AP=+174.2% (xrp-all-time-high-by-june-30-2026), below 14%
2026-03-27T11:57:29.521Z OK: top annDP=10.15% AP=+174.1% (xrp-all-time-high-by-june-30-2026), below 14%
2026-03-27T11:59:28.765Z OK: top annDP=10.15% AP=+174.1% (xrp-all-time-high-by-june-30-2026), below 14%
2026-03-27T12:01:29.754Z OK: top annDP=10.15% AP=+174.2% (xrp-all-time-high-by-june-30-2026), below 14%
2026-03-27T12:03:29.267Z OK: top annDP=10.15% AP=+174.5% (xrp-all-time-high-by-june-30-2026), below 14%
2026-03-27T12:05:29.483Z OK: top annDP=10.15% AP=+174.5% (xrp-all-time-high-by-june-30-2026), below 14%
2026-03-27T12:07:28.896Z OK: top annDP=10.15% AP=+174.6% (xrp-all-time-high-by-june-30-2026), below 14%
2026-03-27T12:09:29.923Z OK: top annDP=10.15% AP=+174.5% (xrp-all-time-high-by-june-30-2026), below 14%
2026-03-27T12:11:29.702Z OK: top annDP=10.15% AP=+174.9% (xrp-all-time-high-by-june-30-2026), below 14%
2026-03-27T12:13:28.949Z OK: top annDP=10.15% AP=+174.4% (xrp-all-time-high-by-june-30-2026), below 14%
2026-03-27T12:15:30.477Z OK: top annDP=10.15% AP=+174.8% (xrp-all-time-high-by-june-30-2026), below 14%
2026-03-27T12:17:29.852Z OK: top annDP=10.16% AP=+174.7% (xrp-all-time-high-by-june-30-2026), below 14%
2026-03-27T12:19:30.002Z OK: top annDP=10.16% AP=+175.1% (xrp-all-time-high-by-june-30-2026), below 14%
2026-03-27T12:21:29.963Z OK: top annDP=10.16% AP=+175.2% (xrp-all-time-high-by-june-30-2026), below 14%
2026-03-27T12:23:29.860Z OK: top annDP=9.85% AP=+175.1% (xrp-all-time-high-by-june-30-2026), below 14%
2026-03-27T12:25:29.674Z OK: top annDP=9.85% AP=+175.1% (xrp-all-time-high-by-june-30-2026), below 14%
2026-03-27T12:27:30.262Z OK: top annDP=9.85% AP=+175.2% (xrp-all-time-high-by-june-30-2026), below 14%
2026-03-27T12:29:29.174Z OK: top annDP=9.85% AP=+175.2% (xrp-all-time-high-by-june-30-2026), below 14%
2026-03-27T12:31:30.011Z OK: top annDP=10.16% AP=+175.2% (xrp-all-time-high-by-june-30-2026), below 14%
2026-03-27T12:33:30.335Z OK: top annDP=10.16% AP=+175.1% (xrp-all-time-high-by-june-30-2026), below 14%
2026-03-27T12:35:29.591Z OK: top annDP=10.16% AP=+175.4% (xrp-all-time-high-by-june-30-2026), below 14%
2026-03-27T12:37:29.991Z OK: top annDP=10.16% AP=+175.4% (xrp-all-time-high-by-june-30-2026), below 14%
2026-03-27T12:39:30.200Z OK: top annDP=10.16% AP=+175.2% (xrp-all-time-high-by-june-30-2026), below 14%
2026-03-27T12:41:29.527Z OK: top annDP=10.16% AP=+175.2% (xrp-all-time-high-by-june-30-2026), below 14%
2026-03-27T12:43:29.642Z OK: top annDP=10.16% AP=+175.5% (xrp-all-time-high-by-june-30-2026), below 14%
2026-03-27T12:45:28.997Z OK: top annDP=10.16% AP=+175.4% (xrp-all-time-high-by-june-30-2026), below 14%
2026-03-27T12:47:29.415Z OK: top annDP=10.16% AP=+175.2% (xrp-all-time-high-by-june-30-2026), below 14%
2026-03-27T12:49:29.849Z OK: top annDP=10.16% AP=+175.2% (xrp-all-time-high-by-june-30-2026), below 14%
2026-03-27T12:51:29.422Z OK: top annDP=10.16% AP=+175.8% (xrp-all-time-high-by-june-30-2026), below 14%
2026-03-27T12:53:29.983Z OK: top annDP=10.16% AP=+175.8% (xrp-all-time-high-by-june-30-2026), below 14%
2026-03-27T12:55:30.115Z OK: top annDP=10.22% AP=+175.8% (xrp-all-time-high-by-june-30-2026), below 14%
2026-03-27T12:57:29.803Z OK: top annDP=10.22% AP=+175.4% (xrp-all-time-high-by-june-30-2026), below 14%
2026-03-27T12:59:29.971Z OK: top annDP=10.22% AP=+175.2% (xrp-all-time-high-by-june-30-2026), below 14%
2026-03-27T13:01:29.250Z OK: top annDP=10.22% AP=+174.6% (xrp-all-time-high-by-june-30-2026), below 14%
2026-03-27T13:03:29.761Z OK: top annDP=10.22% AP=+174.4% (xrp-all-time-high-by-june-30-2026), below 14%
2026-03-27T13:05:29.655Z OK: top annDP=10.22% AP=+174.6% (xrp-all-time-high-by-june-30-2026), below 14%
2026-03-27T13:07:29.384Z OK: top annDP=10.22% AP=+174.5% (xrp-all-time-high-by-june-30-2026), below 14%
2026-03-27T13:09:29.564Z OK: top annDP=10.22% AP=+174.6% (xrp-all-time-high-by-june-30-2026), below 14%
2026-03-27T13:11:29.946Z OK: top annDP=10.22% AP=+174.5% (xrp-all-time-high-by-june-30-2026), below 14%
2026-03-27T13:13:29.556Z OK: top annDP=10.16% AP=+174.6% (xrp-all-time-high-by-june-30-2026), below 14%
2026-03-27T13:15:30.382Z OK: top annDP=10.16% AP=+174.3% (xrp-all-time-high-by-june-30-2026), below 14%
2026-03-27T13:17:29.146Z OK: top annDP=10.16% AP=+174.3% (xrp-all-time-high-by-june-30-2026), below 14%
2026-03-27T13:19:29.458Z OK: top annDP=10.16% AP=+174.1% (xrp-all-time-high-by-june-30-2026), below 14%
2026-03-27T13:21:29.438Z OK: top annDP=10.16% AP=+173.9% (xrp-all-time-high-by-june-30-2026), below 14%
2026-03-27T13:23:29.032Z OK: top annDP=10.16% AP=+173.1% (xrp-all-time-high-by-june-30-2026), below 14%
2026-03-27T13:25:29.812Z OK: top annDP=10.16% AP=+173.5% (xrp-all-time-high-by-june-30-2026), below 14%
2026-03-27T13:27:29.486Z OK: top annDP=10.16% AP=+173.3% (xrp-all-time-high-by-june-30-2026), below 14%
2026-03-27T13:29:29.285Z OK: top annDP=10.16% AP=+173.2% (xrp-all-time-high-by-june-30-2026), below 14%
2026-03-27T13:31:29.055Z OK: top annDP=10.16% AP=+173.5% (xrp-all-time-high-by-june-30-2026), below 14%
2026-03-27T13:33:30.174Z OK: top annDP=10.16% AP=+174.5% (xrp-all-time-high-by-june-30-2026), below 14%
2026-03-27T13:35:29.100Z OK: top annDP=10.16% AP=+174.7% (xrp-all-time-high-by-june-30-2026), below 14%
2026-03-27T13:37:29.598Z OK: top annDP=10.16% AP=+175.0% (xrp-all-time-high-by-june-30-2026), below 14%
2026-03-27T13:39:29.837Z OK: top annDP=10.16% AP=+174.3% (xrp-all-time-high-by-june-30-2026), below 14%
2026-03-27T13:41:29.405Z OK: top annDP=10.16% AP=+173.5% (xrp-all-time-high-by-june-30-2026), below 14%
2026-03-27T13:43:30.232Z OK: top annDP=10.16% AP=+173.3% (xrp-all-time-high-by-june-30-2026), below 14%
2026-03-27T13:45:29.639Z OK: top annDP=10.16% AP=+172.8% (xrp-all-time-high-by-june-30-2026), below 14%
2026-03-27T13:47:30.575Z OK: top annDP=10.16% AP=+173.1% (xrp-all-time-high-by-june-30-2026), below 14%
2026-03-27T13:49:29.983Z OK: top annDP=10.16% AP=+173.1% (xrp-all-time-high-by-june-30-2026), below 14%
2026-03-27T13:51:29.379Z OK: top annDP=10.16% AP=+173.4% (xrp-all-time-high-by-june-30-2026), below 14%
2026-03-27T13:53:29.490Z OK: top annDP=10.16% AP=+173.4% (xrp-all-time-high-by-june-30-2026), below 14%
2026-03-27T13:55:29.388Z OK: top annDP=10.16% AP=+173.8% (xrp-all-time-high-by-june-30-2026), below 14%
2026-03-27T13:57:30.531Z OK: top annDP=10.16% AP=+174.2% (xrp-all-time-high-by-june-30-2026), below 14%
2026-03-27T13:59:29.637Z OK: top annDP=10.16% AP=+174.4% (xrp-all-time-high-by-june-30-2026), below 14%
2026-03-27T14:01:29.355Z OK: top annDP=10.16% AP=+173.3% (xrp-all-time-high-by-june-30-2026), below 14%
2026-03-27T14:03:28.953Z OK: top annDP=10.16% AP=+173.0% (xrp-all-time-high-by-june-30-2026), below 14%
2026-03-27T14:05:28.680Z OK: top annDP=10.16% AP=+172.8% (xrp-all-time-high-by-june-30-2026), below 14%
2026-03-27T14:07:28.503Z OK: top annDP=10.16% AP=+172.9% (xrp-all-time-high-by-june-30-2026), below 14%
2026-03-27T14:09:28.987Z OK: top annDP=10.16% AP=+172.9% (xrp-all-time-high-by-june-30-2026), below 14%
2026-03-27T14:11:28.999Z OK: top annDP=10.16% AP=+172.8% (xrp-all-time-high-by-june-30-2026), below 14%
2026-03-27T14:13:29.827Z OK: top annDP=10.16% AP=+172.8% (xrp-all-time-high-by-june-30-2026), below 14%
2026-03-27T14:15:29.805Z OK: top annDP=10.16% AP=+173.0% (xrp-all-time-high-by-june-30-2026), below 14%
2026-03-27T14:17:29.203Z OK: top annDP=10.16% AP=+173.0% (xrp-all-time-high-by-june-30-2026), below 14%
2026-03-27T14:19:29.581Z OK: top annDP=10.16% AP=+173.2% (xrp-all-time-high-by-june-30-2026), below 14%
2026-03-27T14:21:29.890Z OK: top annDP=10.16% AP=+173.5% (xrp-all-time-high-by-june-30-2026), below 14%
2026-03-27T14:23:29.188Z OK: top annDP=10.16% AP=+174.3% (xrp-all-time-high-by-june-30-2026), below 14%
2026-03-27T14:25:30.112Z OK: top annDP=10.16% AP=+173.9% (xrp-all-time-high-by-june-30-2026), below 14%
2026-03-27T14:27:30.074Z OK: top annDP=10.16% AP=+174.5% (xrp-all-time-high-by-june-30-2026), below 14%
2026-03-27T14:29:30.285Z OK: top annDP=10.16% AP=+174.7% (xrp-all-time-high-by-june-30-2026), below 14%
2026-03-27T14:31:29.898Z OK: top annDP=10.17% AP=+174.9% (xrp-all-time-high-by-june-30-2026), below 14%
2026-03-27T14:33:29.313Z OK: top annDP=10.17% AP=+175.3% (xrp-all-time-high-by-june-30-2026), below 14%
2026-03-27T14:35:29.106Z OK: top annDP=10.17% AP=+175.2% (xrp-all-time-high-by-june-30-2026), below 14%
2026-03-27T14:37:29.901Z OK: top annDP=10.17% AP=+175.2% (xrp-all-time-high-by-june-30-2026), below 14%
2026-03-27T14:39:28.830Z OK: top annDP=10.17% AP=+175.4% (xrp-all-time-high-by-june-30-2026), below 14%
2026-03-27T14:41:29.059Z OK: top annDP=10.17% AP=+175.1% (xrp-all-time-high-by-june-30-2026), below 14%
2026-03-27T14:43:28.852Z OK: top annDP=10.17% AP=+175.2% (xrp-all-time-high-by-june-30-2026), below 14%
2026-03-27T14:45:29.619Z OK: top annDP=10.17% AP=+175.0% (xrp-all-time-high-by-june-30-2026), below 14%
2026-03-27T14:47:28.943Z OK: top annDP=10.17% AP=+175.4% (xrp-all-time-high-by-june-30-2026), below 14%
2026-03-27T14:49:28.996Z OK: top annDP=10.17% AP=+175.4% (xrp-all-time-high-by-june-30-2026), below 14%
2026-03-27T14:51:30.048Z OK: top annDP=10.17% AP=+174.8% (xrp-all-time-high-by-june-30-2026), below 14%
2026-03-27T14:53:31.113Z OK: top annDP=10.17% AP=+174.7% (xrp-all-time-high-by-june-30-2026), below 14%
2026-03-27T14:55:29.556Z OK: top annDP=10.17% AP=+174.7% (xrp-all-time-high-by-june-30-2026), below 14%
2026-03-27T14:57:28.854Z OK: top annDP=10.17% AP=+175.1% (xrp-all-time-high-by-june-30-2026), below 14%
2026-03-27T14:59:28.433Z OK: top annDP=10.17% AP=+174.9% (xrp-all-time-high-by-june-30-2026), below 14%
2026-03-27T15:01:30.046Z OK: top annDP=10.17% AP=+174.8% (xrp-all-time-high-by-june-30-2026), below 14%
2026-03-27T15:03:30.074Z OK: top annDP=10.17% AP=+174.7% (xrp-all-time-high-by-june-30-2026), below 14%
2026-03-27T15:05:29.936Z OK: top annDP=10.17% AP=+174.7% (xrp-all-time-high-by-june-30-2026), below 14%
2026-03-27T15:07:29.011Z OK: top annDP=7.2% AP=+174.6% (xrp-all-time-high-by-june-30-2026), below 14%
2026-03-27T15:09:28.644Z OK: top annDP=7.2% AP=+174.3% (xrp-all-time-high-by-june-30-2026), below 14%
2026-03-27T15:11:29.239Z OK: top annDP=7.2% AP=+174.0% (xrp-all-time-high-by-june-30-2026), below 14%
2026-03-27T15:13:38.177Z OK: top annDP=7.2% AP=+173.8% (xrp-all-time-high-by-june-30-2026), below 14%
2026-03-27T15:15:32.244Z OK: top annDP=7.2% AP=+173.6% (xrp-all-time-high-by-june-30-2026), below 14%
2026-03-27T15:17:29.706Z OK: top annDP=7.2% AP=+173.3% (xrp-all-time-high-by-june-30-2026), below 14%
2026-03-27T15:19:28.419Z OK: top annDP=8.05% AP=+126.3% (will-bitcoin-hit-150k-by-june-30-2026), below 14%
2026-03-27T15:21:29.731Z OK: top annDP=7.2% AP=+173.2% (xrp-all-time-high-by-june-30-2026), below 14%
2026-03-27T15:23:29.308Z OK: top annDP=7.88% AP=+256.2% (solana-all-time-high-by-june-30-2026), below 14%
2026-03-27T15:25:29.269Z OK: top annDP=7.87% AP=+256.5% (solana-all-time-high-by-june-30-2026), below 14%
2026-03-27T15:27:29.765Z OK: top annDP=7.8% AP=+255.4% (solana-all-time-high-by-june-30-2026), below 14%
2026-03-27T15:29:29.821Z OK: top annDP=7.8% AP=+254.6% (solana-all-time-high-by-june-30-2026), below 14%
2026-03-27T15:31:29.556Z OK: top annDP=7.68% AP=+254.3% (solana-all-time-high-by-june-30-2026), below 14%
2026-03-27T15:33:29.884Z OK: top annDP=7.68% AP=+253.4% (solana-all-time-high-by-june-30-2026), below 14%
2026-03-27T15:35:29.115Z OK: top annDP=7.6% AP=+253.1% (solana-all-time-high-by-june-30-2026), below 14%
2026-03-27T15:37:29.075Z OK: top annDP=7.69% AP=+253.0% (solana-all-time-high-by-june-30-2026), below 14%
2026-03-27T15:39:29.405Z OK: top annDP=7.69% AP=+252.3% (solana-all-time-high-by-june-30-2026), below 14%
2026-03-27T15:41:28.968Z OK: top annDP=7.69% AP=+253.2% (solana-all-time-high-by-june-30-2026), below 14%
2026-03-27T15:43:45.626Z OK: top annDP=7.69% AP=+253.9% (solana-all-time-high-by-june-30-2026), below 14%
2026-03-27T15:45:29.918Z OK: top annDP=7.69% AP=+253.7% (solana-all-time-high-by-june-30-2026), below 14%
2026-03-27T15:47:29.117Z OK: top annDP=7.69% AP=+253.1% (solana-all-time-high-by-june-30-2026), below 14%
2026-03-27T15:49:28.546Z OK: top annDP=7.69% AP=+253.1% (solana-all-time-high-by-june-30-2026), below 14%
2026-03-27T15:51:28.609Z OK: top annDP=7.69% AP=+253.3% (solana-all-time-high-by-june-30-2026), below 14%
2026-03-27T15:53:28.504Z OK: top annDP=7.69% AP=+253.4% (solana-all-time-high-by-june-30-2026), below 14%
2026-03-27T15:55:29.798Z OK: top annDP=8.87% AP=+126.5% (will-bitcoin-hit-150k-by-june-30-2026), below 14%
2026-03-27T15:57:29.441Z OK: top annDP=9.68% AP=+126.7% (will-bitcoin-hit-150k-by-june-30-2026), below 14%
2026-03-27T15:59:34.989Z OK: top annDP=9.55% AP=+126.8% (will-bitcoin-hit-150k-by-june-30-2026), below 14%
2026-03-27T16:01:48.064Z OK: top annDP=9.55% AP=+126.9% (will-bitcoin-hit-150k-by-june-30-2026), below 14%
2026-03-27T16:03:37.078Z OK: top annDP=7.69% AP=+255.2% (solana-all-time-high-by-june-30-2026), below 14%
2026-03-27T16:05:39.626Z OK: top annDP=7.69% AP=+255.9% (solana-all-time-high-by-june-30-2026), below 14%
2026-03-27T16:07:29.151Z OK: top annDP=7.69% AP=+257.0% (solana-all-time-high-by-june-30-2026), below 14%
2026-03-27T16:09:29.384Z OK: top annDP=7.69% AP=+256.6% (solana-all-time-high-by-june-30-2026), below 14%
2026-03-27T16:11:29.193Z OK: top annDP=7.69% AP=+256.6% (solana-all-time-high-by-june-30-2026), below 14%
2026-03-27T16:13:29.440Z OK: top annDP=7.69% AP=+256.3% (solana-all-time-high-by-june-30-2026), below 14%
2026-03-27T16:15:29.836Z OK: top annDP=7.69% AP=+256.6% (solana-all-time-high-by-june-30-2026), below 14%
2026-03-27T16:17:30.230Z OK: top annDP=7.69% AP=+256.8% (solana-all-time-high-by-june-30-2026), below 14%
2026-03-27T16:19:29.544Z OK: top annDP=7.69% AP=+256.8% (solana-all-time-high-by-june-30-2026), below 14%
2026-03-27T16:21:28.736Z OK: top annDP=7.69% AP=+256.9% (solana-all-time-high-by-june-30-2026), below 14%
2026-03-27T16:23:29.149Z OK: top annDP=7.69% AP=+256.6% (solana-all-time-high-by-june-30-2026), below 14%
2026-03-27T16:25:28.594Z OK: top annDP=7.69% AP=+257.5% (solana-all-time-high-by-june-30-2026), below 14%
2026-03-27T16:27:29.190Z OK: top annDP=7.69% AP=+257.2% (solana-all-time-high-by-june-30-2026), below 14%
2026-03-27T16:29:30.249Z OK: top annDP=7.69% AP=+257.1% (solana-all-time-high-by-june-30-2026), below 14%
2026-03-27T16:31:29.045Z OK: top annDP=7.69% AP=+256.9% (solana-all-time-high-by-june-30-2026), below 14%
2026-03-27T16:33:29.622Z OK: top annDP=7.69% AP=+256.9% (solana-all-time-high-by-june-30-2026), below 14%
2026-03-27T16:35:29.429Z OK: top annDP=7.69% AP=+256.9% (solana-all-time-high-by-june-30-2026), below 14%
2026-03-27T16:37:28.883Z OK: top annDP=7.69% AP=+257.1% (solana-all-time-high-by-june-30-2026), below 14%
2026-03-27T16:39:29.127Z OK: top annDP=7.69% AP=+257.6% (solana-all-time-high-by-june-30-2026), below 14%
2026-03-27T16:41:29.603Z OK: top annDP=7.62% AP=+257.7% (solana-all-time-high-by-june-30-2026), below 14%
2026-03-27T16:43:28.552Z OK: top annDP=7.62% AP=+256.9% (solana-all-time-high-by-june-30-2026), below 14%
2026-03-27T16:45:30.048Z OK: top annDP=7.62% AP=+256.1% (solana-all-time-high-by-june-30-2026), below 14%
2026-03-27T16:47:29.437Z OK: top annDP=7.62% AP=+255.7% (solana-all-time-high-by-june-30-2026), below 14%
2026-03-27T16:49:28.870Z OK: top annDP=7.62% AP=+255.7% (solana-all-time-high-by-june-30-2026), below 14%
2026-03-27T16:51:29.280Z OK: top annDP=7.62% AP=+256.5% (solana-all-time-high-by-june-30-2026), below 14%
2026-03-27T16:53:29.587Z OK: top annDP=7.62% AP=+256.8% (solana-all-time-high-by-june-30-2026), below 14%
2026-03-27T16:55:29.847Z OK: top annDP=7.62% AP=+256.2% (solana-all-time-high-by-june-30-2026), below 14%
2026-03-27T16:57:29.066Z OK: top annDP=7.62% AP=+256.2% (solana-all-time-high-by-june-30-2026), below 14%
2026-03-27T16:59:29.727Z OK: top annDP=7.62% AP=+256.3% (solana-all-time-high-by-june-30-2026), below 14%
2026-03-27T17:01:29.485Z OK: top annDP=7.7% AP=+256.2% (solana-all-time-high-by-june-30-2026), below 14%
2026-03-27T17:03:29.306Z OK: top annDP=7.7% AP=+256.3% (solana-all-time-high-by-june-30-2026), below 14%
2026-03-27T17:05:29.514Z OK: top annDP=7.7% AP=+256.5% (solana-all-time-high-by-june-30-2026), below 14%
2026-03-27T17:07:29.178Z OK: top annDP=7.7% AP=+254.7% (solana-all-time-high-by-june-30-2026), below 14%
2026-03-27T17:09:29.126Z OK: top annDP=7.7% AP=+254.7% (solana-all-time-high-by-june-30-2026), below 14%
2026-03-27T17:11:30.081Z OK: top annDP=7.7% AP=+255.5% (solana-all-time-high-by-june-30-2026), below 14%
2026-03-27T17:13:29.098Z OK: top annDP=7.7% AP=+255.3% (solana-all-time-high-by-june-30-2026), below 14%
2026-03-27T17:15:29.192Z OK: top annDP=7.7% AP=+255.3% (solana-all-time-high-by-june-30-2026), below 14%
2026-03-27T17:17:29.654Z OK: top annDP=7.7% AP=+255.6% (solana-all-time-high-by-june-30-2026), below 14%
2026-03-27T17:19:29.542Z OK: top annDP=7.7% AP=+255.7% (solana-all-time-high-by-june-30-2026), below 14%
2026-03-27T17:21:30.301Z OK: top annDP=7.7% AP=+256.3% (solana-all-time-high-by-june-30-2026), below 14%
2026-03-27T17:23:28.456Z OK: top annDP=7.7% AP=+257.0% (solana-all-time-high-by-june-30-2026), below 14%
2026-03-27T17:25:30.167Z OK: top annDP=7.7% AP=+256.9% (solana-all-time-high-by-june-30-2026), below 14%
2026-03-27T17:27:29.460Z OK: top annDP=7.7% AP=+257.3% (solana-all-time-high-by-june-30-2026), below 14%
2026-03-27T17:29:28.191Z OK: top annDP=7.7% AP=+257.3% (solana-all-time-high-by-june-30-2026), below 14%
2026-03-27T17:31:29.720Z OK: top annDP=7.7% AP=+257.3% (solana-all-time-high-by-june-30-2026), below 14%
